BV Reference,Forename,Surname,Date of Death,Place of Death
ESTA25#4236/1,Nigel,Abbott,28/12/2022,Birkenhead  Merseyside
BV2032631/1,Myrtle,Abdool,13/09/2001,Forest Gate  London E7
BV2011171/1,Mary,Abdullah,26/08/2000,Finchley  London N12
BV22207508/1,Mohammed,Abdul-Rahman,20/04/2022,Camden  London NW3
BV22506506/1,Felicien,Abisa,19/09/2023,Clacton-on-Sea  Essex
BV22104567/1,Linda,Ablack,15/01/2021,Watford  Hertfordshire
BV984930/1,Arbel Aai'Lotta'Qua,Abouarh,05/02/1998,Chiswick  London W4
BV21719956/1,Emmanuel John,Abraham,08/03/2017,Hayes  Middlesex
BV21306951/1,Samuel,Abraham,21/04/2012,Paddington  London W2
BV21009479/1,Mercedes,Acosta,04/12/2003,Hampstead  London NW3
BV21511643/1,Daphne Kathleen,Adams,12/06/2015,Bungay Suffolk
ESTA26#4064/1,David James,Adams,20/10/2025,Kendal  Cumbria
BV2022729/1,Elsie Winifred,Adams,24/02/2002,Finchley  London N12
ESTA26#20134/1,Harold,Adams,14/04/2012,Isleworth  Middlesex
BV22006592/1,Helen,Adams,24/10/2006,Leytonstone  London E11
BV982594/1,Ivy,Adams,08/03/1998,Muswell Hill  London N10
BV21908218/1,Juliet Mary,Adams,15/02/2013,Stonehouse  Gloucestershire  GL10
BV2082513/1,Phillip Charles,Adams,31/08/2007,Yelverton  Devon
BV21210734/1,Robert,Adams,11/06/2012,Stevenage  Hertfordshire
ESTA26#5739/1,Ronald Christopher,Adams,03/04/2025,London SE13
ESTA26#17259/1,Regina Monica,Additer,17/06/2019,Camberwell  London SE5
BV21615318/1,Florence,Addo,26/05/2016,Leytonstone  London E11
BV21003032/1,Adenike,Adebiyi,05/10/2004,Hackney  London N1
BV21711076/1,Akanni Jeremiah,Adejumo,31/03/2017,Muswell Hill  London N10
BV22207473/1,Solomon,Adekanmibi,31/01/2021,Colchester  Essex
BV21808132/1,Ganiyu Akambi,Aderinto,20/07/2016,Archway  London N19
BV21401101/1,Richard,Adesanya,18/11/2011,Hackney  London  E9
BV22107842/1,Jeff,Adhekeh,12/03/2021,South Kensington  London SW7
BV22209177/1,Mohammad Reza,Adibnia,23/10/2019,Westminster  London W2
BV2021271/1,Dorothy Rita,Adie,10/02/2000,Chichester  West Sussex
BV21304418/1,Isaac Ademola,Adio,17/08/2012,Harrow  Middlesex
BV2002018/1,Frederick John,Adrian,10/01/2000,Ashford  Middlesex
BV21921373/1,Sasan,Afshari,08/05/2018,Chelsea  London SW10
BV21412607/1,Elizabeth,Agnew,15/04/2013,Ashford  Kent
BV2065694/1,Paula Mary,Agostinho,03/05/2006,Willesden  London  NW10
BV2030994/1,Mary,Ahern,18/10/2002,Hampstead  London   NW3
BV2031646/1,Thomas,Ahern,11/02/2003,Coventry  West Midlands
BV22212863/1,Jaffar Bin,Ahmad,04/04/2018,East Ham  London E6
BV21300119/1,Rashid,Ahmad,15/09/2012,Lewisham  London SE13
BV2087139/1,Iqbal,Ahmed,10/10/2007,Camden  London NW1
BV21205427/1,Mahmood,Ahmed,09/04/2012,Hammersmith  London
BV22317837/1,Riaz,Ahmed,18/07/2016,Leicester  Leicestershire
BV21705002/1,Surinder,Ahuja,12/02/2016,Pinner  Middlesex
BV22104106/1,Edrick Gordon Lydon,Aiken,29/08/2019,Bournemouth  Dorset
BV2014004/1,Doreen,Ainsley,22/05/2001,St Leonards on Sea  East Sussex
BV21515748/1,Dennis,Ainsworth,05/05/2015,Stoke on Trent  Staffordshire
BV2097929/1,Julius,Ajidahuan,11/06/2009,Ilford  Essex
BV22212067/1,Stella Kofoworalia,Ajike,16/12/2021,Birmingham  West Midlands
BV2064136/1,Lasisi,Akinrinoye,19/04/2006,Holborn  London WC1
BV2054521/1,Pauline,Albans,02/04/2005,Fishguard  Pembrokeshire
BV21919296/1,Alford Joseph,Alcendor,10/05/2018,Lewisham  London SE13
BV21813683/1,Michael,Alcindor,04/07/2017,Worksop  Nottinghamshire
BV21104894/1,Albert,Alders,01/01/2011,Bristol  South Gloucestershire
BV21304241/1,Frasier,Alegbeh,24/12/2012,St Leonards on Sea  East Sussex
BV22211885/1,Albert,Alexander,11/02/2013,Enfield  London N18
BV22315797/1,David,Alexander,15/01/2023,Gorleston  Norfolk
BV21619511/1,Jane,Alexander,24/12/2014,Hampstead  London NW3
BV21008786/1,Oscar Gorden,Alexander,10/11/2008,Holloway  London N19
BV21911090/1,Robert James,Alexander,05/02/2015,Bournemouth  Dorset
BV21608591/1,Alexandros,Alexandrou,20/12/2014,St Johns Wood  London NW8
BV21700473/1,Silica,Alexandrou,29/05/2015,St.John's Wood  London NW8
BV22307769/1,Aftab,Ali,03/05/2022,Camden  London
BV2012811/1,Ahmed Nasser,Ali,18/08/2000,Swansea  West Glamorgan
BV2013431/1,Ashgar,Ali,28/09/2000,Birmingham  West Midlands
BV22510671/1,Faisal,Ali,13/10/2021,Shard End  Warwickshire
BV21306422/1,Ishak,Ali,17/05/2013,Cardiff
BV990997/1,Mustafa Ramadhani,Ali,02/11/1998,Islington  London  N5
BV21213123/1,Marie Antoinette,Alias,12/04/2012,Hove  East Sussex
BV2074716/1,Mohammed,Ali-Bin-Ali,23/04/2007,Sheffield  South Yorkshire
BV21213206/1,Charles Ayodele,Aliu,31/03/2011,Solihull  West Midlands
BV21207993/1,Mohammad,Allah,19/06/2011,Hammersmith  London  W6
BV21412616/1,Rodolfo,Allegra,08/11/2012,Vauxhall  London SW8
BV991206/1,Alan,Allen,06/01/1999,Sheffield  South Yorkshire
BV2056788/1,Annie,Allen,22/11/2003,Denmark Hill  London SE5
BV22014687/1,Bonnard Francis,Allen,16/09/2020,Chertsey  Surrey
BV21509788/1,Carlos,Allen,14/10/2012,Lambeth  London SE1
BV21912776/1,Christine Lindsey,Allen,30/05/2019,Chelsea  London SW3
BV21211167/1,David,Allen,18/06/2012,Camden  London NW3
BV22512828/1,Evan Brian,Allen,07/01/2024,Swansea  West Glamorgan
BV21803590/1,James,Allen,16/01/2018,Redhill  Surrey
BV2050348/1,Jane,Allen,17/10/2004,Eastbourne  East Sussex
BV22403207/1,John,Allen,27/12/2022,Norwich  Norfolk
BV2045199/1,Pauline,Allen,03/07/2004,Harrow  Middlesex
BV2003612/1,Walter,Allen,22/06/2000,Essex
BV2086716/1,Gladys Margaret,Allum,02/09/2008,Welwyn Garden City  Hertfordshire
BV22414537/1,Romaine Irene,Allum,02/11/2022,Downham Market  Norfolk
BV2023401/1,Abdul Jabbar Othman,Al-Rawendouzi,05/06/2002,Hatfield  Hertfordshire
BV22206309/1,Saad,Al-Yasr,20/09/2020,Battersea  London SW11
BV21201766/1,Carla,Ames,30/05/2010,Kensington  London  W10
BV2000454/1,Frank,Ames,29/10/1999,Lewisham  London SE13
BV21315885/1,Teresa,Ames,15/07/2013,Stevenage  Hertfordshire
BV22206815/1,Theodore,Amini,19/11/2021,Lewisham  London SE13
BV22216195/1,Iran,Aminian,25/09/2021,Camden  London NW5
ESTA25#3699/1,Philip William Frank,Amos,25/06/2023,Colchester  Essex
BV21014688/1,Randhir Kaur,Anand,29/06/2010,Southall  Middlesex
BV21113710/1,Alan Frank,Anderson,01/10/2010,Kingston-upon-Thames  Surrey
BV21205966/1,Augusta Margarete Gisela,Anderson,25/07/2011,Whitechapel  London E1
BV2086658/1,Charles,Anderson,19/08/2008,Southampton  Hampshire
BV22216189/1,Eugenia,Anderson,02/01/2022,Camden  London NW3
BV21813509/1,Glen,Anderson,22/02/2018,Stoke-on-Trent  Staffordshire
BV2051241/1,Grace Mary,Anderson,14/12/2004,Woodford Green  Essex
BV22507046/1,Heather Frances Mary,Anderson,11/04/2022,Kings Lynn  Norfolk
BV2077727/1,James,Anderson,01/04/2007,Hammersmith  London  W6
ESTA25#3630/1,John,Anderson,20/03/2025,Stanwick  Northamptonshire
BV994274/1,John William,Anderson,09/02/1998,Brighton  East Sussex
BV2014165/1,Margaret,Anderson,12/03/2001,Fulham  London  SW6
BV2031542/1,Betty,Andre,07/11/2002,Barnet  Hertfordshire
BV993349/1,Joseph,Andre,28/02/1999,Westminster  London  SW1
BV22503367/1,David,Andrews,22/12/2024,Harlow  Essex
BV2000143/1,Dorothy,Andrews,07/11/1998,Weston Super Mare  Somerset
BV21917331/1,Hartley,Andrews,20/07/2019,Kingston upon Thames  Surrey
BV21111593/1,Joanna,Andrews,10/07/2011,Sunderland  Tyne & Wear
BV976048/1,Sebastian,Andrews,30/09/1997,North Kensington  London W10
BV2062927/1,Hendrik,Andrzejewski,08/02/2006,Bayswater  London W2
BV976995/1,Rose Lilian,Angel,05/11/1997,Hammersmith  London W6
BV21814315/1,Stamatoula,Angus,16/04/2016,Islington  London N19
BV2086489/1,Sadikali,Anjaria,14/08/1997,Camden  London  NW1
BV2085577/1,Bryan,Annison,14/08/2006,Poynton Cheshire
BV2072964/1,Anne,Anthony,17/09/2006,Llanelli  Carmarthenshire
BV2070599/1,Patrickson,Anthony,31/12/2006,Penarth  Vale of Glamorgan
BV965805/1,Thomas,Anthony,07/04/1996,Islington  London NW1
BV22419763/1,Anita,Antonik,29/11/2023,Enfield  Middlesex
BV21014746/1,Frederick Johnson,Antwi-Buasiakoh,24/06/2010,Hornsey  London N8
BV2079676/1,Angelos,Apostolou,08/07/2007,Tooting  London SW17
BV22417481/1,Jean-Baptiste Atiya,Appah-Makanzu,29/06/2020,Maidstone  Kent
BV21312920/1,Christopher,Appleby,17/03/2009,Lambeth  London SW2
BV22414003/1,Joseph,Aquilina,10/12/2018,Ashford  Kent
BV22417503/1,Mark William,Archer,09/08/2023,Tooting  London SW17
BV22217828/1,Vandel,Archer,14/01/2021,East Dulwich  London SE22
BV22003203/1,Debra Clare,Ardrey,14/01/2020,Northampton  Northamptonshire
BV22400841/1,Mohammad,Ariff,12/12/2023,Chelsea  London SW10
BV2026061/1,Peter Ifeanyi,Arinze,23/03/2000,Camberwell  London  SE5
BV2010019/1,Gordon,Armstrong,10/10/2000,Eastbourne  East Sussex
ESTA26#4813/1,Peter,Armstrong,14/04/2025,Abergele  Clwyd
BV2011124/1,John,Arnold,20/11/2000,Leeds  West Yorkshire
BV2066351/1,Michael Kenneth,Arnold,24/07/2006,Lewisham  London SE13
BV22201663/1,Maud,Arthur,15/12/2014,Kensington  London SW7
BV22016862/1,Doris,Artman,21/04/2020,Camden  London NW3
BV22002012/1,Yuri,Artoghlo,17/03/2012,Leytonstone  London E11
BV980655/1,Vasyl,Asafat,18/10/1997,Nottingham  Nottinghamshire
BV2021425/1,Prokop,Asaul,06/09/2001,Camden  London NW1
BV22207745/1,Zewedinsh Alemu,Asfaw,09/05/2022,Hammersmith  London W6
BV21008585/1,Kay Ellenore,Ashford,16/05/2010,Croydon  Surrey
BV21005495/1,Kathleen,Ashley,23/10/2008,Mansfield  Nottinghamshire
BV21010013/1,John,Ashmead,09/11/2009,Tuffley   Gloucestershire
BV2047543/1,Harry,Ashton,22/10/2004,Clacton on Sea  Essex
BV2099846/1,Anastasia,Ashton-Jones,22/06/2009,Kensington  London W10
BV21317244/1,James Edward,Ashworth,16/10/2013,Polegate  East Sussex
BV2087057/1,Kenneth,Ashworth,07/09/2008,Lincoln  Lincolnshire
BV22004219/1,Zena Ann,Ashworth,01/01/2020,Bournemouth  Dorset
BV2087886/1,Amelia,Asiedu,17/10/2008,Northwood  Middlesex
BV21407604/1,Philomena Marion,Askew,28/09/2012,Doncaster  South Yorkshire
BV21304096/1,Kwame,Asoma,25/12/2009,Hackney  London E8
BV2057385/1,Jill Frances,Aston,23/07/2005,Wednesbury  West Midlands
BV21007979/1,Ayikie,Atayi,15/11/2006,Southwark  London SE1
BV21517647/1,Pauline,Atha,19/03/2014,Macclesfield  Cheshire
BV21202969/1,Mary,Athanassiades,29/01/2012,Lymington  Hampshire
BV2037456/1,Eric,Atkin,11/11/2003,Park Royal  London NW10
BV21808922/1,David James,Atkins,23/10/2015,Newhaven  East Sussex
BV984533/1,John Fredrick,Austin,24/05/1998,Staplehurst  Kent
BV22016520/1,Michael,Avalon,24/06/2019,Leeds  West Yorkshire
BV21800358/1,Rosemary,Avery,17/05/2017,Reading  Berkshire
BV21108298/1,Winifred Mary,Avery,04/06/2011,Hammersmith London W6
BV2037690/1,Folayele Festus,Awosika,01/03/2001,Hammersmith  London W6
BV2002785/1,Netta Hannah,Axen,21/04/1999,Homerton  London  E9
BV22204588/1,Angela Johanna,Axmann,17/12/2021,Westgate-on-Sea  Kent
BV974293/1,Olajide,Ayinde,25/04/1997,Hackney  London E9
BV21306906/1,Abdul,Aziz,30/04/2013,Shepherds Bush  London W12
BV21006382/1,Dominic,Azzopardi,23/01/2010,Lambeth London SE1
BV22006616/1,David Leslie,Babb,05/03/2019,Birmingham  West Midlands
BV21709080/1,Leslie William,Badcock,19/06/2016,Taunton  Somerset
BV21916985/1,Francesca,Baddiley,08/06/2019,Uxbridge  Middlesex
BV2086155/1,Jeno,Badics,29/07/2008,Chelsea  London SW10
ESTA26#11385/1,Julie Anne,Bagley,20/03/2025,Darlington  County Durham
BV21902330/1,Isobel Jean,Bailey,25/01/2018,Leicester  Leicestershire
BV22504726/1,Marianita,Bailey,17/08/2022,Harrow  Middlesex
ESTA26#6542/1,Matthew Charles,Bailey,17/08/2025,Camberley  Surrey
BV2063543/1,Neville,Bailey,28/02/2005,Camden  London NW1
BV972215/1,Peter,Bailey,03/04/1997,Camberwell  London SE5
BV21905788/1,Robert James,Bailey,15/11/2018,Grimsby  North East Lincolnshire
BV2075818/1,Rose Matilda,Bailey,04/04/1997,Highgate  London  N6
BV21400925/1,Susan Elizabeth,Bailey,13/08/2013,Sheffield   South Yorkshire
BV2003722/1,William Ernest,Bailey,19/04/1999,
BV21011891/1,Valerie Thornton,Bain,06/05/2010,Cheltenham  Gloucestershire
BV2062559/1,Maria,Baines,19/08/2004,Hammersmith  London W6
BV2063816/1,Harry,Baird,13/02/2005,Hammersmith  London W6
BV21710238/1,Atakilti,Bairu,17/04/2017,Paddington  London W2
BV22206075/1,Mateusz,Bak,09/08/2019,Ilford  Essex
ESTA26#10650/1,Ann Claudine,Baker,24/07/2025,Basildon  Essex
BV22218705/1,Arthur,Baker,12/05/2022,Brighton  Sussex
BV21820314/1,Audrey,Baker,03/05/2007,Norfolk  Norwich
BV2098034/1,Harold,Baker,31/08/2009,West Brompton  London  SW10
BV2063790/1,Hilda,Baker,30/04/2006,Wakefield  West Yorkshire
BV2040138/1,Hilda Joan,Baker,06/11/2003,Minehead  Somerset
BV21408077/1,James,Baker,26/12/2003,Hackney  London E9
BV21100698/1,James Ernest,Baker,27/10/2010,South Shields  Tyne & Wear
BV2056502/1,Kim,Baker,08/07/2005,Swanage  Dorset
BV21106190/1,Leonard,Baker,10/04/2011,Grangetown  Cardiff
BV21404024/1,Robert,Baker,11/03/2013,St John's Wood  London NW8
BV21518674/1,Sabah,Bakyou,25/02/2015,Camden  London  NW3
BV22006367/1,Ettore,Baldo,04/07/1990,Finchley  London N2
BV2003271/1,George Edward Alfred,Baldock,28/05/2000,Maidstone  Kent
BV2035773/1,Stanley George,Baldwin,27/06/1997,Westminster  London SW1
BV2084437/1,Matthew,Balogun,31/12/2005,Clapham  London  SW4
BV21919540/1,Santa,Bambara,17/09/2016,Poole  Dorset
BV2098354/1,Helen otherwise Helena,Banas,13/07/2008,Hereford  Herefordshire
BV21007598/1,Marie,Bangerter,24/08/2009,Worthing  West Sussex
BV2074183/1,Henry,Banjoko,11/04/2007,Hampstead  London  NW3
ESTA26#9393/1,Amy,Bankier,23/09/2025,St Neots  Cambridgeshire
BV21105049/1,John Olaolu,Bankole,27/04/2010,London EC1V
BV2087887/1,Bertha Constance,Banks,13/10/2007,Bristol
BV22200720/1,Joghinder,Bansi,26/10/2021,Coventry  West Midlands
BV2050866/1,Leroy,Banton,07/09/2004,Homerton  London  E9
BV22405884/1,Philip John,Baptiste,31/10/2020,Newham  London E6
BV2058030/1,Gerald,Barber,14/08/2004,Oxford  Oxfordshire
BV22014086/1,Gordon,Barber,03/03/2020,Wolverhampton  West Midlands
BV22413708/1,Harold Pearson,Bark,08/04/2024,Rhyl  Clwyd
BV21709091/1,Janet Rose,Barkaway,24/07/2014,Plaistow  London E13
BV21505817/1,Harry,Barker,11/07/2010,Sutton In Ashfield  Nottinghamshire
BV21608412/1,Kitty,Barker,10/04/2016,Hastings  East Sussex
BV22306947/1,Margaret Lesley Phyllis,Barker,11/06/2021,Edmonton  London N18
BV21112648/1,Walter,Barker,26/10/2010,Leeds  Yorkshire
BV21412174/1,Wendy,Barker,13/05/2014,Bradford  Yorkshire
BV64641/1,William James Grant,Barker,16/06/1974,Eastbourne  East Sussex
BV2057227/1,Constance,Barlow,12/02/2003,Birmingham  West Midlands
BV2034474/1,Philip Charles,Barnard,02/05/2002,Bournemouth  Dorset
ESTA26#13006/1,Stephenie Hazel,Barnard,29/12/2025,Redhill  Surrey
ESTA26#10636/1,Carol,Barnes,22/04/2024,Derby  Derbyshire
BV2013114/1,Catherine,Barnes,29/09/1998,Blyth  Northumberland
BV2013601/1,Edward George,Barnes,30/04/1998,Northwich  Cheshire
BV2032317/1,Ivy Mary,Barnes,23/01/2002,Willesden  London NW10
BV22519222/1,John,Barnes,29/09/2025,Rye  East Sussex
BV22414661/1,John Patrick,Barnes,13/05/2024,Bristol
BV2000649/1,Kenneth,Barnes,01/12/1999,Macclesfield  Cheshire
BV22514054/1,Marion,Barnes,09/09/2022,Southall  Middlesex
BV2072251/1,Peter John,Barnes,15/06/2005,Carshalton  Surrey
BV22505885/1,Sandra Leila,Barnes,26/10/2024,Aylesbury  Buckinghamshire
BV2056935/1,Jack,Barnett,15/05/2005,Brighton  East Sussex
BV21004553/1,James Henry,Barnett,30/05/2002,Bridlington  Yorkshire
BV22207314/1,Teresa Henrietta,Barnett,28/02/2021,Redhill  Surrey
BV2033133/1,Florent,Baron,13/09/2002,Bath  Somerset
BV21202976/1,Thomas,Barrall,25/03/2010,Goodmayes   Essex
BV21911849/1,Winifred,Barratt,25/02/2018,Wormley  Surrey
BV21915822/1,Alan,Barrett,27/09/2014,Malvern Worcestershire
BV21510813/1,Barbara Ann,Barrett,21/11/2014,West Bromwich  West Midlands
BV2070857/1,Herbert Leroy,Barrett,01/12/2006,Basildon  Essex
BV21315084/1,Leaford George,Barrett,24/02/2013,Hackney  London E9
ESTA26#12560/1,Leonard,Barrett,11/04/2022,London SW17
BV22313837/1,Anthony Edward,Barry,27/05/2023,Dorchester  Dorset
ESTA25#5813/1,Isaac Michael Yao,Barry,24/09/2024,Wallington  Surrey
BV22109864/1,John,Barry,28/04/2021,Lewisham  London SE13
BV21516370/1,Bohdan,Barsky,01/03/2012,Dafen  Llanelli
BV22306485/1,Allen,Bartlett,15/09/2022,Bristol  Gloucestershire
BV22402053/1,Bryan Norman,Bartlett,01/05/2023,Hastings  Sussex
ESTA26#10705/1,Hugh Sidney,Bartlett,05/12/2025,Exeter  Devon
BV22008906/1,Jonathan Peter,Bartlett,19/03/2020,Portsmouth  Hampshire
BV21902951/1,John Andrew,Barwick,13/07/2018,Stoke-on-Trent  Staffordshire
BV22003149/1,Josephine Louise,Bass,28/12/2018,Kensington  London W8
BV973913/1,Helena,Bata,16/02/1997,Hammersmith  London W6
BV2033424/1,Geoffrey,Bates,01/06/2002,Daventry  Northamptonshire
BV2083204/1,James Michael,Batten,11/04/2008,Newport  Isle of Wight
BV2042559/1,Theresa,Battersby,01/04/2002,East Dulwich London SE22
BV2063524/1,Patricia Mary,Bauckham,07/04/2005,Grimsby
BV21817922/1,Rita Annegret,Bauknecht,28/12/2017,Bristol  South Gloucestershire
BV22202320/1,Christine,Baumgarten,27/03/2020,Westminster  London W2
BV2064607/1,Erika,Baumgartner,12/09/2005,Haslemere  Surrey
BV21906428/1,Amparo Cavite,Bautista,24/05/2009,Hampstead  London NW3
BV22215921/1,John Anthony,Bavin,27/07/2022,Redhill  Surrey
BV2056892/1,Stephen George,Baxter,23/06/2005,Warrington  Cheshire
BV21111833/1,Susan Elizabeth,Baxter,17/03/2010,Southwark  London SE22
ESTA25#3456/1,Phillip,Bayliss,26/02/2025,Gloucester  Gloucestershire
BV21002886/1,Sydney,Bayliss,28/10/2009,Lewisham London SE13
BV21919970/1,Elmaziye,Beale,10/11/2018,Hackney  London E9
BV2011456/1,John Stuart,Beales,16/03/2001,Watford  Hertfordshire
BV971507/1,Cecil Alan,Bealing,13/02/1997,Southampton  Hampshire
BV22312285/1,John Robinson,Bean,12/02/2023,Easingwold  North Yorkshire
BV21803971/1,Malcolm,Beasley,01/01/2018,Worcester  Worcestershire
BV22301906/1,Ian Bryan,Beaumont,23/08/2022,Torquay  Devon
BV22118687/1,Marc Ashley,Beaumont,25/04/2019,Harlesden  London NW10
BV2063089/1,Maurice Raymond,Beaumont,07/03/2006,Leeds  West Yorkshire
BV21918426/1,George,Bech,09/11/2018,Camden  London WC1E
BV2090796/1,David,Beck,01/01/2009,Margate  Kent
BV21001980/1,Friedreich,Beck,03/12/2009,Huddersfield  West Yorkshire
BV21110974/1,David,Becker,21/06/2011,Kensington  London W6
BV22506742/1,Guy Ian,Beckler,17/02/2025,Northampton  Northamptonshire
BV21004074/1,Rose Irene,Beckwith,11/01/2010,Saltburn by the Sea  Teeside
BV992221/1,Harry,Bedford,11/01/1998,Nottingham  Nottinghamshire
BV22423656/1,Joan,Bedford-Lane,31/10/2019,Ipswich  Suffolk
ESTA26#6544/1,Annette Beryl,Beecroft,10/02/2021,Tendring  Essex
ESTA25#3685/1,Keith Edwin,Beesley,11/06/2025,Taplow  Buckinghamshire
BV21313992/1,John,Beezer,24/10/2012,Fenhurst  West Sussex
BV21507998/1,Albert,Behm,17/08/2014,Trefnant  Denbighshire
BV2021329/1,Gennet,Behre,14/04/2001,Westminster London  W1
BV21515171/1,Mohamed Ahmed,Belahcen,20/06/2015,Ruislip  Middlesex
BV2011250/1,Georg,Belaj,18/07/2000,Leeds  West Yorkshire
BV22214161/1,David Anthony Patrick,Belgrave,06/08/2021,Salisbury  Wiltshire
BV2062956//1,George,Belkowski,09/01/2006,London Borough of Hammersmith and Fulham
BV21104128/1,Anne,Bell,01/01/2011,Winchester  Hants
BV994900/1,Elizabeth,Bell,08/05/1999,Gateshead Tyne & Wear
BV2065336/1,Hugh,Bell,06/11/1999,Birmingham  West Midlands
ESTA25#2480/1,John Terence,Bell,30/04/2025,Derby  Derbyshire
BV9704910/1,Joseph Fernandez,Bell,14/12/1996,Ryhope  Tyne and Wear
BV21716880/1,Margaret,Bell,07/09/2017,Lambeth  London SE1
ESTA26#12860/1,Maria,Bell,16/07/2025,Leeds  West Yorkshire
BV2012884/1,Robert,Bell,15/12/2000,Muswell Hill  London N10
BV22116593/1,Robert John,Bell,21/06/2016,Whitechapel  London E1
BV21009255/1,William Ivan,Bell,30/06/2010,Ely  Cardiff
ESTA26#12120/1,Jacqueline Mary,Bellairs,17/04/2014,Ealing  Middlesex
BV982246/1,Yan Josef,Bellamacina,10/03/1998,Cheltenham  Gloucestershire
BV2013062/1,Joan,Bellamy,23/02/2000,Northampton  oOrthamptonshire
BV2051782/1,Tessi,Bello,15/10/2003,Camden  London  NW3
BV22507609/1,Amanda Jayne,Belshaw,05/01/2025,Grimsby  Lincolnshire
BV22201129/1,Shalom Salavador,Benasayag,05/03/2020,Ladbroke Grove  London W10
BV22206932/1,Steven Leonard,Bender,05/02/2021,Redbridge  Essex
BV22314639/1,Roman,Benito Gomez,20/06/2023,Worle  Somerset
BV21819752/1,Cynthia,Benjamin,14/04/2018,Leytonstone  Waltham Forest
BV2080098/1,Leonard Reginald,Benjamin,18/10/2007,Tooting  London SW17
BV2032005/1,Sidney,Benjamin,02/01/2001,Birmingham  West Midlands
BV22510911/1,Chih,Ben-Kuan,27/09/2023,Isleworth  Middlesex
BV21105688/1,Jill Patricia,Benner,30/03/2011,Nottingham  Nottinghamshire
ESTA26#10618/1,Rhian,Bennet,18/12/2022,Worcester  Worcestershire
BV2035319/1,Doris Maud,Bennett,25/12/1999,Muswell Hill  London  N10
BV21515078/1,Joan Wilson,Bennett,30/01/2015,Birmingham  West Midlands
BV22115185/1,Linda Jane,Bennett,25/10/2019,Ipswich  Suffolk
ESTA26#11811/1,Margaret,Bennett,05/04/2008,Darlington  County Durham
BV2033172/1,Raymond William,Bennett,13/05/2003,Crediton  Devon
BV22401669/1,Dawn Theresa,Bennette,24/01/2022,Battle  Sussex
BV21918199/1,Peter,Benson,01/02/2019,Stratford  London E15
BV21905914/1,Peter John Verity,Bent,13/02/2018,Wolverhampton  West Midlands
BV21505790/1,John Kodwo,Bentil,26/02/2015,Camden London NW1
BV21012081/1,Samir Regis,Berchi,10/10/1996,Stockwell  London SW8
BV2023313/1,Gertrude Meta,Beresford,07/10/1997,Stanwell  Middlesex
BV2092663/1,Sharon,Beresford,04/03/2009,Camden  London NW1
BV2087609/1,Paul,Bernard,12/10/2008,Camden  London  NW1
BV22405957/1,Ladislav,Bernatovic,07/06/2021,Coventry  Warwickshire
BV22408692/1,Giovanni Franco,Berne,22/01/2023,Camden  London NW3
ESTA26#18771/1,Robert,Bernstein,09/01/2016,Walsall  Staffordshire
BV21408950/1,Audrey Alice,Berridge,29/03/2013,Hallow  Worcestershire
BV22015702/1,Anthony Ronald,Berry,08/11/2019,Southsea  Hampshire
BV22502173/1,Michael Edward,Berry,24/11/2023,Basildon  Essex
BV2058491/1,Lina,Berte,06/06/2005,Camden  London  NW1
BV2035247/1,Herman Horatius,Bertrand,20/04/2001,Battersea  London  SW11
BV2075150/1,Zelma,Berzins,03/06/2007,Derby  Derbyshire
BV21315907/1,George,Best,28/01/2012,Denmark Hill  London SE5
BV975623/1,Henry,Best,06/10/1997,Felpham  West Sussex
BV2014846/1,McDonald,Best,17/04/2001,Westminster  London  NW8
BV21808962/1,Peter,Best,09/07/2013,Middlewich  Cheshire
BV21411720/1,Dolores,Best-Starr,30/11/2013,Weston-super-Mare  Somerset
BV22507965/1,Ian David,Betts,28/02/2025,Tring  Hertfordshire
BV22011934/1,Paul,Bewell,01/05/2019,Westminster  London SW1W
BV21213046/1,Kamal,Bhan,26/04/2011,Barnet  Hertfordshire
BV21305752/1,Raj Nath,Bharadwaj,11/11/2000,Camden  London NW3
BV982723/1,Ishverlal Durjashanker,Bhatt,15/02/1998,Tooting  London  SW17
ESTA26#12575/1,Olga Pansy Margaret,Bianchi,20/02/2020,Islington  London N11
BV2024096/1,Wlodzimierz,Biba,04/05/2002,High Wycombe  Buckinghamshire
BV22010824/1,Deborah,Bibby,25/02/2020,Barnoldswick  Lancashire
BV21920275/1,Joanne,Bickley,14/10/2019,Walsall  West Midlands
BV21010354/1,Albert,Bidjikian,04/12/2002,Redcliffe  Bristol
BV21115654/1,Eugene,Bidum,05/01/2002,Middlesborough  Cleveland
BV2047511/1,Erna,Biernert,22/01/2002,Finchley  London N12
BV2011169/1,Emanuel,Bigeni,20/06/2000,Heath Park  Cardiff
BV21805648/1,Roy,Billing,24/02/2018,Towcester  Northamptonshire
BV2053129/1,Hessie,Billingham,26/11/2004,Leicester  Leicestershire
BV21211190/1,Peter,Billington,03/05/2012,Whitechapel  London E1
BV22416232/1,Eyadema,Binego,10/07/2024,Somerton  Somerset
BV2047565/1,Archibald Augustus,Binns,30/05/2004,South Norwood  London
BV21200207/1,Anne,Birch,15/09/2010,Peckham  London SE15
ESTA26#9397/1,Arlette Nicole,Birch,31/03/2024,Hove  Sussex
BV22421416/1,Bruce Vaughn,Birch,24/11/2021,Rochester  Kent
BV2084749/1,Lilian,Birch,14/09/2007,Wirral  Mersyside
BV21113100/1,Annette Leona,Bird,13/01/2011,Brighton  East Sussex
BV21902984/1,Brian Alan,Bird,04/01/2019,Haywards Heath  West Sussex
BV22216970/1,Dorothy May,Bird,26/01/2022,Birkenhead  Cheshire
BV990589/1,Michael,Birkby,29/11/1998,Halifax  West Yorkshire
BV2073780/1,Nora Ava o/w Ava Nora,Birkett,16/09/1997,Leeds  West Yorkshire
BV2042612/1,Kostas,Bisarenka,08/08/2002,Doncaster  South Yorkshire
BV21420479/1,Barbara,Bishop,13/06/2014,Bournemouth  Dorset
BV21306548/1,Faye,Bishop,28/02/2013,Hackney  London E8
BV22317690/1,Jane Francesca,Bishop,16/05/2023,St Leonards-on-sea  Sussex
BV21917996/1,William,Bishop,30/08/2017,Harrow  Middlesex
BV21710661/1,Bimalendu,Biswas,17/05/2017,Ilford  Essex
ESTA26#12545/1,Reginald Arthur,Bithell,08/03/2026,Chester  Cheshire
BV2081876/1,Alexander,Black,27/11/2007,Margate  Kent
BV2037515/1,Cecily Joyce,Black,20/11/2003,Worthing  East Sussex
BV21517699/1,John,Black,07/03/2014,Whitechapel London E1
BV22000081/1,Yvonne Sandra,Black,02/12/2018,Hackney  London E5
BV2024876/1,Arthur,Blackman,16/07/2002,Folkestone  Kent
BV984273/1,Matthew,Blackman,18/07/1998,Stowmarket  Suffolk
BV982472/1,Elizabeth Margaret,Blackmore,04/05/1998,Godalming  Surrey
BV21104507/1,Evelyn Joan,Blackmore,02/03/2011,Northumberland
BV21300116/1,Neville,Blair,06/06/2012,Camden  London NW5
BV21404220/1,Gertroude,Blake,16/03/2014,Worthing  West Sussex
BV22205189/1,Kenneth,Blake,26/11/2021,Catford  London SE6
BV21510812/1,Richard,Blake,10/06/2013,Luton  Bedfordshire
BV2035941/1,Kathleen Marguerite,Blaney,13/08/2003,Tooting  London SW17
BV21305805/1,Stefania,Blatnyk,13/11/2012,Halifax  West Yorkshire
BV22509326/1,Sheila Muriel,Bleasdale,27/12/2024,Bristol  Bristol
BV22319611/1,Paul Gillard,Blenkin,30/12/2022,Scarborough  North Yorkshire
BV2093393/1,John Mark Frith,Blezard,20/04/2009,Workington  Cumbria
BV990625/1,Nellie Rose,Blowes,30/12/1998,Higham  Kent
BV22507392/1,John Melvyn,Blyth,10/01/2025,Peterborough  Cambridgeshire
BV2061241/1,Joseph,Bobb,12/03/2005,Lambeth  London SE1
BV2035518/1,Mikolaj Karol,Bobyk,02/05/2003,Birmingham  West Midlands
ESTA26#11424/1,Anna Frances,Boddy,19/10/2019,Darlington  County Durham
BV2011284/1,Maria,Bodor,10/01/2001,Leicester  Leicestershire
BV2045701/1,Anton,Bodyk,01/02/2004,Norwich  Norfolk
BV22422283/1,Zoltan,Bodzar,08/10/2024,Grantham  Lincolnshire
BV21210414/1,Inez,Bogle,04/08/2009,Edgware  Middlesex
BV22421925/1,Frank,Bogo-Swava,03/10/2023,Carshalton  Surrey
BV22102952/1,Ingrida,Bogusauskaite,14/01/2021,Stanford-Le-Hope  Essex
BV21902691/1,Emil,Boldnariuc,28/10/2017,Leytonstone  London E11
BV21010705/1,Peter,Bolger,11/06/2009,Hampstead  London NW3
BV21919969/1,John William,Bond,12/08/2018,Lambeth  London SW12
BV2024753/1,Raymond Charles,Bond,21/02/2001,Norwich  Norfolk
BV2002096/1,Kathleen Mary,Bonfield,29/12/1999,Finchley  London N2
BV2095072/1,Wayne,Boni,28/12/2008,Barnet  Hertfordshire
BV2002374/1,Cecil Bartholomew Paul,Bonner,07/03/1999,London Bridge  London SE1
BV21513388/1,Stefan Simon,Bontscheff,18/05/2015,Bedford Bedfordshire
ESTA26#9353/1,Christopher Charles,Booth,12/03/2021,Purley-on-Thames  Berkshire
ESTA26#4175/1,Phillip Stephen,Booth,05/10/2025,Southamton  Hampshire
BV22313620/1,Robert Christopher,Booth,16/03/2023,Leicester  Leicestershire
BV2056669/1,George,Boothe,05/08/2003,Wembley  Middlesex
BV2005275/1,Miklos,Borbely,02/11/2000,Isleworth  Midddlesex
BV980334/1,Henryk,Borek,20/11/1997,Hammersmith  London W6
BV21713214/1,Marie,Borg,15/06/2016,Enfield  Middlesex
BV21811979/1,Peter,Borman,08/07/2017,Peterborough  Cambridgeshire
BV21916390/1,Gordon,Borthwick,09/11/2015,Camden. London NW3
BV2080723/1,Patrick Charles,Borthwick,24/10/2007,Thornton Heath  Surrey
BV2064077/1,Stephen,Bosch,24/02/2004,Lewisham  London SE13
BV2088158/1,Francis John,Bosher,21/08/2008,Winchester  Hampshire
BV21313993/1,Frank,Botka,28/03/2012,Streatham  London SW16
BV21214653/1,Keith Melvyn,Bound,06/12/2012,Bishops Castle  Shropshire
BV22502891/1,Spiros,Bousbouras,24/10/2024,Leeds  West Yorkshire
BV22215111/1,George Victor,Bovey,22/03/2020,Lewisham  London SE13
BV2060987/1,Barbara Mary,Bowden,05/06/2005,Slough  Berkshire
BV21001217/1,Janet,Bowen,22/12/2009,Aylesford  Kent
BV21106017/1,John Frederick,Bowen,23/03/2011,Margate  Kent
BV21919307/1,David,Bowers,09/10/2019,Northampton  Northamptonshire
BV21504939/1,Rohim,Box,14/12/2014,Sheffield  South Yorkshire
BV22214228/1,Stephen John,Boxall,07/05/2022,Reading  Berkshire
BV21206511/1,Vincent,Boyd,01/12/2011,Willesden  LB of Brent
BV976591/1,Margaret Hall,Boydell,16/09/1997,Colwyn Bay  Conwy
BV22002763/1,Anna-Maria,Boyle,01/11/2009,Clapham  London SW4
BV22400817/1,Gary Francis,Boyle,28/10/2023,Portsmouth  Hampshire
BV22405829/1,James Kerr,Boyle,12/02/2024,Clacton-on-Sea  Essex
BV2013502/1,Maureen,Boyle,04/05/2001,
BV2087328/1,William,Boyle,16/09/2008,Derby  Derbyshire
BV2064552/1,Winifred,Boyne,13/03/2006,Maids Moreton  Buckinghamshire
ESTA26#3124/1,Ian George,Bozzett,11/10/2025,Colchester  Essex
BV21006678/1,Jean-Pierre,Brachet,16/01/2010,Deptford  London SE8
BV21718693/1,Keith Dighton,Bradbury,15/05/2015,Kingston-upon-Thames  Surrey
BV2099413/1,Peter,Bradd,26/02/2009,Ilford  Essex
BV21000878/1,Monaca Mary,Bradfield,27/11/2009,Milford on Sea  Hampshire
BV22511004/1,Victoria,Bradford,13/09/2024,Westminster  London W1H
BV22100909/1,Eileen,Bradley,14/09/2020,Milton Keynes  Buckinghamshire
BV22213469/1,Mary Theresa,Bradley,14/05/2022,Swansea  West Glamorgan
ESTA26#3122/1,June Evelyn,Bradsell,18/04/2025,Rayleigh  Essex
BV21103646/1,Sylvia,Bradshaw,07/03/2011,Poole  Dorset
BV2035808/1,Albert,Brady,25/06/2003,Hammersmith  London W6
BV21301968/1,Bobi,Braganza-Evans,23/05/2012,Southwold  Suffolk
BV2084780/1,Frederick Clifford,Brailsford,28/04/2008,Nottingham  Nottinghamshire
ESTA26#13019/1,James Arthur,Brailsford,01/03/2026,Derby  Derbyshire
BV2073579/1,Henry Seymour,Bramley,30/12/2006,Grimsby  N.E. Lincolnshire
BV22200168/1,Edith,Branch,11/01/2019,Chelmsford  Essex
BV22002011/1,Elsie,Branch,06/03/2006,Morden  Surrey
BV22108856/1,John,Branch,16/05/2021,Coventry  Warwickshire
BV21608735/1,Mary Raphaela,Branford,08/03/2010,Chichester   West Sussex
BV2054520/1,Marjorie Dorothy,Brannen,18/10/2004,Welwyn Garden City  Hertfordshire
BV2012398/1,Olga Katharina Martina,Brantner,05/10/2000,Wallingford  Oxfordshire
BV21802250/1,Giuseppa,Bravi,14/01/2018,Edmonton  London N18
BV990797/1,Eliza Ann,Bray,17/03/1998,Wakefield  West Yorkshire
BV2095989/1,Elizabeth Ann,Braybrook,29/05/2009,Colchester  Essex
BV21513197/1,Jean Mary,Braybrook,18/05/2015,Lewisham  London SE13
BV2067009/1,John Adrian,Brazier,21/12/2005,Barnet  Hertfordshire
BV2066550/1,Michael Howard,Brazier,14/04/2006,Toddington  Bedfordshire
BV21718154/1,James,Brazil,17/07/2017,Northfleet  Kent
BV21213071/1,Robert,Brazil,05/02/2003,Denmark Hill  London SE5
BV981396/1,Thomas Patrick,Brazil,26/11/1997,Sketty Park  Swansea
BV2093687/1,John,Breen,09/01/2009,Hailsham  East Sussex
BV21903450/1,John,Breeze,12/01/2016,Telford  Shropshire
BV2085233/1,George,Brennan,21/05/2008,Neath  Glamorgan
BV2014332/1,John,Brennan,12/06/2001,Southall  MIddlesex
BV22200731/1,John D,Brennan,25/07/2021,Broadstairs  Kent
BV2060825/1,Michael,Brennan,08/09/2000,Luton  Bedfordshire
BV21613132/1,Patrick,Brennan,11/03/2016,Littlehampton  West Sussex
BV21602880/1,Thomas Patrick,Brennan,29/07/2015,Rochester  Kent
BV985336/1,Margaret Emma,Breze,08/09/1998,London SE1
BV22206292/1,White,Brian John,28/10/2005,Bath  Somerset
BV22409679/1,Alan,Bridger,21/01/2024,Southampton  Hampshire
BV21406908/1,Joan Chandos,Bridges,18/02/2014,Bedminster  Bristol
BV22412341/1,Jacqueline Anne,Brierley,17/03/2022,Leeds  West Yorkshire
BV22105520/1,Charles,Brigham,09/09/2020,Berwick  Northumberland
BV21115706/1,James,Brittain,25/10/2011,Bournemouth  Dorset
BV21009682/1,Christopher,Britton,05/08/2010,Cottingham  Yorkshire
BV21813272/1,Percy Baynham,Broadhead,19/07/2018,Abergavenny  Gwent
BV994007/1,Elizabeth Clare,Broadley,02/07/1997,Huddersfield
BV2042739/1,Christine,Brogan,18/03/2004,Sutton  Surrey
BV2059967/1,Herbert William,Broich,17/11/2005,Worcester
BV22507622/1,David William,Brook,16/09/2021,Eastbourne  Sussex
BV990834/1,Kenneth Roderick,Brookes,29/01/1999,Bournemouth  Dorset
BV954306/1,Joyce Anne Marchant,Brooks,03/11/1995,Harpenden  Hertfordshire
BV2078195/1,Thomas,Brooks,26/06/2007,Bognor Regis  West sussex
BV973741/1,Maureen Cecilia,Broom,16/05/1997,Sidcup  Kent
BV21107636/1,Vera,Broome,19/02/2011,Norwich  Norfolk
BV22305431/1,Janet,Broomfield,03/02/2015,Cardiff  Glamorgan
BV2041635/1,Adolphus,Brown,27/12/2000,Bristol
BV21608367/1,Alice Doreen,Brown,25/11/2015,Birmingham  West Midlands
BV21114905/1,Audrey,Brown,19/08/2011,Clacton on Sea  Essex
BV21920190/1,Caroline Ann,Brown,09/11/2019,Bangor  Gwynedd
BV21804239/1,Christine,Brown,15/10/2017,Southampton  Hampshire
BV22101801/1,Cornelius,Brown,31/12/2020,Chertsey  Surrey
BV21302905/1,David,Brown,07/02/2008,Denmark Hill  London SE5
BV2086490/1,Devon Amaro,Brown,15/10/2002,Fulham  London SW6
BV21100381/1,Douglas Peter,Brown,05/10/2010,Harlow  Essex
BV2005198/1,Edward,Brown,28/07/1997,Bedford  Bedfordshire
BV22304337/1,Elizabeth,Brown,20/10/2022,Leicester  Leicestershire
BV993558/1,Ellen Taylor,Brown,09/06/1997,Grays  Essex
BV2090020/1,George,Brown,12/11/2008,Ashtead  Surrey
ESTA26#17454/1,Howard,Brown,19/09/2025,Redhill  Surrey
BV994758/1,James,Brown,06/04/1999,Wolverhampton  West Midlands
BV2001428/1,James Charles,Brown,01/01/2000,Rugby  Warwickshire
BV22201328/1,James Robert,Brown,13/01/2020,Cheam  Surrey
BV2046268/1,Jennifer Anne,Brown,29/11/2003,Whitechapel  London E1
BV20910383/1,June,Brown,19/10/2009,Greenford  Middlesex UB6
BV995048/1,Kathleen Mary,Brown,26/09/1999,Rugby  Warwickshire
BV22208121/1,Leonard Henry,Brown,23/09/2021,Exeter  Devon
BV984185/1,Loretta,Brown,01/05/1998,Enfield  London  N21
BV985838/1,Marie L,Brown,28/04/1998,
BV20911269/1,Mary,Brown,18/04/2009,Wythenshawe  Manchester
BV2071419/1,Mary Elaine,Brown,25/04/2006,Surbiton  Surrey
BV2092976/1,Michael,Brown,23/12/2008,Gillingham  Kent
BV995783/1,Michael Richard,Brown,12/10/1999,North Kensington London W10
BV2062492/1,Nellie,Brown,19/01/2006,Bognor Regis  West Sussex
BV22421004/1,Noel,Brown,21/11/2020,Oldbury  Worcestershire
BV2054524/1,Peter John,Brown,27/04/2005,West Smithfield  London EC1A
BV22408233/1,Polrep,Brown,22/01/2024,Leytonstone  London E11
BV21006846/1,Reginald Frederick,Brown,25/08/2009,Chertsey  Surrey
BV2085325/1,Reginald Jack,Brown,18/06/2008,Westcliff-on-Sea  Southend-on-Sea
BV2004015/1,Rhoda,Brown,07/06/2000,Fulham  London W6
BV21810725/1,Robert Huxley,Brown,30/07/2017,Bexhill  East Sussex
BV2060282/1,Rodney Thomas,Brown,14/10/2005,Brighton  East Sussex
BV22217141/1,Ronald,Brown,13/07/2022,Sutton-in-Ashfield  Nottinghamshire
BV985073/1,Samuel,Brown,21/10/1998,Acton  London W3
BV21619433/1,Shirley Grace,Brown,06/08/2009,Nottingham  Nottinghamshire
BV2043775/1,Stanley,Brown,22/12/2003,Westminster  London W9
BV21517989/1,Stephen David,Brown,04/05/2015,Chichester  West Sussex
BV22209505/1,Susan Elizabeth,Brown,13/01/2022,Dagenham  Essex
BV981031/1,Winifred Maud,Brown,13/01/1998,Eye  Suffolk
BV980654/1,Aramita,Browne,03/01/1997,Leytonstone  London E11
BV2015203/1,Claretta Theodora,Browne,14/06/2001,Leeds  West Yorkshire
BV22411207/1,Kevin,Browne,15/01/2024,Bristol  Gloucestershire
BV22519012/1,Mark Stephen Victor,Browne,24/12/2024,Luton  Bedfordshire
BV967186/1,Margaret,Browning,16/09/1996,Davenham Cheshire
BV2067381/1,Vivian Michael,Brownray,27/08/2005,Bangor  Gwynedd
BV21003351/1,Michael Norman,Bruce,15/02/2010,Leatherhead  Surrey
BV2055562/1,Patrick,Bruen,27/07/2002,
BV21306907/1,Roberto Angel,Brun,08/04/2013,Shepherds Bush  London W12
BV22502899/1,Cecil Joseph,Bryan,31/05/2018,Dunstable  Bedfordshire
BV21103053/1,Ceciline Elizabeth,Bryan,24/06/2010,Plumstead  London SE18
BV21910529/1,Frederick,Bryant,09/03/2003,Bristol  Bristol
BV21115290/1,Stephen Harold,Bryant,21/12/2010,Bradford  Yorkshire
BV2020332/1,Stanislaw,Bryczek,06/12/2001,Newton Abbot  Devon
BV2014071/1,Henryk,Bryll,02/08/1999,Leeds  West Yorkshire
ESTA26#17479/1,Stanislaw,Brzeski,04/03/2004,Nottingham  Nottinghamshire
BV2010544/1,Rita,Buchler,21/12/2000,Welwyn  Hertfordshire
BV2048375/1,Erich,Buchwald,29/07/2004,Wilmslow  Cheshire
BV2051557/1,Roy Vincent,Buck,08/12/2002,Surbiton  Surrey
BV21002361/1,James Edward,Buckham,04/12/2009,Southall  Middlesex
BV2081244/1,Mary,Buckingham,09/12/2007,Newcastle-under-Lyme  Staffs
BV21607236/1,John,Buckley,22/10/2015,Putney   London SW15
BV22500310/1,Teresa,Buckley,30/11/2024,Stockport  Cheshire
ESTA26#4173/1,William,Buckley,29/06/2025,Chipping Norton  Oxfordshire
BV22004237/1,Stephen Thomas,Buckman,23/08/2019,South Ockendon  Essex
BV22108784/1,Eugene,Bucknor,02/03/2021,Brockley  London SE4
BV22108442/1,Ursula Christa,Budd,19/12/2012,Brighton  East Sussex
BV2065457/1,Ageton,Buddo,01/06/2003,Whitechapel  London E1
BV2091276/1,Elizabeth Dora,Buffery,19/01/2009,Stevenage  Hertfordshire
BV21619527/1,Khursheed,Bukhari,11/10/2014,Carshalton  Surrey
BV21503855/1,Janusz,Bukowski,04/03/2006,Winchester  Hampshire
BV21704028/1,Linda,Bulcraig,13/10/2016,Brighton  East Sussex
BV22401329/1,Frank,Bullivant,04/12/2020,Newcastle  Staffordshire
BV21512566/1,Aidan Earle,Bulwer,09/09/2014,Croydon  Surrey
BV21003421/1,Donald,Bundock,04/10/2009,Herne Bay  Kent
BV2013994/1,Joseph,Bunna,12/06/2001,Scunthorpe  North Lincolnshire
BV2086492/1,Boonsa,Buntoonchinda,06/12/2000,Kensington London W11
BV21503278/1,Edward Henry,Burden,08/03/2014,Camden  London NW3
BV2020014/1,Julian,Burdo,28/07/2001,Birmingham  West Midlands
BV2071192/1,Alan,Burgess,10/11/2006,Gillingham Kent
BV2010536/1,Dorothy,Burgess,28/03/2000,Farnborough Hants
BV21304634/1,Gordon Charles,Burgess,05/03/2012,Great Yarmouth  Norfolk
BV21811332/1,Michael John,Burgess,21/06/2018,Fareham  Hampshire
BV21015241/1,Anthony Daniel,Burke,22/04/2010,Tottenham London
BV21821093/1,Brian,Burke,06/08/2018,Westminster  London SW10
BV2078374/1,Martin,Burke,26/10/2007,Redhill  Surrey
BV2092156/1,Mary,Burke,27/01/2009,Fulham. London
BV21015110/1,Patrick,Burke,22/10/2010,Denmark Hill London SE5
BV21305339/1,Thomas,Burke,08/04/2013,Chichester  West Sussex
BV2011073/1,Veronika,Burke,05/01/2001,Hove  East Sussex
BV2026065/1,Rolf,Burkhalter,06/11/2000,Paddington  London W2
BV995750/1,Queenie,Burlton,18/05/1999,Camden  London NW3
BV21614416/1,Timothy,Burnham,13/01/2013,Leeds  West Yorkshire
BV2065384/1,Anna,Burns,17/09/2003,Barnet  Hertfordshire
BV981563/1,James,Burns,16/01/1997,Clacton-on-sea
BV2048763/1,Joseph,Burns,14/11/2004,Wolverhampton  West Midlands
BV2022749/1,John,Burrows,08/08/1997,Highbury London N5
BV22310514/1,John,Burt,21/12/2021,Brighton  Sussex
ESTA26#12635/1,Mary Elizabeth,Burt,12/03/2026,Weymouth  Dorset
BV970953/1,Alexander John,Burton,17/09/1996,High Kelling  Norfolk
BV22301238/1,Alison Adama Esther,Burton,10/05/2020,Brent  London NW10
BV22000562/1,Dorothy Emily,Burton,31/08/2005,Southampton  Hampshire
BV2054010/1,Ellen Anne,Burton,02/09/2001,Birmingham
BV21716310/1,Patricia,Burton,27/11/2015,Portsmouth  Hampshire
BV2045846/1,Tony,Burton,09/08/2004,Bournemouth Dorset
BV2076684/1,Vincent,Bury,03/03/2007,Coventry  West Midlands
BV21716266/1,Charles Edgar,Bush,09/02/2017,Solihull  West Midlands
BV21113061/1,Doris Agnes,Butcher,18/04/2011,Reading  Berkshire
BV21105348/1,Mary,Butcher,07/11/2010,Tooting  London SW17
BV21807069/1,Nicholas Edward Sidney,Butcher,03/11/2017,Chelsea  London SW10
BV2047285/1,Annie Mary,Butler,08/07/2004,West Bromwich  West Midlands
BV2015294/1,George,Butler,20/06/2001,Hampstead  London NW3
BV2061546/1,Joyce,Butler,16/02/2006,Broomfield  Essex
BV2084514/1,Kenneth Brian,Butler,13/12/2007,Bicester  Oxfordshire
ESTA26#7668/1,Wayne,Butler,09/12/2025,Herne Bay  Kent
BV21103062/1,Peter Walter,Butterworth,18/01/2003,Todmorden  West Yorkshire
BV2080803/1,Nedjo,Butulija,19/05/2005,Newport  Shropshire
BV2084639/1,Maria Louisa Joanna,Buys,18/12/2007,Weston-super-Mare  Somerset
BV21306434/1,Ling Mak,Byerley,24/10/2011,Golders Green  London NW11
BV2033178/1,Edith,Byfield,15/03/2003,Camden  London NW5
BV2014299/1,Herbert,Byfield,05/12/2000,Oxford  Oxfordshire
BV973003/1,Violet,Byner,09/01/1997,Hemel Hempstead  Hertfordshire
BV21314525/1,Jean,Byrne,03/11/2012,Leytonstone  London E11
BV22004103/1,Michael Patrick,Byrne,16/11/2019,Leicester  Leicestershire
BV21209673/1,Graham,Caddick,14/02/2012,Derby  Derbyshire
BV2043698/1,Margaret,Cafferty,11/05/2004,Swindon  Wiltshire
BV2003756/1,Patricia,Caffrey,17/04/2000,Swindon  Wiltshire
BV21208311/1,Irene,Cage,27/12/2011,Lambeth  London  SW4
BV2034531/1,Anne,Cairns,23/05/2003,South Shields  Tyne & Wear
BV21610480/1,James,Callaghan,03/03/2015,Birmingham  Warwickshire
BV2015451/1,Mary,Callaghan,03/10/2001,Chelsea  London W10
BV21317556/1,Dolores,Callang,29/01/2013,Westminster  London W2
BV22319889/1,John Branwell,Callaway,10/12/2022,Bath  Somerset
BV21911529/1,Shera,Cambata,24/05/2017,Westminster  London W11
BV2013343/1,Gladstone,Cameron,19/03/2001,Rugby  Warwickshire
BV22515961/1,John Ernest,Cameron,17/04/2017,London SW19
BV21421605/1,Andrew Aloysius,Campbell,22/10/2013,Upper Edmonton  London N18
BV21014838/1,Carl Ainsley,Campbell,10/09/2010,Birmingham  West Midlands
BV21403992/1,David Stuart,Campbell,11/01/2014,Colchester  Essex
BV22107489/1,Donald Iain,Campbell,11/04/2020,Bradford  West Yorkshire
BV21002362/1,Eric,Campbell,09/06/2009,Guildford  Surrey
BV22110107/1,Ian Kerr,Campbell,19/04/2020,Abbey Wood  London SE2
BV22001820/1,James Joseph,Campbell,23/08/2011,Gloucestershire
BV2075278/1,James Michael,Campbell,11/08/2004,Gateshead  Tyne & Wear
BV992234/1,Jonathon,Campbell,19/09/1996,Blackheath  London SE5
BV21715380/1,Philbert,Campbell,19/08/2016,Bristol
BV2041025/1,William Graham,Campbell,13/01/2004,Romford  Essex
BV21213438/1,Louise,Carby,11/05/2012,Hampstead  London NW3
BV21808075/1,John Allan Clifford,Card,28/08/2017,Kenley  Surrey
BV995634/1,Lilian,Carden,13/11/1998,Oxford  Oxfordshire
BV20911708/1,Michael,Carey,17/08/2006,Crewe  Cheshire
ESTA26#9344/1,Tamara,Carey,01/03/2025,Southampton  Hampshire
BV2036869/1,Edward,Carlisle,23/03/2003,Feltham  Middlesex
BV2064010/1,Susan Margaret,Carmichael,24/04/2006,South Ruislip  Middlesex
BV21619099/1,Bryan,Carpenter,30/05/2016,Bristol
ESTA25#2465/1,Wilson,Carpenter,08/05/2025,Bristol
BV21313119/1,Neville Paul Francis,Carrel,29/03/2013,Thamesmead  London SE28
BV22402111/1,Sophie,Carrera,27/11/2023,Colchester  Essex
BV22201546/1,Michael,Carrigan,10/04/2020,Camden  London NW3
BV21910573/1,Carole,Carroll,31/03/2019,Bisley  Surrey
BV21106390/1,Kevin Anthony,Carroll,12/01/2011,Archway  London N19
BV2080039/1,Mary,Carroll,12/09/2007,Whitley Bay  Tyne & Wear
BV2004373/1,Molly,Carroll,30/07/2000,Liss  Hampshire
BV21804291/1,Rita,Carroll,12/11/2017,Wythenshawe  Greater Manchester
BV2041632/1,William,Carroll,22/12/2003,Kettering  Northamptonshire
BV22212414/1,Colin,Carter,06/04/2021,Rhondda Cynon Taf  South Wales
BV21003341/1,Edward James,Carter,25/12/2008,Lowestoft  Suffolk
BV976478/1,Florrie,Carter,16/11/1996,Batley  West Yorkshire
BV22414918/1,Janet,Carter,27/06/2024,Hull  East Riding of Yorkshire
BV21905751/1,Jasmine Marie,Carter,12/08/2005,Islington  London N1
BV2003656/1,Nanette Dorothy,Carter,27/04/1999,Leeds  West Yorkshire
BV21715402/1,Nicola Pauline,Carter,31/05/2017,Brentwood  Essex
BV22217879/1,Gaynor,Cartwright,21/05/2022,Stockport  Cheshire
BV2010676/1,Lois Evelyn,Cartwright,12/12/2000,Streatham London  SW2
BV22102664/1,Trevor,Cartwright,28/12/2020,Halesowen  West Midlands
BV22216971/1,Silvana,Casanova,18/08/2019,Upper Holloway  London N19
BV2078946/1,Celia,Casey,14/10/2007,Southall  Middlesex
ESTA26#17257/1,Patrick,Cash,30/06/2020,Chelsea  London SW10
BV22007636/1,Joseph,Cashman,23/09/2018,Banbury  Oxfordshire
BV21916135/1,Josephine,Cassar,01/01/2019,Braintree  Essex
BV21110059/1,Cameron,Cassidy,02/08/2010,Cardiff
BV21006765/1,John,Cassidy,21/02/2010,Birmingham  West Midlands
BV21904187/1,Timothy,Cassidy,16/03/2001,Wooolwich  London SE18
BV22115697/1,Asma,Caster,22/02/2020,Harrow  Middlesex
BV21300268/1,Geoffrey William Herbert,Castledene,14/12/2012,Torquay  Devon
BV21505517/1,Chun,Castledine,15/03/2014,Sutton In Ashfield  Nottinghamshire
BV22202206/1,Rosemary,Cato,14/01/2022,Kettering  Northamptonshire
BV21416608/1,Terence George,Caton,11/08/2014,Loughton  Essex
BV22206667/1,James,Catsourides,04/10/2021,Scarborough  North Yorkshire
BV22009210/1,Elaine,Catton,29/02/2020,Leeds  West Yorkshire
BV21514133/1,Frances Elizabeth,Cavanagh,21/11/2014,Carshalton Surrey
BV2061318/1,Phillipa,Ceasari,07/12/2005,Margate  Kent
BV2025354/1,Boris,Cepuritis,22/12/1997,Lewisham  London SE13
BV21414692/1,James,Challinor,20/05/2014,Stoke-on-Trent  Staffordshire
BV21108057/1,Paul,Challinor,29/12/2010,Stoke-on-Trent  Staffordshire
BV2034573/1,Ilene Riding,Chamley,27/12/2002,Highgate  London N6
BV22012736/1,Gillian,Champ,04/03/2020,Taffs Wells  Mid Glamorgan
BV22109140/1,Chee-Man,Chan,22/05/2020,Southend  Essex
BV22006139/1,Emmie,Chan,03/04/2002,Southall  Middlesex
BV21811032/1,Koon Yau,Chan,12/05/2018,Cramlington  Northumberland
BV21201818/1,Yuk Kong,Chan,13/11/2011,Greenwich  London  SE2
ESTA26#4733/1,John,Chandler,01/10/2025,Weymouth  Dorset
ESTA26#17258/1,Hildegard,Chaplin,05/06/2022,Streatham  London SW16
BV22118153/1,Carmen Margueritta,Chapman,06/07/2017,Kidbrooke  London SE3
BV2078727/1,Edward Krishna,Chapman,22/04/2007,Tooting  London SW17
BV22003121/1,Kent Allen,Chapman,20/10/2018,Chiswick  London W4
BV20911986/1,Marjorie Ruth,Chapman,20/08/2009,Hornchurch  Essex
BV974977/1,Ilia,Chapnik,08/07/1997,Oxford  Oxfordshire
BV21304332/1,William,Chappell,19/02/2005,Derby  Derbyshire
BV970426/1,Stavros,Charalambous,19/12/1996,Carshalton  Surrey
BV2067069/1,Wasil,Charitonsouk,28/04/2005,Luton  Bedfordshire
BV22503506/1,Christine Mary,Charles,11/01/2025,Southsea  Portsmouth
BV21609079/1,Frank,Charles,10/10/2014,Melton Mowbray  Leicestershire
BV21905804/1,Horatio,Charles,07/02/2018,Margate  Kent
BV2052372/1,John Henry,Charles,21/10/2003,
BV2065365/1,Leonard,Charles,23/10/2004,Leicester  Leicestershire
BV2086495/1,Urick Sylvester,Charles,20/03/1998,Clapham  London SW4
BV2060076/1,Lawrence,Charlick,11/04/2004,Cambridge  Cambridgeshire
BV973669/1,George William,Charnock,20/06/1997,Frimley  Surrey
BV22003811/1,Robert,Chatfield,05/04/2019,Clacton-on-Sea  Essex
BV21904106/1,Bina,Chatterjee,27/11/2016,Westminster  London W2
BV21310557/1,Prodyot Kumar,Chatterjee,27/04/2013,Harrow  Middlesex
BV2025247/1,Robert,Chatterton,03/06/2001,Birmingham  West Midlands
BV22405946/1,Sau Yan,Chau,12/02/2020,Northwood  Middlesex
BV2045434/1,Ajit Singh,Chauhan,30/01/2004,Rochester  Kent
BV2063887/1,Lalitaben Hargovind,Chauhan,15/08/2002,Walsall  West Midlands
BV21910491/1,Shardaben,Chavda,08/04/2017,Leicester  Leicestershire
BV2012116/1,Claudio,Checchi,07/02/2001,Chelsea  London SW3
BV2030455/1,Herbert,Cheetham,25/09/2002,Whitechapel  London E1
BV21505884/1,Vivian Warren,Chen,13/03/2015,Camberwell  London  SE5
ESTA26#10503/1,Ying Chiu,Chen,30/01/2026,Barnet  Hertfordshire
BV21300624/1,Benjamin Mohammed,Chentouf,13/08/2012,Abbey Wood  London SE2
BV22207391/1,Amir,Cherif,21/07/2021,Bournemouth  Dorset
BV2086497/1,Alexander,Chermaniuk,10/04/2002,Leighton Buzzard  Bedfordshire
BV22403156/1,Chee Lui,Cheung,06/12/2023,Tooting  London SW17
BV21617250/1,Man Lok,Cheung,22/04/2013,Birmingham  West Mindlands
BV2085346/1,Taki Sing,Cheung,06/12/2007,Chelsea  London SW3
BV2015667/1,Harold,Chevalier,13/11/2001,Westminster  London SW1
BV2099962/1,Gustave Romeo,Chevreau,29/05/2007,Carshalton  Surrey
BV22408294/1,Choon Heng,Chia,18/05/2020,Hammersmith  London W6
BV2093447/1,Frank,Chick,18/02/2009,Margate  Kent
BV2070476/1,Alexander,Chilko,10/09/2006,Leicester  Leicestershire
BV985732/1,Kazimerz,Cholodowski,04/09/1998,Derby  Derbyshire
BV22007435/1,Saroj,Chopra,01/03/2019,Hayes  Middlesex
BV21804334/1,William Eddie,Choreglad,06/07/2017,Leicester  Leicestershire
BV22312321/1,Dipak,Choudhury,23/11/2022,Watford  Herfordshire
BV21619576/1,Madan Mohan,Chowdury,11/10/2016,Muswell Hill  London N10
BV2030332/1,Kaj Erik,Christensen,30/12/2001,Grimsby  North East Lincolnshire
BV21601571/1,Medora,Christian,11/02/2013,Tower Hamlets  London E1
BV22502894/1,Stephen Patrick,Christian,31/03/2024,Richmond Upon Thames  London SW15
BV21015190/1,Grete Wilhelmina,Christiansen,25/09/2008,Harrogate  North Yorkshire
BV22215944/1,Phroso,Christodoulou,20/03/2021,Cricklewood  London NW2
BV983430/1,Benjamin,Christopher,15/06/1998,Bloomsbury  London WC1
BV2073623/1,Thomas,Christopher,02/05/2007,Romford  Essex
BV21111138/1,Stavroulla,Christou,08/04/2011,Camden  London  NW1
BV21201209/1,Samuel Emeka,Chude,05/10/2011,Birmingham
BV21502571/1,Sui Kong,Chung Sui Fong,31/10/2012,Camden  London WC1N
BV21902322/1,Julie Anne,Church,22/10/2018,Poole  Dorset
BV22106126/1,Roger,Church,30/01/2017,Camden  London NW1
BV22517203/1,Gabriella,Ciaramelli,29/04/2025,Tottenham  London N17
BV2060355/1,Aino,Cirponis,14/11/2005,Irchester  Northamptonshire
BV21105986/1,Peter,Claite,02/07/2009,Whitechapel  London E1
BV983355/1,Joseph Kevin,Clancy,17/05/1998,Homerton  London E9
BV2023780/1,Albert William,Clark,21/12/1998,Stanwell  Middlesex
BV21105381/1,James,Clark,14/03/2011,Bristol
ESTA26#6532/1,John,Clark,11/06/2025,Rustington  Sussex
BV2002734/1,Lucy Clara,Clark,13/10/1999,Staplehurst  Kent
BV22519206/1,Lynne,Clark,24/07/2025,Glemsford  Suffolk
BV2021781/1,Mary,Clark,21/02/2002,Ladbroke Grove  London W10
BV22007163/1,Maureen,Clark,05/09/2019,Sunderland  Tyne and Wear
BV22503837/1,Michael,Clark,28/12/2024,Westminster  London W2
BV21700493/1,Penelope,Clark,24/03/2016,Sunderland  Tyne and Wear
ESTA26#14316/1,Roger John,Clark,17/01/2026,Trowbridge  Wiltshire
BV21111590/1,Ronald Ernest,Clark,24/08/2011,Hampstead  London NW3
BV2013322/1,Rosemarie Ann,Clark,24/04/2001,Denmark Hill  London SE5
BV21513365/1,Sigisburth,Clark,26/09/2014,Sydenham London SE26
BV2051749/1,Thomas Joseph,Clark,13/11/2004,Birmingham  West Midlands
BV21906303/1,William Edward,Clark,31/01/2000,Lewisham  London SE13
BV2084750/1,Anthony,Clarke,21/09/2006,Peterlee  County Durham
BV22218319/1,Darron Moses Emanuel,Clarke,03/04/2011,Northampton  Northamptonshire
BV21817629/1,Dennis,Clarke,18/09/2007,Smithfield  London EC1A
BV2034794/1,Frederick,Clarke,08/05/2003,Portslade  East Sussex
BV2023225/1,Hilda,Clarke,13/03/2000,Brighton  East Sussex
BV22310570/1,Jennifer Elizabeth,Clarke,22/03/2022,Stockport  Cheshire
BV21915013/1,Martha,Clarke,30/09/2017,Finchley  London N12
BV20910949/1,Matthew,Clarke,25/11/1998,Camden  London N1
BV21005399/1,May Grace,Clarke,22/01/2010,Lewisham  London SE13
BV2034201/1,Robert,Clarke,21/05/2003,Birmingham  West Midlands
BV2062228/1,John,Clarkson,08/05/2002,Whitechapel  London E1
BV21308079/1,Robin John,Clarkson,04/05/2013,Braintree  Essex
BV22005056/1,Ian,Clausing,05/04/2019,Colchester  Essex
BV992640/1,Donald James,Clay,27/03/1999,Skipton  North Yorkshire
ESTA26#10485/1,Stewart,Clay,09/12/2025,Great Horkesley  Essex
BV21810336/1,Jacob Augustas,Clayton,18/01/2018,Ilford  Essex  IG3
BV982368/1,Joan,Clayton,21/03/1998,Huddersfield  West Yorkshire
BV21003732/1,Michael Patrick,Clear,17/10/2009,Hereford  Herefordshire
BV2057842/1,Michael Charles,Cleare,22/07/2005,Lowestoft  Suffolk
BV2074685/1,Francis Gerald,Cleary,19/07/2005,Camden  London NW1
BV21918579/1,Albert,Cleator,01/10/2019,Wakefield  Yorkshire
BV21212122/1,Richard Francis,Cleghorn,10/10/2012,Stoke Bishop  Bristol
BV21006843/1,Jean,Cleland,02/02/2010,London
BV2052378/1,Richard Thomas,Clements,03/01/2005,Bristol  NE Somerset
ESTA26#14315/1,Richard David,Clemmens,04/05/2026,Torquay  Devon
BV21211254/1,Derlene,Clems,24/04/2012,Forest Gate  London E7
BV21509959/1,Ulrich,Clever,12/07/2008,Stockport  Cheshire
BV22511530/1,David Anthony,Click,06/07/2024,Carshalton  Surrey
ESTA26#10612/1,Robert,Cliff,03/10/2022,Harlow  Essex
BV2031753/1,Hilda,Clifford,17/07/2002,Battersea  London SW11
BV2023699/1,John,Clifford,26/06/2002,Stourbridge West Midlands
BV22013367/1,Michael,Clifford,26/04/2020,Leeds  West Yorkshire
BV21414932/1,Janet Elizabeth,Clinton,28/08/2014,Bexhill-on-Sea  East Sussex
BV980417/1,Joan,Clinton,03/09/1997,Epsom  Surrey
BV990131/1,Charles,Cloney,27/12/1998,Bloomsbury  London WC1
BV2051831/1,Peter,Closkey,31/01/2005,
BV21702058/1,Alice,Coates,09/08/2016,Tooting  London SW11
BV2022287/1,Robert,Cochrane,11/04/2002,Southampton  Hampshire
BV22519191/1,Brenda,Cockshott,28/02/2025,Bradford  West Yorkshire
BV2030876/1,Bella,Cohen,10/12/2002,Middlesborough  Cleveland
BV21500508/1,Davi,Cohen,11/12/2011,New Southgate  London N11
BV21008907/1,Simon,Cohen,16/01/2010,Plymouth  Devon
BV2050303/1,Hans,Cohn,02/09/2004,Bedford  Bedfordshire
BV2044906/1,Audrey Elsie,Cole,30/06/2004,Gloucester  Gloucestershire
BV2052058/1,Jean,Cole,16/03/2001,Wembley  Middlesex
BV992463/1,Pauline Mabel,Cole,15/02/1999,Paddington  London W2
BV22414667/1,Stephen Barry,Cole,31/08/2019,Leeds  West Yorkshire
BV2021399/1,Rosemary Beatrice Jacoba,Coleby,09/02/2002,Witham  Essex
BV2044062/1,Christine,Coleman,08/04/2004,Harrow  Middlesex
BV2079526/1,Margaret Mary,Coleman,13/09/2007,Romford  Essex
BV2048199/1,Iris Muriel Jessica,Coles,29/09/2003,Great Coates  Lincolnshire
BV992301/1,Sally,Coles,22/12/1998,Bristol
BV2005224/1,William Frederick,Collett,15/12/1999,Gloucester  Gloucestershire
BV21112108/1,Patricia,Collier,25/04/2007,Islington  London N7
BV992090/1,Mary,Collingwood,17/01/1999,Newport Pagnell  Buckinghamshire
BV22011085/1,Carl Anthony,Collins,01/05/2020,Lincoln  Lincolnshire
BV21907104/1,James,Collins,15/01/2019,Camden  London NW3
BV21615422/1,Jason,Collins,13/04/2015,Clacton  Essex
BV2076872/1,John,Collins,31/07/2007,Norwich  Norfolk
BV2044412/1,John Henry,Collins,10/06/2004,Bristol  NE Somerset
BV2077058/1,John Laurence,Collins,01/05/2007,Lewisham  London SE13
BV2098193/1,Peter,Collins,29/06/2009,Romford  Essex
BV22519225/1,William Michael Alan,Collins,31/07/2025,Ely  Cambridgeshire
BV22211469/1,Alvaro,Colonia,25/08/2021,Westminster  London W2
BV21302068/1,Marjorie June,Coltart,23/05/2012,Guisborough  Cleveland
BV21815195/1,John,Coltman,22/06/2017,Leicester  Leicestershire
BV22414867/1,Richard,Coltman,03/01/2024,Cheltenham  Gloucestershire
BV21308581/1,Anthony,Combe,10/09/2012,Hackney  London E8
BV21105349/1,David,Comerford,18/01/2010,Winchester  Hampshire
BV975513/1,Happiness Melody,Comfort,28/08/1997,Paddington  London W2
BV2066734/1,Angela Maria,Comi,25/07/2006,Colchester  Essex
BV21010913/1,Kensil,Compton,18/06/2007,Tottenham  London N15
BV975527/1,Patrick Joseph,Conaghan,18/06/1997,Stoke on Trent  Staffordshire
BV22422745/1,Eric Frederick,Coningsby,29/07/2024,Camden  London NW5
BV21009476/1,James,Conlon,23/11/2004,Camden  London N1
BV22011258/1,Martin,Conneely,23/09/2019,Camden  London NW3
BV2071067/1,Leila,Connell,05/05/2005,Brighton  East Sussex
BV21003388/1,Anthony Joseph,Connelly,05/02/2010,Cambridge
BV2091111/1,Arthur,Connelly,12/01/2009,Stockport  Cheshire
BV2051003/1,Jeffrey,Connelly,31/12/2004,Margate  Kent
BV995215/1,Florence,Connington,03/12/1998,Chelsea  London SW10
BV2025718/1,Edward Stephen,Connolley,12/09/2002,Leicester  Leicestershire
BV2005454/1,Charlotte,Connolly,29/09/2000,Derby  Derbyshire
BV2077870/1,James,Connon,06/01/2005,Charlton  London SE7
BV21503610/1,John,Connor,23/12/2013,Southwark  London SE16
BV2022074/1,Michael,Conroy,29/04/1998,Nottingham  Nottinghamshire
BV22002641/1,Michael Thomas,Conroy,07/02/2018,Islington  London N19
BV21803178/1,Peter George,Constantino,03/11/2017,Lingfield  Surrey
BV22201522/1,John,Conteh,25/08/2019,Camden  London NW3
BV22416413/1,Soire James,Conteh,02/01/2024,Leytonstone  London E11
BV21811627/1,Denise,Conway,07/01/2018,Ealing  London W3
BV2020522/1,Olive,Conway,29/10/2001,Sunderland  Tyne & Wear
BV2047847/1,Albert,Cook,12/08/2001,
BV2084947/1,Daphne Winifred,Cook,27/04/2008,Westcliffe on Sea  Essex
BV21915777/1,Frances Doreen,Cook,09/03/2014,Croydon  Surrey
BV2066451/1,Frederick,Cook,17/07/2006,Sydenham  London SE26
ESTA26#10648/1,Margaret Lilian,Cook,16/10/2025,Croydon  Surrey
BV21013472/1,Maria Marguerita,Cook,15/08/2010,Birmingham  West Midlands
BV22012244/1,Michael,Cook,05/11/2019,York  North Yorkshire
BV2053037/1,Myra Betty,Cook,03/03/2005,Southsea  Hampshire
BV2023342/1,Susan Ann,Cook,24/05/2002,Leigh on Sea  Essex
BV22419755/1,David,Cooke,04/12/2023,Cobham  Surrey
BV2052333/1,Ida Inga,Cooke,23/12/2003,Leeds  West Yorskhire
BV993188/1,Jacqueline Marie Yvonne,Cooke,10/05/1999,Hampstead  London NW3
BV982976/1,Ernest Edward,Cookson,08/11/1997,
BV2043774/1,Adolf,Cooley,05/04/2004,Leicester  Leicestershire
BV965784/1,Agnes,Cooney,07/09/1996,Cricklewood  London NW2
BV21619512/1,Francis Noel,Cooney,29/06/2016,Camden  London NW1
BV21202924/1,Michael Senon,Cooney,19/11/2011,Uxbridge  Middlesex
BV2012504/1,Alan,Cooper,15/04/2001,Bradford  West Yorkshire
BV2035974/1,Edith Mary,Cooper,30/08/2003,Ipswich  Suffolk
BV21406249/1,Frederick,Cooper,13/12/2013,Sheffield  South Yorkshire
BV2078061/1,Helen,Cooper,03/06/2007,Denmark Hill  London SE5
BV21605155/1,Henrietta,Cooper,28/12/2015,Westminster  London  W2
BV21711975/1,John,Cooper,23/09/2005,Whitechapel  London E1
BV2060682/1,May,Cooper,29/04/2004,
BV21009758/1,Michael,Cooper,26/10/2009,Leicester  Leicestershire
BV22315279/1,Peter Edward,Cooper,28/02/2023,Lewisham  London SE13
BV22512788/1,Spencer Neil,Cooper,17/02/2025,Peterborough  Cambridgeshire
BV2020316/1,Edward,Cope,31/12/2001,Nottingham  Nottinghamshire
BV2022977/1,Edith,Copeland,15/04/2002,Wimbledon  London SW19
BV22212020/1,Barry,Corbett,31/12/2020,Waltham Forest  London E11
BV21811595/1,Thomas,Corcoran,22/06/2018,St. Leonards-on-Sea  East Sussex 
BV22107274/1,Remedios,Cord,17/05/2017,Harrogate  North Yorkshire
BV21603667/1,George Cecil,Cordingley,15/01/2012,Shipley  West Yorkshire
BV2074953/1,Johanna,Corke,21/04/2005,Newham  London E12
BV21211448/1,Eileen Marjorie,Cornwall,10/04/2012,Stoke On Trent  Staffordshire
BV2050627/1,Edward,Corono,26/11/2003,Weston Super Mare  Somerset
BV2023178/1,John James,Corrigan,02/01/1997,Southampton  Hampshire
BV2060149/1,Vincent,Costa,16/07/2003,Willesden  London NW10
BV22307154/1,David,Cotes,08/03/2018,Eastbourne  Sussex
BV2002927/1,Joan Elizabeth,Cotterill,30/08/1999,Stockton on Tees  Cleveland
ESTA26#11431/1,Stephen,Cotterill,29/04/2022,Worcester  Worcestershire
BV990616/1,Peggy,Coulson,25/01/1999,Solihull  West Midlands
BV972562/1,Ernest Philip,Coult,02/01/1997,Brighton  East Sussex
BV21917582/1,Anthony James,Coursey,11/05/2019,Swansea  Glamorganshire
BV21413778/1,Rosa Mavis Clare,Courtice,23/03/2013,Lancing  West Sussex
BV22309779/1,Charlotte,Courtman,29/03/2022,Braintree  Essex
BV21109373/1,William John,Cousins,08/10/2010,Worthing  West Sussex
BV2043070/1,Mary Annette Lorraine,Couture,08/04/2004,Beckenham  Kent
ESTA25#2472/1,Harold Brian,Couzens,02/03/2023,Southend-On-Sea  Essex
BV2024290/1,Allan,Coverdale,21/06/2002,Consett  Co Durham
BV21012785/1,Athol Ernest,Cowen,04/10/2010,Wrexham  Clwyd
ESTA26#3127/1,Kevin Arthur Thomas,Cowie,28/10/2025,Grimsby  Lincolnshire
BV2014545/1,Lucy Jean,Cowie,14/09/2001,Canterbury  Kent
BV2041092/1,Alexander,Cowley,03/05/2001,Carshalton  Surrey
BV982174/1,Giaconda Francesca,Cowling,23/03/1998,Hove  East Sussex
BV21617750/1,Angela Jane,Cox,25/06/2016,Twickenham   Middlesex
BV2004985/1,Frances Vera,Cox,09/10/2000,Cheltenham  Gloucestershire
BV2081617/1,Frederick,Cox,06/06/2007,Farnborough  Hampshire
BV2062558/1,Hella Anita Hiltraud,Cox,12/01/2006,Romford  Essex
BV21011050/1,Kenneth Edward,Cox,29/03/2010,Golders Green  London NW11
BV21002237/1,Linda,Cox,29/01/2010,Gloucester  Gloucestershire
BV22414869/1,Peter Douglas,Cox,14/01/2023,Romford  Essex
ESTA26#4056/1,Stephen Mark,Cox,27/10/2025,Tooting London SW17
BV975425/1,William Henry,Cox,01/01/1997,Leyton  London E10
BV22414469/1,Albert,Coxall,30/06/2024,Battersea  London SW11
BV21908866/1,Pater,Coyle,13/12/2018,Upper Norwood  London SE19
BV22503455/1,William Petrie,Coyle,02/02/2024,Rotherham  South Yorkshire
BV2063934/1,William Thomas,Cozens,24/03/2006,Bedworth  Warwickshire
BV21906709/1,John,Cradock,12/12/2010,Tunbridge Wells  Kent
BV2010256/1,John Walter Vallins,Craggs,17/11/2000,Croydon  Surrey
BV2001175/1,David,Craig,13/01/2000,Birkenhead  Merseyside
ESTA26#13008/1,Robert,Craig,09/09/2014,Darlington  County Durham
BV22506503/1,Cedric Adolph,Cranstoun,20/01/2012,Clapham  London SW4
BV2047320/1,Royston Dennis,Crawford,19/09/2004,Gloucester  Gloucestershire
BV2055826/1,Ruth,Crawford,31/05/2002,Romford  Essex
BV22406701/1,Mark,Crawley,20/05/2023,St Leonards-on-Sea  Sussex
BV2092432/1,Ian George,Creighton,27/10/2005,Farnborough  Hampshire
BV2070232/1,Barrie Gerard,Cresswell,13/09/2006,Croydon  Surrey
BV21015273/1,Phillip Charles,Crisp,26/09/2010,Brighton  East Sussex
BV22508886/1,Terence Roy,Crispin,24/12/2022,Sydenham  London SE26
ESTA26#14923/1,Juana,Cristobal,26/10/2023,Alton  Hampshire
BV973606/1,Pauline,Crockford,06/06/1997,Peterborough  Cambridgeshire
BV2056948/1,Daniel,Crofton,25/06/2005,Gillingham  Kent
BV21619100/1,John,Cromarty,21/04/2016,Bristol
BV2034395/1,Geoffrey,Cronin,03/01/2003,Paddington  London  W2
BV21307568/1,Jimmy,Cronin,17/02/2004,Tooting  London SW17
BV22011655/1,Daphne Marion,Crosbie-Parish,03/04/2020,Brighton  East Sussex
BV2055803/1,Alan,Cross,10/03/2005,Barnet  Hertfordshire
BV22412973/1,Humanie,Cross,30/11/2016,Southall  Middlesex
BV21206457/1,William Theophilus,Cross,26/01/2008,Doncaster  South Yorkshire
BV22519254/1,Glenys,Crosskill,07/04/2025,Ossett  West Yorkshire
BV2078629/1,Barbara,Crowther,31/03/2007,Birmingham  West Midlands
BV2003466/1,Monica,Crumpton,09/08/1999,Mortlake  London  SW14
BV21811823/1,Darren,Crutchley,27/03/2018,Northampton  Northamptonshire
BV22010882/1,Fortuoso,Cruz,15/05/2020,Hammersmith  London W6
BV2013728/1,Janos,Csizmadia,09/01/2001,Darlington  Durham
BV2002641/1,Josef,Cuber,27/03/2000,Stafford  Staffordshire
BV22421618/1,Alice,Cudworth,16/08/2024,Camden  London NW5
BV22309868/1,George,Cullen,02/11/2022,Leyton  London E10
BV21310848/1,John,Cullen,02/03/2012,Camden  London NW5
BV21818099/1,Mark,Cullen,12/02/2017,Bristol
ESTA25#3463/1,Patricia,Cullen,05/03/2025,Wrexham  Clwyd
BV22305923/1,Peter,Cullen,15/11/2022,Harrow Middlesex
BV980034/1,Terence Joseph,Cullen,17/09/1997,Swindon  Wiltshire
ESTA26#11372/1,Susan Louise,Cullum,11/09/2021,Leeds  West Yorkshire
BV22503026/1,John Barrie,Culpan,18/11/2021,Scarborough  North Yorkshire
BV22006644/1,Reginald,Cumberbatch,24/01/2018,Wembley  Middlesex
ESTA25#3549/1,Finsetta Alretta,Cummings,27/08/2025,Histon  Cambridgeshire
BV2065772/1,Agnes,Cunningham,15/12/2005,Camberwell  London SE5
BV21512518/1,George,Cunningham,10/05/2015,Hull  East Yorkshire
BV21210744/1,Isola,Cunningham,02/11/2001,Stockwell  London SW9
BV2013444/1,Jonathan Benidict,Cunningham,30/06/2001,Enfield  Middlesex
BV2060426/1,Patrick,Cunningham,27/08/2005,Birmingham  West Midlands
BV21909087/1,Phillip John,Cunningham,03/07/2016,Whitechapel  London E1
BV21011377/1,John Joseph,Curling,25/07/2010,Margate  Kent
BV2035710/1,Harry,Curtis,26/06/2003,Chertsey  Surrey
BV2003107/1,Annie,Cuthbert,18/06/2000,Pontefract  West Yorkshire
BV2084237/1,Douglas John,Cutland,04/06/2008,Tavistock  Devon
BV22400688/1,Krystyna,Cybulska,28/08/2023,Sutton-in-Ashfield  Nottinghamshire
BV22516142/1,Lenore Clarissa,Cyrus,21/04/2025,London E11
BV2071515/1,Joseph,Czagany,27/09/2005,South Norwood  London  SE25
BV990859/1,Stanislaw,Czarnogas,26/11/1998,Romford  Essex
BV2042442/1,Ivan,Czernyszenko,26/04/2002,Guildford  Surrey
BV2065800/1,Jozef,Czerwinski,13/05/2006,Ashford  Kent
BV21408562/1,Gertrud Marta,Czolij,12/04/2014,Nottingham  Nottinghamshire
BV2074865/1,Ivan,Czorneha,30/09/2005,Bradford  West Yorkshire
BV2023585/1,Jan,Czyz,08/04/2002,Leeds  West Yorkshire
BV9702548/1,Joao Manuel,Da Costa Almeida,12/02/1997,Brent  London NW10
BV21802693/1,Maria,Da Cruz,05/02/2015,Stepney Green  London E1
BV22212428/1,Marcelino,Da Rocha Leal,22/12/2021,Sunbury-on-Thames  Surrey
BV21713444/1,Maria Teresa,Da Visitacao,27/08/2016,Danbury  Essex
BV2012420/1,Margaret,Dabanli,15/07/1999,Poplar  London  E14
BV2040469/1,Ursula Ida Emma,Dace,12/11/2003,Dacorum  Hertfordshire
BV2070575/1,Narcisa,Dadam,23/06/2006,Islington  London  N1
BV22302429/1,David William,Dale,11/03/2019,Wandsworth  London SW11
BV21303140/1,Marion,Daley,12/12/2008,Brixton  London SW2
BV21611082/1,Sutcliffe George,Dallas,12/02/2016,Bristol
BV21921912/1,Paul Basil,Dallaway,08/07/2019,Gedling  Nottinghamshire
BV21915092/1,Jill Graham,Dallison,15/02/2018,Barnsley  South Yorkshire
BV2094253/1,Kathleen,Dalton,16/03/2009,Reading  Berkshire
BV973505/1,Lottie,Dalton,22/03/1997,Barking  Essex
BV994186/1,Peter,Dalton,31/03/1998,Nottingham  Nottinghamshire
BV21215110/1,Anthony Michael George,Daly,28/11/2011,Harlow  Essex
BV22005930/1,Joseph Patrick,Daly,30/08/2019,Hackney  London N1
BV985555/1,Marion,Daly,24/12/1997,Brighton  East Sussex
BV22418033/1,Michael Colin,Daly,27/12/2022,Bristol
BV22417576/1,Audrey Jeanette,Dancey,15/07/2024,Swindon  Wiltshire
BV22505888/1,Elizabeth,Dane,14/11/2023,Clacton-On-Sea  Essex
BV22419953/1,Mohsen,Daneshvari,02/04/2024,New Milton  Hampshire
BV980315/1,Richard Henry,Danger,01/12/1997,Kensington  London  W8
ESTA25#3457/1,Christopher,Daniels,15/08/2025,Bristol
BV22213535/1,Jemima,Daniels,12/02/2018,Carlisle  Cumbria
ESTA26#10649/1,Peter,Daniels,14/03/2026,Scunthorpe  Lincolnshire
BV21004071/1,Grace,Danks,01/08/2009,Birmingham  West Midlands
BV2070563/1,Jozseph,Danyi,14/12/2004,Huddersfield  West Yorkshire
BV21401623/1,Barbara,Darabsett,17/06/2013,Putney  London SW15
BV22107782/1,Alpha Sanusi,Daramy,24/04/2020,Barnet  Middlesex
BV2042759/1,Jan,Darczyc,01/02/2003,Kingham  Oxfordshire
BV2070943/1,Timothy,Darker,16/09/2006,Coventry  West Midlands
BV2075284/1,Peter,Darling,03/05/2005,Nottingham  Nottinghamshire
BV21306186/1,Asapi Pestonji,Daruvala,23/11/2009,London  Woolwich SE18
BV21716742/1,Katharine Clare,Darvill,04/09/2017,Harlow  Essex
BV2015259/1,Biswanath,Das,30/07/2001,Bradford  West Yorkshire
BV22517201/1,Carlos Manuel,Das Neves Rodrigues,03/07/2025,Westminster  London W2
BV21517820/1,Anna,Dashwood,24/03/2014,Woolwich  London SE18
BV22421122/1,Ghulam,Dastigir,18/12/2023,Hayes  Middlesex
BV21803989/1,Robin George,Davey,06/01/2018,St Neots  Cambridgeshire
BV21915094/1,Shain,Davidnov,30/04/2019,Pool  Dorset
BV2057884/1,James William,Davidson,02/08/2005,Newcastle-upon-Tyne Northumberland
BV22405266/1,Stanley,Davidson,02/10/2022,Kingston Upon Thames  Surrey
ESTA26#4110/1,Ahlan,Davidson-Grey,09/12/2025,Ilfracombe  Devon
BV22110106/1,Albert George,Davies,06/12/2020,Dartford  Kent
BV22511122/1,Allan,Davies,16/09/2022,Christchurch  Dorset
BV2001631/1,Brian,Davies,02/01/2000,Cardiff Wales
ESTA25#3460/1,Bryn,Davies,20/05/2024,Torquay  Devon
ESTA26#5406/1,David,Davies,02/03/2021,Chertsey  Surrey
BV21803643/1,Elphinton,Davies,19/06/2017,Leeds  West Yorkshire
BV2004722/1,Eve,Davies,01/07/1999,Croydon  Surrey
BV2055730/1,Glyn Barry,Davies,03/11/2004,Sheffield  South Yorkshire
BV976010/1,Gwendoline,Davies,14/08/1997,Eastbourne  East Sussex
BV21600504/1,Helen Soni,Davies,28/12/2013,Roseworth  Stockton on Tees
BV2004222/1,Hubert Thomas John,Davies,14/07/2000,New Southgate  London  N11
BV2059784/1,Idris Edward,Davies,18/04/2005,Northampton  Northamptonshire
BV22105232/1,Jacqueline Jane,Davies,19/10/2020,Rhondda Cynon Taf  South Wales
ESTA25#3559/1,James,Davies,03/11/2007,Whitechapel  London E1
BV21713720/1,John,Davies,14/06/2016,Harrow  Middlesex
BV21411483/1,Margaret Mary,Davies,15/06/2014,Glossop  Derbyshire
BV2025920/1,Mary Violet,Davies,05/10/2002,Hartcliffe  Bristol
BV21211255/1,Nathaniel,Davies,07/04/2010,Clapton  London E5
BV21513261/1,Peter John,Davies,19/05/2015,Plymouth  Devon
BV21515987/1,Raymond,Davies,21/06/2011,Penarth  Vale of Glamorgan
BV2002757/1,Rhys Emlyn,Davies,06/06/2000,Winchmore Hill  Enfield
BV21818121/1,Richard Arthur,Davies,13/12/2017,Sutton Coldfield  West Midlands
BV22515966/1,Robert Lennox,Davies,21/08/2014,London SW16
BV2015411/1,Sarah,Davies,19/07/2001,Llanelli  Carmarthenshire
BV22508386/1,Shaun Giles,Davies,08/01/2025,Queensferry  Flintshire
BV21211474/1,Souslik,Davies,23/11/2008,Hackney  London E8
BV21005292/1,Stephen,Davies,15/01/2010,Croydon Surrey
BV2062296/1,Christine Ann,Davis,13/03/2006,Southall  Middlesex
BV21112719/1,Edward,Davis,01/03/2011,Gravesend  Kent
BV2046193/1,Edward Frederick,Davis,25/11/2002,Kinmel Bay Conwy
BV981229/1,Eileen Mary,Davis,16/02/1998,Leeds Yorkshire
BV21505870/1,Graham,Davis,18/10/2014,Nantwich  Cheshire
BV21604963/1,Harry,Davis,21/08/2015,Wimbledon  London  SW19
BV21007203/1,Jeanne,Davis,31/05/2010,Ashford Kent
BV2082990/1,John,Davis,15/03/2000,Worthing  West Sussex
BV22512762/1,John,Davis,30/09/2021,Westcliffe-on-Sea  Essex
BV22514581/1,John Walter,Davis,14/01/2024,Tunbridge Wells  Kent
BV22206659/1,Lurine,Davis,12/01/2021,Sutton Coldfield  West Midlands
BV2002065/1,Maud Clara,Davis,24/10/1999,Sandford-on-Thames Oxford
BV21010299/1,Michael John,Davis,13/01/2008,March  Cambridgeshire
BV22505705/1,Paul Martin,Davis,29/11/2023,Rickmansworth  Buckinghamshire
BV21611700/1,Robert Andrew,Davis,01/06/2016,Swindon  Wiltshire
BV21300114/1,Roger,Davis,28/02/2008,Bedford  Bedfordshire
BV2088106/1,Thomas,Davis,21/07/2008,Willesden London NW2
BV995306/1,Mary Jane,Davis-Jenkins,17/04/1999,Barnet  Hertfordshire
BV2082229/1,Andrew,Davison,30/09/2007,Stoke on Trent  Staffordshire
ESTA25#4398/1,Malcolm,Davison,26/01/2022,Stockton on Tees  County Durham
BV22511020/1,Michael,Davison,25/05/2025,Plymouth  Devon
BV21613247/1,Doreen Valerie,Dawes,20/06/2016,Plymouth  Devon
BV21619101/1,Brenda,Dawson,17/08/2016,Poole  Dorset
BV993693/1,Ian Joseph,Dawson,04/11/1998,Sutton
BV22216886/1,James Phillip,Dawson,08/09/2021,Enfield  Middlesex
BV2004397/1,Kenneth Earl,Dawson,03/05/2000,Catford  London  SE6
BV21620453/1,Susan Jennifer,Dawson,13/10/2016,Bilston  West Midlands
BV22514128/1,Alan,Day,13/06/2025,Uxbridge  Middlesex
BV990879/1,Alfred,Day,31/12/1998,
BV2001554/1,Charles,Day,09/01/1998,St Leonard's on Sea  East Sussex
BV2059851/1,Joseph,Day,02/05/2005,Derby Derbyshire
BV980030/1,Winifred,Day,28/03/1997,Westminster London SW1
BV21111371/1,Gerolamo,De Benetti,25/08/2009,Goring-by-Sea  West Sussex
BV21113767/1,Eduardo,De Cavalho,30/09/2011,Brighton  East Sussex
BV21410805/1,Paulo Andre,De Jesus,21/02/2014,Clapham  London SW4
BV993519/1,Marthe Marie,De Mol,05/05/1999,Folkstone  Kent
BV22514025/1,Stanley Walter,De Noronha,14/06/2023,Hanwell  London  W7
BV21502500/1,Humberto,De Ponte,07/10/2014,Folkestone  Kent
BV22313796/1,Michael,De Rosa,03/03/2023,Southampton  Hampshire
BV22300983/1,Marthe Benjamin,de Saint-Ours,22/12/1993,Hammersmith  London W6
BV21005052/1,Angelo,De Souza,22/12/2009,Eastbourne  East Sussex
BV2060762/1,Beatri,De Souza,28/12/2004,Peckham London SE15
BV22101302/1,Ernest,De Souza,16/08/2016,Hackney  London N1
BV21609882/1,George Joseph,De Souza,28/01/2010,Paddington  London W2
BV2062789/1,Delores,De Villiers,08/01/2006,Haywards Heath  West Sussex
BV21302932/1,Jeremy,De Villiers,24/08/2012,East Cowes  Isle of Wight
BV21603668/1,Christopher,Dean,14/11/2014,Brighton  East Sussex
BV22205040/1,Myra,Dean,22/12/2018,Driffield  East Riding of Yorkshire
ESTA26#20130/1,Barbara,Deane,17/10/2025,Huntingdon  Cambrideshire
BV2078614/1,Jacqueline,Deason,21/04/2007,Hastings  East Sussex
BV2082749/1,James,Dechirante,17/03/2007,Finchley London N3
BV22508389/1,Oliver William,Deeks,07/01/2025,Swindon  Wiltshire
BV21616514/1,Andrew,Deen,13/12/2015,Watford  Hertfordshire
BV22008197/1,Patrick Cuthbert,Dees,24/04/2020,Action  London W3
BV22402057/1,Cynthia,De-Guzman,20/12/2022,Hackney  London E8
BV2085065/1,Margaret Olwen Elizabeth,Deibert,03/11/2007,Pembroke Dock  Deyfed
BV2097565/1,Joseph,Dejneka,27/07/2009,Sheffield  South Yorkshire
BV22314642/1,Andrea,Dekker,07/05/2023,Torquay  Devon
BV2004831/1,Michael,Delaney,25/06/2000,Luton  Bedfordshire
BV2021691/1,Zofia,Demczuk,29/03/2002,
BV21815405/1,Eric James,Demello,17/05/2018,Swindon  Wiltshire
BV2032487/1,Edmund,Demelo,19/07/2002,Kensington London SW7
BV21007361/1,Maria,Demetriou,12/10/2009,Cricklewood  London NW2
BV21906400/1,Monica Linda,Demoer,23/06/2009,Avon  Bath
BV21002869/1,Beatrice Roberta,Denis,06/01/2010,Croydon  Surrey
ESTA26#10545/1,Arnold John,Denison,15/02/2026,Barnsley  South Yorkshire
BV22416411/1,Halit,Derbent,26/04/2023,Hackney  London N1
BV2033633/1,Vera Rosemary,Derrington,03/06/2003,Cambridge  Cambridgeshire
BV2078750/1,Eileen,Desmond,12/07/2007,Brixton  London SW2
BV21512169/1,Ronald,Desolla-Stanley,15/03/2015,Shropshire W Midlands
ESTA26#6392/1,Brian,Devaney,21/10/2025,Chelmsford  Essex
BV22101588/1,Clifford Philip,De-Vere,17/12/2017,Hammersmith  London W6
BV22002609/1,Garfield,Devin,01/12/2019,Camden  London NW1
BV22007416/1,Mohan Lal,Devlia,27/12/2019,Uxbridge  Middlesex
BV2065362/1,Mary,Devlin,20/01/2004,Leeds  Yorkshire
BV2086759/1,John Joseph,Devoy,13/11/2005,Tooting  London SW17
BV22010600/1,Linda Christine Margaret,Dhillon,06/04/2015,Southampton  Hampshire
BV21709102/1,Harshad,Dhimar,02/05/2016,Camden  London NW1
BV21810928/1,Praful,Dhinoja,23/12/2016,Harrow  London HA3
BV21000912/1,John,D'Hondt,15/10/2009,Denmark Hill  London SE5
BV21507853/1,John Barry,Dickenson,25/05/2013,Tamworth Staffordshire
ESTA26#12081/1,Victor,Dickinson,22/04/2026,Scunthorpe  Lincolnshire
BV22403198/1,Douglas,Dicks,30/11/2023,Yate  Gloucestershire
BV2031556/1,Robert,Dickson,18/05/2001,Bradford  West Yorkshire
BV21620454/1,Brian,Dillon,04/02/2016,Northwood  Middlesex
BV22106082/1,James,Dingle,01/02/2021,Leeds  West Yorkshire
BV21305350/1,John David,Diplock,26/01/2013,Portsmouth  Hampshire
BV21010297/1,Pechara,Diplock,16/12/2006,New Malden  Surrey
BV21910551/1,Gangakularatha,Dipple,12/01/2010,Camden  London WC1
BV2034633/1,Janet Mary,Disley,08/07/2003,Leicester  Leicestershire
BV22507708/1,Oladele,Disu,22/10/2024,Islington  London N5
BV21817506/1,Charles,Dixon,04/08/2018,Basingstoke  Hampshire
BV22421003/1,Lorraine Anthony,Dixon,10/01/2016,Wandsworth  London SW17
BV973598/1,Rose,Dixon,24/05/1997,Barnet  Hertfordshire
BV22504370/1,Thomas Malcolm,Dixon,10/12/2024,Holt  Norfolk
BV21014794/1,Branka,Djivanovic,20/09/2009,Warminster  Wiltshire
BV2040756/1,Eva,Djorich,11/12/2003,Guildford  Surrey
BV2091145/1,Sophie,Doblmayr,11/01/2009,Liss Hampshire
BV21909019/1,Istvan,Dobronyi,11/04/2016,Hackney  London N1
BV972704/1,Mary,Dockerty,20/01/1997,Huntingdon  Cambridgeshire
BV2032887/1,Mildred Evelyn Ford,Dodd,01/05/2003,Chester  Cheshire
BV21007302/1,Thomas Henry,Dodds,10/03/2010,Derby Derbyshire
BV22408161/1,Sabir,Doga,10/09/2023,Bournemouth  Dorset
BV22510850/1,Ahmet,Dogan,01/06/2023,Cliftonville  Northampton
BV2041618/1,Surat Singh,Dogra,01/02/2004,Isleworth Middlesex
BV991041/1,Anna Gertrude,Doherty,27/01/1999,Harrow Middlesex
BV2041171/1,Danny,Doherty,14/11/2003,Amersham  Buckinghamshire
BV975872/1,Maud,Doherty,15/02/1997,Broadstairs  kent
BV2071022/1,Irene Elfriede,Dolan,02/11/2006,Lewisham London SE13
BV995047/1,James,Dolan,03/06/1998,Kentish Town  London NW5
BV21922220/1,John,Dolan,12/01/2019,Leeds  West Yorkshire
ESTA25#4407/1,Gary,Donaldson,29/03/2018,Pinner  Middlesex
BV21102294/1,Michael,Donnegan,20/01/2010,Cheadle  Staffordshire
ESTA25#4400/1,Edward Joseph,Donnelly,07/04/2014,Camden  London NW1
BV22217830/1,Michael,Donnelly,13/07/2015,Chertsey  Surrey
BV21302261/1,Theresa Patricia,Donnelly,25/12/2012,Egham  Surrey
BV21203527/1,Richard,Donohoe,28/01/2012,Westminster
BV21200242/1,Christine,Donovan,02/06/2011,Eastbourne  East Sussex
BV21407587/1,Michael,Donovan,05/01/2012,Thornton Heath  Surrey
BV975752/1,Michael Harry,Donovan,17/06/1997,Sheffield  South Yorkshire
BV2001138/1,Patrick,Donovan,15/11/1999,Kensington London W8
ESTA26#17298/1,Veronica,Donovan,06/01/2026,Isleworth  Middlesex
BV2099019/1,Joseph Peter,Doolan,30/12/2008,Holloway London N7
BV2072010/1,Brigid,Dooley,10/03/2007,Croydon  Surrey
BV2010750/1,John Thomas,Doran,10/12/2000,Shepherd's Bush  London  W12
BV2044902/1,Elsie,Dormer,14/04/2004,Aylesbury  Buckinghamshire
BV22301571/1,Herman Anthony,Dottin,15/11/2022,Tower Hamlets  London E14
BV21316749/1,Ronald,Dougal,14/10/2013,Haywards Heath  West Sussex
BV2078746/1,Eric,Doughty,10/02/2007,Birmingham  West Midlands
BV21615654/1,Barrington Lopez,Douglas,21/01/2016,Sydenham  London SE26
BV21207388/1,Lucille Ann,Douglas,09/05/2012,Forest Gate  London E7
BV21204921/1,Manley,Douglas,15/02/2012,Birmingham  West Midlands
BV2054603/1,Richard,Douglas,11/03/2005,Hammersmith  London  W6
BV21305028/1,Catherine,Dovanski,16/06/2008,Todmorden  West Yorkshire
BV2070704/1,Joyce May Emmott,Dowdell,08/12/2006,Portsmouth  Hampshire
BV21808240/1,Menvil,Dowell,17/03/2018,Trafford  Greater Manchester
BV22216838/1,Thomas,Dowell,19/07/2003,Anerley  London SE20
ESTA26#17315/1,Dorothy Hilda,Dowle,14/12/2025,Clacton-On-Sea  Essex
BV22205153/1,Patrick,Dowler,07/01/2022,Taunton  Somerset
BV2052658/1,Charles,Down,20/01/2005,Canton Cardiff
BV2031839/1,Ellen,Downey,26/01/2003,Coventry  Warwickshire
BV2073791/1,Anne,Downing,04/01/2001,Southwark  London SE1
BV21008576/1,Anna,Doyle,27/06/2010,Basildon  Essex
BV992570/1,Eileen Margaret,Doyle,21/04/1999,
BV21106192/1,Francis,Doyle,12/02/2010,Hampstead  London  NW3
BV22101340/1,Frank Ellis,Doyle,15/12/2019,Ruislip  Middlesex
BV21702529/1,Gerald Patrick,Doyle,01/10/2016,Isleworth  Middlesex
BV975536/1,John Joseph,Doyle,07/06/1997,Muswell Hill  London NW10
BV2071408/1,Patrick,Doyle,20/12/2006,Birmingham
BV992713/1,Thomas,Doyle,28/12/1998,Newbury  Berkshire
BV985654/1,Anthony,Drabczyk,24/10/1998,Acton  London W3
BV22414471/1,Beverley Louise,Drake,12/05/2024,York  North Yorkshire
BV2061434/1,Renee Georgette,Dreano,02/01/2004,Chelsea  London SW1
BV2033554/1,Ruth Mary,Drew,31/05/2003,Ashford  Kent
BV21004119/1,George Richard,Drinkwater,14/02/2010,Uckfield  East Sussex
BV2043806/1,Margarita,Drinkwater,13/01/2004,Rochester  Kent
BV21505167/1,Anthony James,Driscoll,06/01/2015,Southampton  Hampshire
BV21413415/1,Ann Catherine Mary,Driver,17/06/2014,Chester  Cheshire
BV22200470/1,Krista,Drobicka,24/11/2021,Carshalton  Surrey
BV20911764/1,Brian,Druce,22/07/2009,Heston  London TW5
BV2033253/1,Basil George,Drummond,17/05/2003,Ashton-under-Lyne  Greater Manchester
BV21720825/1,Deene,Drummond,14/08/2017,Portsmouth  Hampshire
BV21100328/1,Dolcina Cristina Maria,Drummond,03/03/2010,Winchester  Hampshire
BV21307227/1,Yin Hung,Drury,21/01/2013,Walthamstow  London E17
BV2099964/1,Patrique Vallon,Duaumonte,11/06/2007,Carshalton  Surrey
BV21505846/1,Anne Marie,Dubord,08/08/2014,Wolverhampton  West Midlands
BV21602447/1,Michael,Duddy,28/08/2015,Birmingham  West Midlands
BV21801506/1,Harshad Kumar L,Dudhaiya,30/11/2010,Croydon  Surrey
BV991572/1,Melvin,Dudley,15/09/1996,Bexley  Kent
BV2011685/1,Wilfred Charles James,Duell,13/03/2001,Poole  Dorset
BV21417930/1,Margaret Joyce,Duffell,15/08/2014,Sandhurst  Berkshire
BV2015095/1,Eugene,Duffy,11/05/2001,Epsom  Surrey
BV22008497/1,Daniel,Duggan,27/03/2019,Bexley  Kent
BV21302933/1,Patrick,Duggan,13/09/2012,Leeds  West Yorkshire
BV21013475/1,Stephen Mark Timothy,Duggan,27/07/2010,Cardiff  South Glamorgan
BV2053777/1,Olive,Dunbar,26/03/2005,Harlow Essex
BV21915522/1,Eileen,Dunbobin,09/03/2018,Sidcup  Kent
BV21810554/1,James Ernest,Duncan,14/11/2017,Leytonstone  London E11
BV21308272/1,Timothy,Dunford,06/01/2009,Woolwich  London SW18
BV2095375/1,Joan,Dunkerley,18/03/2009,Westgate-on-sea  Kent
ESTA26#18788/1,Peter Graham,Dunkley,08/05/2026,Cwnbran  Torfaen
ESTA26#14898/1,Evelyn,Dunn,18/03/2017,Darlington  County Durham
BV2070779/1,John,Dunn,16/03/1997,Isleworth  Middlesex
ESTA26#12553/1,John Peter,Dunn,20/10/2025,Aycliffe  County Durham
BV2045572/1,Thomas Arthur,Dunn,10/03/2004,Birmingham  West Midlands
BV2030608/1,Ann,Dunne,11/11/2002,Cricklewood  London NW2
BV22000106/1,Patrick Joseph,Dunne,21/04/2019,West Bromwich  West Midlands
BV22019135/1,Gordon William Dennis,Dunstan,10/06/2020,Barnsley  South Yorkshire
BV21104635/1,Carmen,Dura,23/01/2011,Acton  London W3
BV22200056/1,Genoveja,Durda,24/01/2010,Bradford  West Yorkshire
BV21904371/1,Alphonso Leslie,During,17/01/2019,Ilford  Essex
BV2033784/1,Sardar Qamar,Durrani,04/07/2001,Southall  Middlesex
BV22012657/1,Desiree Serena,Durrant,10/06/2018,Bridport  Dorset
BV2084868/1,John William Lionel,Durrant,13/06/2008,Tooting  London  SW17
BV2023186/1,Aloke Kumar,Dutta,18/07/2002,Cardiff  Glamorgan
BV22106017/1,Arthur Charles,Dyball,17/12/2020,Craven Arms  Shropshire
BV22408442/1,William Joseph,Dyer,02/07/2017,East Ham  London E6
BV2032985/1,Ralph,Dyke,10/02/2001,Battersea  London SW11
BV2041629/1,Philandus,Dyor,19/10/2003,
BV2003790/1,Janis,Dzenis,14/08/1998,Leeds  West Yorkshire
BV20911991/1,Zosia,Dziadecke,12/11/2009,Doncaster  South Yorkshire
BV990837/1,Boleslaw,Dziekanski,16/11/1998,Leytonstone London  E11
BV2055101/1,Helena,Dzus,24/02/2000,Barnet  Hertfordshire
BV2014478/1,Czeslaw,Dzwonik,19/09/2001,Birmingham  West Midlands
BV21502746/1,Michael Eric,Eady,23/09/2014,Southgate  London N14
BV22215780/1,John,Eames,13/09/2019,Camden  London NW3
BV22005785/1,Ronald,Easterbrook,03/02/2020,Tavistock  Devon
BV992275/1,John Edward,Easton,06/05/1999,Cheltenham  Gloucestershire
ESTA25#3191/1,Delia Hamilton,Eastwood,07/11/2022,Ipswich  Suffolk
BV2047072/1,Peter Willoughby,Eberall,30/08/2004,Hassocks  West Sussex
BV21106358/1,Enwukwe Graham Kwedi,Edde,06/01/2011,Lambeth  London SE1
BV21105697/1,Keith,Eddon,04/11/2010,Leiston  Suffolk
BV21716688/1,Alwyn,Eddy,18/03/2015,Birmingham  West Midlands
BV22308015/1,Ephraim Emmanuel Eyo,Edem,02/05/2022,Poplar  London E14
BV21114789/1,Sunny Eyo,Edem,16/09/2011,Fulham  London SW6
BV22503290/1,Colin John,Eden,20/12/2023,Oldbury  Worcestershire
BV2044635/1,Marianne Amelia,Eden,29/12/2003,Ilford  Essex
BV22406693/1,Samantha Jane,Edgecombe,12/02/2023,West Malling  Kent
BV22402800/1,Alfred,Edwards,12/08/2021,Hammersmith  London W1
BV21303998/1,Barry John,Edwards,05/01/2011,Burgess Hill  West Sussex
BV22309989/1,Christopher Philip,Edwards,12/06/2019,Mablethorpe  Lincolnshire
BV21401277/1,Cyril James,Edwards,14/06/2013,Upper Holloway  London  N19
ESTA25#94/1,Duncan,Edwards,09/05/2024,Hensingham  Cumbria
BV2082674/1,Eileen,Edwards,01/02/2008,Ilford  Essex
BV2002069/1,Evelyn,Edwards,29/11/1999,Rochester  Kent
BV22113845/1,George Henry,Edwards,19/05/2020,Redditch  Worcestershire
BV22312776/1,Helen Louisa Maria,Edwards,06/02/2021,Reading  Berkshire
BV2075397/1,James,Edwards,14/03/2007,Penarth  Vale of Glamorgan
BV21422337/1,James,Edwards,15/11/2013,Holloway  London N7
BV22510240/1,John William,Edwards,03/03/2025,Southall  Middlesex
BV2060356/1,Neville Francis,Edwards,05/06/2005,
BV2020710/1,Norman George,Edwards,01/02/2002,Cheltenham  Gloucestershire
BV22506006/1,Raymond Arthur,Edwards,13/11/2024,Plymouth  Devon
ESTA26#8801/1,Robin,Edwards,30/10/2025,Bath  Somerset
BV2060241/1,William,Edwards,28/12/2003,Birmingham  West Midlands
BV22516273/1,Lauren,Effah,09/06/2023,North Cheam  Surrey
BV2000554/1,Edward,Egan,18/01/2000,York  North Yorkshire
BV21919095/1,Thomas,Egan,30/07/2019,Lewisham  London SE13
BV22301899/1,Khahin Abdi,Egge,06/09/2021,Market Harborough  Leicestershire
BV2086763/1,Olga,Eglevskaia,14/08/2007,Lewisham  London SE13
BV2061043/1,Augustus,Eglitis,01/07/2005,Workington  Cumbria
ESTA26#4810/1,Siegfried,Ehrich,28/05/2025,Nuneaton  Warwickshire
BV21802686/1,Sidney,Eisler,28/10/2017,Whitechapel  London E1
BV21508030/1,Wazir Yussoff,El Daeni,17/03/2015,Southampton  Hampshire
BV22201717/1,Samantha,El-Bay,09/02/2019,Westminster  London W2
BV21615089/1,Davy,Elcock,26/03/2016,Kensington  London W10
BV2045636/1,Henerietta,Eldon,11/07/2004,
BV2087818/1,William,Eley,24/08/2008,Tottenham  London  N17
BV21504464/1,Lawrence,Elie,08/09/2013,Guilford  Surrey
ESTA26#12127/1,Christopher James,Ellam,21/12/2025,Castleford  West Yorkshire
BV990657/1,Cecil J,Ellard,14/01/1999,Southampton  Hampshire
BV22422270/1,Adrian Paul,Ellerby,10/10/2023,Nottingham  Nottinghamshire
BV2037722/1,Terpsithea,Ellinas,23/11/2003,Southall  Middlesex
BV21112201/1,Barbara Crosthwaite,Elliot,17/02/2011,Torquay  Devon
BV22105081/1,Margaret,Elliot,23/06/2009,Macclesfield  Cheshire
BV22311602/1,Damian John,Elliott,24/03/2023,Crystal Palace  London SE26
BV21704175/1,Jane,Elliott,17/03/2007,Battersea  London  SW11
BV967189/1,Jessie Theresa,Elliott,14/10/1996,Willesden  London NW10
BV21106019/1,Leslie Paul,Elliott,15/03/2011,Lowestoft  Suffolk
ESTA26#18641/1,William,Elliott,05/03/2026,Ashington  Northumberland
BV2036462/1,Anne,Ellis,16/06/2003,Chesterfield  Derbyshire
BV21400218/1,Christopher,Ellis,22/03/2013,York  Yorkshire
BV21415353/1,Graham Stuart,Ellis,29/04/2014,Leeds  West Yorkshire
BV2033016/1,James Harry,Ellis,17/04/2003,Bristol  NE Somerset
BV21710319/1,John Bryan,Ellis,09/12/2016,Worcester  Worcestershire
BV22417356/1,Martin,Ellis,05/02/2023,Torquay  Devon
BV22109436/1,Patricia Alberta,Ellis,20/02/2018,Margate  Kent
BV21601568/1,Peter,Ellis,17/05/2012,Brent  London HA1
BV2056134/1,Robert,Ellis,22/02/2005,Birmingham  West Midlands
BV2047325/1,Thomas,Ellis,08/04/2004,Leeds  West Yorkshire
BV977026/1,Jean McKalvie,Elrick,11/09/1997,Gateshead  Tyne & Wear
BV22206623/1,Josephine,Elsden,26/02/2022,Dudley  West Midlands
BV2061500/1,Kevin Edward,Elsdon,24/12/2005,Braintree  Essex
BV21715124/1,Susan,Ely,15/08/2016,Henley-on-Thames  Oxfordshire
BV21812082/1,Bernadette,Emmitt,25/12/2012,Carshalton  Surrey
BV21103651/1,Terence Hartley,Emmott,31/01/2011,Cromer  Norfolk
BV2053668/1,Paul Thomas Francis,Endall,16/01/2005,Hampstead  London NW3
BV2059266/1,Thomas,English,04/06/2005,Bedford  Bedfordshire
BV2061855/1,Horst Erich,Erdmann,24/12/2005,Worcester  Worcestershire
BV21513827/1,Berkley,Ergus,29/11/2013,Lewisham London SE13
BV2079140/1,Colexis,Erlloy,13/06/2007,Leicester  Leicestershire
BV981454/1,Maria,Errath,24/02/1998,Brighton  East Sussex
BV21305912/1,Paul,Erumuse,23/02/2013,Nottingham  Nottinghamshire
BV2087497/1,Abdul Rasul,Esmail,09/09/2008,Paddington  London  W2
BV22102674/1,Phyllis,Esparon,01/12/2020,Southall  Middlesex
BV2001797/1,Janina,Etheridge,30/05/1999,Chelsea  London SW3
ESTA26#6557/1,Ann Christine,Evans,28/01/2026,Gloucester  Gloucestershire
BV2081791/1,Anthony John,Evans,21/12/2007,Paddington  London  W2
ESTA26#15062/1,Colin Gary,Evans,27/03/2026,Wrexham  Clwyd
BV2075539/1,Elsie,Evans,03/02/2005,Swindon  Wiltshire
BV991069/1,Eluned,Evans,13/08/1998,Gwynedd
BV2004832/1,Enid,Evans,06/10/1999,Brighton  East Sussex
BV2091493/1,Ivy,Evans,12/10/2008,Torquay  Devon
BV2042189/1,Jacqueline,Evans,04/12/2003,Crewe  Cheshire
BV2003563/1,Joyce,Evans,08/01/2000,Mexborough  South Yorkshire
BV2078761/1,Michael Anthony,Evans,30/09/2007,Stockton-on-Tees  Cleveland
BV21904192/2,Nathan,Evans,21/05/2014,Leeds  Yorkshire
BV22118713/1,Patricia,Evans,16/12/2019,Epsom  Surrey
ESTA26#10621/1,Philip Rees,Evans,03/05/2025,Swansea  West Glamorgan
BV2002427/1,Richard Gavin Michael,Evans,17/12/1999,Wolverhampton West Midlands
BV983058/1,Richard Parry,Evans,25/05/1998,Gwynedd
BV2003819/1,Terence,Evans,09/05/2000,Pontypool Gwent
BV21102023/1,Victor,Evans,28/07/2010,Bedford  Bedfordshire
BV21000370/1,William,Evans,22/09/2007,Carmathenshire
BV21206427/1,Melbourne,Evelyn,31/01/2012,Croydon   Surrey
BV22404723/1,Zoe Juliana,Everard,06/04/2023,Clacton-on-Sea  Essex
BV21406890/1,David,Eyers,11/02/2014,North Kensington  London W10
BV22001059/1,Anna,Fabry-de- Neddy Nahas,16/12/1996,Brighton  East  Sussex
ESTA26#15058/1,Alvin,Facey,16/09/2023,Sheffield  South Yorkshire
BV22403356/1,Robert Anthony,Fairbairn,16/12/2023,Hammersmith  London W6
BV973952/1,Oliver,Fairbank,10/07/1997,Halstead Essex
ESTA26#7343/1,Joan Ione,Fairweather,09/01/2026,Peckham  London SE15
BV2015072/1,Kathleen Anne,Fairweather,07/10/2001,Darlington  County Durham
BV21210409/1,Brian,Fallon,21/04/2007,St. Leonards on Sea  East Sussex
BV21111285/1,Robert,Fallowfield,25/07/2011,Wallasey  Merseyside
BV21907774/1,Herbert,Fandry,09/03/2000,Bournemouth  Dorset
BV2026069/1,Victor Adedapo Olufemi,Fani-Kayode,15/08/2001,Birmingham West Midlands
BV21900626/1,Mathias,Farkasch,01/08/2008,Bedford  Bedfordshire
ESTA26#12606/1,Lajos,Farkasdi,19/01/2026,Derby  Derbyshire
BV2014151/1,Daniel Da Costa,Farley,09/05/2001,Croydon  Surrey
BV22519258/1,David,Farley,14/07/2025,Nottingham  Derbyshire
BV2086279/1,James,Farrell,06/05/2008,Birmingham West Midlands
BV22420635/1,Peter Stylianos,Farrugia,23/02/2024,Croydon  Surrey
BV2013405/1,Speridion,Farrugia,11/04/2001,Gloucester  Gloucestershire
ESTA26#17456/1,Raymond,Faultless,24/09/2015,Colchester  Essex
BV980749/1,Daniel Francis,Fawcett,01/01/1998,Hampstead London NW3
BV2022646/1,S,Fay,17/05/2002,Bridgnorth Shropshire
BV974907/1,Annie,Fear,30/06/1997,Uxbridge  Middlesex
BV22107096/1,Sandra Anne,Featherstone,05/09/2019,Hull  East Riding of Yorkshire
BV976602/1,Anfisa,Federoff,07/10/1997,Birmingham  West Midlands
BV21311167/1,Patrick,Feeney,04/03/2013,Bedford  Bedfordshire
BV21510771/1,Maya,Feichter,06/08/2014,Camden  London  NW3
BV21502941/1,Peter David,Feldman,25/05/2009,Chiswick  London  W4
BV22502895/1,Ian Robert,Fell-Palmer,23/11/2024,Bristol
BV21611250/1,Eve,Fenwick-Clennell,05/01/2016,Frinton-on-Sea  Essex
BV22403249/1,Peter,Ferguson,05/12/2022,Stoke-on-Trent  Staffordshire
BV22211942/1,Stanley,Ferguson,21/06/2021,Enfield  London N18
BV22001432/1,Ema,Fernandes,15/03/2001,Warwick  Warwickshire
BV2082857/1,Theobald Mathews,Fernandes,26/03/2008,Watford  Hertfordshire
BV21812377/1,Elaine,Fernandez,20/02/2015,Hammersmith  London W6
BV21501345/1,Henry,Fernandez,09/10/2006,Kingston Upon Thames  Surrey
BV2050378/1,Maria Del Pilar,Fernandez,19/06/2004,West Brompton  London SW10
BV22006980/1,Zelia,Ferreira De Souza,18/08/2013,Lambeth  London SW9
BV22510975/1,Emelita Espiritu,Ferrer,04/04/2025,Lightwater  Surrey
BV981638/1,Enrique,Ferrer Soles,25/02/1998,Basildon  Essex
BV21509273/1,Aldo,Ferrero,18/05/2015,Gloucester   Goucestershire
BV21707389/1,Philip Peter John,Ferrier,15/11/2015,Morden  Surrey
BV2013256/1,Sinaida Zene,Fese,23/01/2001,West Brompton  London SW10
BV22514122/1,Martha Evelin,Fickert,23/06/2024,Camden  London NW1
BV2030820/1,Zacilla,Ficzet,26/11/2002,Archway  London N19
BV2098850/1,Mitar,Fidonavic,16/06/2009,Luton  Bedfordshire
BV22006089/1,David Alan,Field,20/05/2019,Bow  London E3
BV2053320/1,Peter Alan,Field,01/02/2005,Bradford  West Yorkshire
BV2020811/1,Esther,Fieldman,13/10/2001,Colindale  London NW9
BV2085258/1,Bose Abosede Elizabeth,Fige,04/05/2008,Paddington  London W2
BV21808358/1,Jadwiga,Filipkowska,08/04/2018,Cambridge  Cambridgeshire
BV21209730/1,Nancy,Finch,19/07/2012,Westminster  London W2
BV2022076/1,Yetta,Fineberg,21/03/2002,Upminster  Essex
BV2066381/1,Maurice,Finlay,27/06/2006,Plaistow  London E13
BV22009206/1,Anne,Finn,08/03/2020,Hammersmith  London W6
BV2002530/1,Austin Joseph,Finn,26/12/1997,Luton  Bedfordhsire
ESTA25#3458/1,Patrick,Finneran,15/03/2025,Portsmouth  Hampshire
BV21603777/1,Anthony,Finnerty,06/08/2015,Westminster  London  NW1
BV22507855/1,Peter,Finney,08/10/2024,Rhyl  Clwyd
BV2060312/1,William,Finnigan,15/10/2005,
BV2010142/1,Margaret May,Finnis,15/10/2000,Worthing  West Sussex
BV22410738/1,Glyn Stuart,Firman,01/01/1998,Welwyn Garden City  Hertfordshire
BV982783/1,James,Firth,02/10/1997,Bradford  West Yorkshire
BV2091565/1,Phyllis,Firth,31/12/2007,Birmingham  West Midlands
BV981825/1,Martin John,Fiscor,19/01/1998,Leeds  West Yorkshire
BV22514129/1,Frederick George,Fisher,03/03/2024,Liverpool  Lancashire
BV21200065/1,June,Fisher,17/07/2011,Lambeth  London SW1
BV2010839/1,John,Fitzgerald,19/09/2000,Coventry  West Midlands
BV22006582/1,Katherine Teresa,Fitzgerald,10/03/2010,Barnet  Hertfordshire
BV2087082/1,Michael,Fitzgerald,20/06/2008,Forest Gate  London E7
BV22414002/1,Thomas,Fitzgerald,03/03/2024,Leeds  West Yorkshire
BV22114619/1,Terrence Peter,Fitzharris,15/07/2021,Westminster  London W2
ESTA25#4004/1,Freda,Fitzmaurice,31/03/2025,Kettering  Northamptonshire
BV2004649/1,Edward Frank,Fitzpatrick,11/10/1999,
BV980751/1,Joseph Patrick,Fitzpatrick,17/12/1997,Camden  London
BV2074604/1,Lydia Louise,Fitzpatrick,29/06/2005,Chelsea  London SW10
BV2051739/1,Peter Anthony,Fitzpatrick,11/12/2004,Clacton on Sea  Essex
BV22201518/1,Kathleen,Flanagan,27/03/2020,Camden  London NW3
BV22102322/1,John Otis,Flanaghan,17/02/2020,Coventry  West Midlands
BV2044078/1,Joseph Patrick,Flannery,18/12/2003,Tooting  London SW17
BV2000953/1,Albert George,Fleming,18/03/1999,London
BV22514231/1,Anthony Paul,Fleming,03/12/2024,Leeds  West Yorkshire
BV22012187/1,Patrick,Fleming,02/06/2020,Lewisham  London SE13
BV2086072/1,Elsie June,Flemming,13/10/2007,Southend-on-Sea  Essex
BV22000980/1,Gerald Malcolm,Fletcher,04/06/2013,Market Harborough  Leicestershire
BV21816103/1,Jessica Beatrice,Fletcher,11/09/2018,Sheffield  South Yorkshire
BV22416295/1,Michael Andrew,Fletcher,30/09/2020,Luton  Bedfordshire
BV21605217/1,Michael Anthony,Fletcher,19/07/2015,Leeds  West Yorkshire
BV21507728/1,Andrew,Flint,14/02/2015,Mansfield Nottinghamshire
ESTA25#3176/1,Richard,Flood,24/02/2020,Ipswich  Suffolk
BV21211461/1,Cristea,Florian,06/07/2012,Golders Green  London NW11
BV2082530/1,John,Flynn,15/10/2007,Paddington  London  W2
BV2000538/1,John,Flynn,21/12/1999,Ilfracombe  Devon
BV2092224/1,Joseph,Flynn,22/01/2009,Birkenhead  Wirral
BV22305348/1,Thomas Joseph,Flynn,02/04/2022,Cambridge  Cambridgeshire
BV21015083/1,Phylis Cecilia,Fogden,05/09/2010,Maryport  Cumbria
BV22106299/1,Philomena,Fontaine,12/04/2020,Tooting  London SW17
BV21800015/1,Moses,Foon,16/09/2017,New Cross  London SE14
BV21711992/1,Mauveen Susan,Foot,13/05/2017,Westbury-on-Trym  Bristol
ESTA26#17401/1,Darren Lee,Foote,17/09/2022,Ilfracombe  Devon
BV22007920/1,Ian James,Forbes,17/04/2020,Peterborough  Cambridgeshire
BV2024651/1,Gwendoline Maud,Ford,02/06/2002,Welshpool  Powys
BV22114452/1,John,Ford,06/08/2018,Torquay  Devon
BV2032371/1,Mark Bryan,Ford,15/10/2002,Dulwich  London  SE21
BV22505676/1,Mary Theresa,Ford,08/02/2025,Battersea. London SW11
BV21107307/1,Nicholas,Ford,13/05/2011,Leytonstone  London E11
BV2081104/1,Anne,Forde,04/12/2007,Epsom  Surrey
BV21714690/1,Mary Elizabeth Lucerne,Forde,14/12/1997,Lewisham  London SE15
BV2035830/1,Eveline,Forsyth,09/04/2003,Southwark London SE1
BV2090018/1,Kazimirez,Fortuna,13/11/2004,Steeton  Keighley
BV21210695/1,Roger,Fortune,18/01/2012,Crediton  Devon
BV21213073/1,Ann,Foss,23/09/2012,Lewisham  London SE13
BV21504462/1,John Norman Hardy,Foss,25/03/2014,Attica  Greece
BV2050295/1,Alice,Foster,12/05/2004,Surbiton  Surrey
BV21918681/1,David,Foster,19/02/2019,Bognor Regis  West Sussex
BV2046331/1,Frank,Foster,06/05/2002,Camden  London NW1
BV22206039/1,Margaret,Foster,13/02/2022,Wallsend  Tyne and Wear
BV2013179/1,Mervyn,Foster,17/03/2001,Wolverhampton  West Midlands
BV22420835/1,Robert,Foster,17/02/2021,Bradford  West Yorkshire
BV2071564/1,Margaret,Fotheringham,22/12/2006,Plaistow London E13
BV2077237/1,Stuart Reginald,Foulser,06/07/2007,East Horsley  Surrey
BV21911114/1,Betty,Fox,15/04/2019,Romford  Essex
BV2050684/1,Margaret Ann,Fox,01/01/2005,Camden London NW1
BV2077927/1,Phillip,Fox,09/09/2007,Hyde Cheshire
BV21206149/1,Roy Edward,Fox,30/01/2012,Ilford  Essex
BV984092/1,William Edward,Fox,11/08/1998,Paddington London W2
BV22416269/1,Darren,Foy,26/05/2024,Stoke-on-Trent  Staffordshire
BV21904296/1,Rosemarie,Fraitz,08/11/2018,Carshalton  Surrey
BV2071191/1,Feliks,Frajmut,27/12/2006,Chesterfield  Derbyshire
ESTA26#12604/1,Peter Robert,France,20/07/2024,Edmonton  London N18
BV21506910/1,Leslie James,Frances,08/03/2015,Birmingham West Midlands
BV21810130/1,Josephine,Frances-Chi,14/10/2014,Kensington  London W10
BV2084772/1,Arul Mary,Francis,11/02/2008,Barnet  Hertfordshire
BV21314051/1,Cyril,Francis,18/04/2010,Clapham  London SW4
BV22212425/1,David J,Francis,21/09/2019,Camden  London NW1
BV2020085/1,Raymond,Francis,14/04/2000,Balham  London  SW12
BV21103363/1,Wilmot,Francis,19/11/2010,Bromley  Kent
BV2071605/1,Elizabeth Margo,Francis-Price,27/01/2006,Polegate  East Sussex
BV21300866/1,Katherine,Franklin,02/01/2013,Bournemouth  Dorset
BV22105127/1,Mark,Franklin,03/04/2021,Dorchester  Dorset
BV22412398/1,Teresa,Franklin,01/01/2024,Salisbury  Wiltshire
BV2033787/1,Anne,Fraser,31/05/2003,Fenham  Newcastle upon Tyne
BV21211482/1,Ena,Fraser,25/09/2011,Whitechapel  London E1
BV21506625/1,Eric,Fraser,10/07/2013,Thornton Heath  Surrey
ESTA26#4635/1,Ian Peter John,Fraser,29/12/2023,Southend-on-Sea  Essex
BV21406546/1,Jenny,Fraser,08/05/2009,Walthamstow  London  E17
BV21909235/1,Joan Margaret,Fraser,15/09/2000,Hereford  Herefordshire
BV22514268/1,Neil Marcus,Fraser,10/11/2022,Hove  East Sussex
BV2094257/1,Patricia,Fraser,14/04/2009,Camden  London
BV21403978/1,Wilfred,Fraser,02/06/2013,Walsall  West Midlands
BV21619944/1,Fitzroy Andrew Clauzel,Frederick,26/11/2010,Nottingham  Nottinghamshire
BV2033170/1,Beatrice Maude,Freeman,10/05/2003,Birmingham West Midlands
BV22504837/1,Michael Allen,Freeman,29/10/2024,Epsom  Surrey
BV21410567/1,Patrick,Freeman,16/03/2014,Newcastle  Tyne and Wear
BV2071755/1,William,Freeman,25/01/2007,Hayward Heath West Sussex
BV21503421/1,David William,French,27/08/2014,Torquay  Devon
BV2047447/1,Mary,French,23/05/2004,Wimbledon  London SW19
BV22306954/1,Douglas Michael,Friend,22/01/2023,Bishop's Stortford  Hertfordshire
ESTA26#18642/1,James Noel,Friery,10/03/2014,Nottingham  Nottinghamshire
ESTA26#11800/1,Micheal,Frith,30/01/2026,Banbury  Oxfordshire
BV2067932/1,Gerhard,Fromelins,07/08/2006,Ipswich  Suffolk
BV2070585/1,Colin Reginald,Frost,29/12/2006,Bury St Edmunds  Suffolk
ESTA26#12840/1,Maureen Sylvia,Froud,10/01/2026,Colchester  Essex
BV21405457/1,David,Fry,13/06/2013,Gloucester  Gloucestershire
BV21005264/1,Patrick David Morton,Fry,07/11/2008,Maidstone  Kent
BV22110441/1,Fitzwilliam Berek,Fryatt,06/01/2021,Southend-on-Sea  Essex
BV22116001/1,John Frederick,Fuller,17/01/2021,Lewisham  London SE13
BV970850/1,Sidney,Fuller,19/11/1996,Whitstable  Kent
BV21612063/1,Trevor Ian,Funnell,31/05/2016,Gosport  Hampshire
BV22303435/1,Eileen Agnes,Furley,20/06/2021,Malvern  Worcestershire
BV21819012/1,Seamus,Furlong,06/09/2018,Southampton  Hampshire
BV21721117/1,Leon Manisty,Furnell,28/08/2017,Bromley  Kent
BV21900149/1,Mark Anthony,Furnival,03/11/2018,Lowestoft  Suffolk
BV2050517/1,Augustine,Gabriel,08/10/2003,Archway London N19
BV2012163/1,Nicholas Daniel,Gabrilenko,30/03/2001,Cardiff
BV2042339/1,Joseph,Gaez,23/07/2003,Bristol  North Somerset
BV22405881/1,Stephen,Gaffey,02/04/2020,East Ham  London E6
BV2061240/1,James,Gaffney,07/11/2005,Camden London  NW1
BV21400532/1,Lorna,Gage,03/11/2013,Bromley  Kent
BV983433/1,Brenda,Gagg,29/04/1998,Nottingham  Nottinghamshire
BV2064702/1,Stanislaw,Gajowniczek,25/08/2003,Torquay  Devon
ESTA26#14919/1,Antoinette Susette,Gale,29/01/2024,Poole  Dorset
BV22003148/1,Wilfred,Gale,23/01/2019,Poole  Dorset
BV2040127/1,John,Gallagher,12/06/2003,
BV21406343/1,John James,Gallagher,24/04/2008,Camberwell  London SE5
BV2051000/1,Joseph,Gallagher,05/04/1999,Peterborough  Cambridgeshire
BV21920218/1,Mary,Gallagher,15/08/2019,Kingsbury  London NW9
BV2063693/1,Phillip,Gallagher,18/05/2006,Tipton  West Midlands
BV21720792/1,Sean,Gallagher,30/09/2017,Southall  London UB1
BV22016986/1,Susan,Gallagher,11/01/2020,Eastbourne  East Sussex
BV22309400/1,Terrence,Gallagher,22/09/2022,Maidstone  Kent
BV2044885/1,Mark Steven,Galliford,13/06/2004,Upper Norwood  Surrey
BV21009285/1,Mary,Galliford,14/02/2009,Palmers Green  London  N13
BV2063177/1,Ada,Galloway,15/01/2006,Peckham  London  SE15
BV21410403/1,Stanley,Galloway,24/01/2014,Northampton  Northamptonshire
BV2067012/1,Ruth,Galvez,16/10/2006,Battersea  London SW11
BV2013181/1,Brian,Galvin,07/06/2001,Camberwell  London SE5
BV2055744/1,Catherine Dorothy,Gamble,25/08/2004,Braunstone Leicester
BV2091154/1,Mohammed Amin,Garba,25/12/2008,Hove  East Sussex
BV22201126/1,Juana,Garcia,13/02/2020,Islington  London N7
BV21007563/1,Julia De Miguel,Garcia,26/05/2008,Chelsea London SW10
BV2010137/1,Lavinia,Gardiner,22/11/1999,St. Ishmael  Carmarthenshire
BV2052448/1,Brian,Gardner,24/01/2005,Hammersmith London W6
BV2086182/1,Crystal Hephzibah,Gardner,04/08/2008,Marsham  Norfolk
BV21306146/1,Lorenza,Gardner,25/12/2006,Lambeth  London SE1
BV21009398/1,Maurice,Gardner,29/09/2008,Bristol
BV22416240/1,Roy Edward,Gardner,21/03/2024,Ilford  Essex
BV2064636/1,William Mark,Gardner,04/03/1997,Dover Kent
BV2044155/1,Francis,Garguillo,04/02/2004,Isleworth  Middlesex
BV2081843/1,Phyllis,Garling,12/08/2007,Huddersfield  West Yorkshire
BV2043780/1,Sultana,Garman,13/03/2002,Birmingham West Midlands
BV22519025/1,Christine Berenice Marchant,Garner,01/09/2025,Cheltenham  Gloucestershire
BV2014245/1,Raymond Norris,Garrett,22/02/2001,Kingston-upon-Thames  Surrey
BV2005760/1,Doris,Garwood,31/10/2000,Acton London W3
BV21508028/1,Hazel,Gascoine,03/02/2015,Southall  Middlesex
BV22413341/1,Cecilia,Gates,03/12/2023,Leeds. West Yorkshire
ESTA26#10702/1,Aligi,Gattini,25/09/2025,Lambeth  London SE1
BV21602114/1,Marion,Gaudyn,04/03/2015,Islington  London N19
BV2084436/1,Madeline,Gauthier,28/04/2008,Hove  East Sussex
BV21920012/1,Salli Dione Iris,Gayler,02/11/2019,Paddington  London W2
BV21604429/1,Nancy Loraine Lloyd,Gaythorpe,13/07/2012,Harrogate  North Yorkshire
BV2036866/1,Doris,Gedney,09/09/2003,Portsmouth Hampshire
BV22110635/1,Dorothy Mary,Gee,10/10/2020,Rhyl  Denbighshire
BV966819/1,Marjorie Beatrice,Gee,28/09/1996,Chester  Cheshire
ESTA26#12872/1,Robert Anthony,Gee,16/06/2025,Leyton  London E10
BV21111140/1,Joan,Geldard,28/07/2011,Paris  France
BV985311/1,George Bernard,Geller,25/09/1998,Smithfield London EC1
BV22310133/1,Philip William,George,15/08/2022,Brighton  Sussex
BV21208596/1,Dinah,Gerber,07/06/2002,Sothend-on-Sea  Essex
BV2057550/1,Dianne,Gerrard,28/02/2005,Worksop  Nottinghamshire
BV22003913/1,Peto,Gerzson,25/01/2015,Derby  Derbyshire
BV22311608/1,Saroj Kumar,Ghose,06/05/2021,Edgbaston  Warwickshire
BV2031242/1,Subhas Chandra,Ghosh,02/08/2000,Watford  Hertfordshire
BV21916586/1,Zohra,Ghulam,20/09/2016,Golders Green  London NW11
BV21704755/1,John William,Gibbon,03/12/2016,Thirsk  North Yorkshire
BV21303251/1,Leotta,Gibbons,04/06/2007,Bath  Somerset
BV2041000/1,Douglas,Gibbs,30/07/2003,Westminster London SW1
BV994012/1,Ida Anne,Gibbs,14/12/1998,Ealing London W5
BV21401887/1,Andrew Peter,Gibson,30/11/2013,Worthing  West Sussex
BV21402005/1,Doreen,Gibson,28/12/2006,Durham  County Durham
BV21407572/1,Robert,Gibson,18/01/2014,Newcastle upon Tyne  Tyne & Wear
BV21915021/1,Luigi,Gigliotti,13/12/2018,Kidlington  Oxfordshire
ESTA25#4403/1,David,Gilbert,12/02/2015,Tunbridge Wells  Kent
BV2078730/1,Stephen,Gilbert,13/08/2007,Bedford Bedfordshire
BV21505160/1,William Rodney,Gilbert,01/09/2008,Westminster  London  W1J
BV21004655/1,Dorothy,Giles,09/07/2009,Southwark London SE15
BV2035896/1,Muriel Hodgson Andres,Giles,23/04/1997,Welwyn Garden City  Hertfordshire
BV21705700/1,Sien,Giles,02/03/2007,Gloucester  Gloucestershire
BV2076313/1,Christine Ann,Gill,06/03/2007,Torquay  Devon
BV21906234/1,Gurdial,Gill,20/01/2017,Hackney  London N1
BV21714186/1,Raymond,Gill,11/10/2016,Durham  Co Durham
BV2035582/1,Frankline Berthe,Gillard,20/05/2003,Kilburn  London NW6
ESTA26#15063/1,Jon Alan,Gillaspie,18/07/2024,Plaistow  London E13
BV2041528/1,Joseph,Gilligan,15/07/2002,Crewe  Cheshire
BV21315066/1,John,Gilmore,02/08/2011,Leeds  West Yorkshire
BV22201520/1,David,Gilmour,03/04/2020,Camden  London NW5
BV21317408/1,Philip,Gilmour,30/04/2012,Wakefield West Yorkshire
BV2003655/1,Bernard,Gilroy,19/01/2000,Leeds  West Yorkshire
BV21410571/1,Anthony,Gimbourne,29/12/2013,Dartford  Kent
BV2075971/1,Bernard,Giroth,24/10/2006,Hemel Hempstead  Hertfordshire
ESTA26#9372/1,Gloria Ann,Gladwin,01/10/2025,Plymouth  Devon
BV2010478/1,Jean,Glendinning,14/01/2001,Rhyl  Denbighshire
BV22422012/1,John Edward,Glendinning,13/12/2023,Chester Le Street  County Durham
BV2004492/1,Jan,Glomski,28/01/2000,Leighton Buzzard  Bedfordshire
BV2010519/1,Simon Anthony,Glossan,29/12/2000,Westminster  London W1
BV2059729/1,Peggy Louise,Glover,16/10/2005,Cheltenham  Gloucestershire
ESTA26#10635/1,William Stephen,Glover,08/07/2020,Southend-On-Sea  Essex
BV21001737/1,John Edward,Godby,12/05/2009,Gilllingham  Kent
ESTA26#14900/1,Albert,Goddard,18/07/2022,Darlington  County Durham
BV2033965/1,Bertha Jane,Goddard,09/03/2003,Southampton  Hampshire
BV22218706/1,Frank,Goddard,29/01/2022,Hove  Sussex
BV2014420/1,Maria Erika,Goddard,13/08/2001,Ascot  Berkshire
BV21700254/1,Annaliese,Godfrey,14/04/2016,Dorchester  Dorset
BV22001107/1,Benjamin,Godfrey,17/08/2011,Bermondsey  London SE16
BV2085210/1,Gladys,Godfrey,11/03/2004,Wanstead  London E11
BV21309444/1,Roy Joseph,Godfrey,24/07/2013,Romford  Essex
BV22014827/1,Victoria,Godfrey,29/02/2020,Arundel  West Sussex
BV21503399/1,Gavino,Godhino,12/10/2013,Leicester  Leicestershire
BV22506938/1,Paul Terence,Goding,09/11/2021,Cardiff  South Glamorgan
BV21419383/1,Nicola Annette,Godwin,01/08/2014,Brighton  Sussex
BV21214014/1,Pamela Mary,Godwin,30/10/2012,Putney  London SW15
BV21106495/1,Samuel William MacAuley,Godwin,25/02/2010,Lambeth  London SE1
BV21104699/1,Subechan,Gogan,22/11/2010,Hackney  London E9
BV21209065/1,Harish Keshangi,Gokar,29/01/2012,Lambeth  London
BV21413781/1,Josef,Gola,08/02/2014,Cricklewood  London  NW2
BV22402126/1,Margot,Goldberg,09/11/2023,Camden  London NW1
BV2086774/1,Monica,Goldberg,17/02/2003,Chelsea  London SW3
BV2012767/1,Pauline Margaret,Goldby,08/05/2001,Orpington  Kent
BV21012625/1,Carol,Golden,02/11/2004,Mountain Ash  Mid Glamorgan
BV2075838/1,Albert,Golding,02/05/2007,Deptford  London SE8
BV21604719/1,Maurice,Goldman,11/12/2006,Ramsgate  Kent
BV2076071/1,Alojzy,Goldmann,12/02/2007,Ealing  London W13
BV21303547/1,Susan,Goldsmith,24/12/2012,Battersea London  SW11
BV990324/1,Walerian,Goluwko,24/01/1999,Derby  Derbyshire
BV2046833/1,David,Gomes,26/07/2003,East Ham  London E6
BV2048510/1,Francis,Gomes,21/10/2004,Westgate on Sea  Kent
BV975160/1,Juana,Gomez,12/10/1996,Letchworth  Hertfordshire
BV21214681/1,Ramiro,Gomez,02/10/2012,Ashington  Northumberland
BV21201761/1,Rosario,Gomez-Montero,19/12/2009,Paddington  London W2
BV21619294/1,Mugove Zimbandi,Gonese,17/07/2016,Gorleston  Norfolk
BV2014119/1,Kenneth Anthony,Gonsalves,04/05/2001,Oxford  Oxfordshire
BV21902523/1,Isolina,Gonzalez-Lopez,19/12/2004,Westminster  London W2
BV21015098/1,Roy Cyril Chard,Good,28/09/2010,Exeter  Devon
BV21102022/1,Terry,Good,04/12/2010,Fulham  London SW6
BV21517329/1,Vincent,Good,26/05/2015,Portsmouth  Hampshire
BV2061379/1,Elfreida,Goodall,19/02/2005,Stockwell. London SW9
BV22207773/1,Justin Andrew,Goode,28/02/2022,Brighton  East Sussex
BV22510889/1,Michael Henderson,Gooding,17/06/2024,Newham  London E13
BV21718447/1,Alan Robert Arthur,Goodrum,18/07/2017,Norwich  Norfolk
BV994565/1,Annie Hilda,Goodwin,16/02/1999,Worcester  Worcestershire
BV22008988/1,Dorothy,Goodwin,28/03/2020,Ashbourne  Derbyshire
BV982401/1,Germaine Andree,Goodwin,15/01/1998,Brentford  Middlesex
BV21208764/1,Harold,Goody,02/03/2006,Camberwell  London SE5
BV2083251/1,Marshall,Gordeni,08/01/2008,Kensington  London W6
BV21404565/1,Graham Ronald,Gordon,17/02/2014,Walsall  West Midlands
BV22406436/1,Howard Fetley Alexander,Gordon,05/05/2021,Coventry  Warwickshire
BV21919975/1,Ian,Gordon,11/06/2019,Sydenham  London SE26
BV2063024/1,Joan,Gordon,28/03/2006,Worcester  Worcestershire
BV21501348/1,Margaret Elizabeth,Gordon,24/09/2009,Thamesmead  London SE28
BV21306650/1,Owen Meijas,Gordon,31/10/2012,Horsham  West Sussex
BV22316385/1,Paul William,Gordon,21/11/2021,Stoke on Trent  Staffordshire
BV2054057/1,Peggy,Gordon,13/01/2005,Birmingham  West Midlands
BV2054885/1,Roland Edwin John,Gordon,30/04/2005,Gloucester  Gloucestershire
BV2010814/1,Rushford,Gordon,17/12/2000,Cardiff  South Glamorgan
BV2064548/1,John,Goring,05/06/2006,Welwyn Garden City  Hertfordshire
BV2014864/1,John Joseph,Gorman,28/07/1999,Southwark  London SE17
BV2090974/1,Patrick,Gorman,12/02/2007,Heybridge  Essex
BV21208962/1,Michael,Gormley,01/03/2012,Surrey
BV22420831/1,Marie,Gosling,12/04/2023,Gosport  Hampshire
BV2053512/1,Bernard George,Gouge,06/05/2003,Canterbury  Kent
BV22200644/1,David,Gould,08/04/2021,Warwick  Warwickshire
BV21721260/1,Patrick Philip Stewart,Gould,16/04/2017,Exmouth   Devon
BV21310100/1,Paul Anthony,Gould,22/01/2013,Colchester  Essex
BV2092570/1,Edith Margaret,Goulding,26/02/2009,Wallasey  Wirral
BV22311565/1,Olga Giuseppina,Gozzi,24/02/2023,Kingsbury  London NW9
BV967279/1,Margharita,Gradwell,09/10/1996,Hampstead  London NW3
BV21713159/1,David Macdonald,Graham,14/03/2017,Chelmsford  Essex
BV21006668/1,Gordon,Graham,14/04/2010,Fulham  London SW6
BV21421502/1,Jean,Graham,28/08/2014,Carlise  Cumbria
BV2067393/1,Margaret Bridget,Graham,13/08/2005,Newcastle upon Tyne  Northumberland
BV2012965/1,Hilary,Grahame,03/04/2001,Bristol
BV22006664/1,Susan Ann,Graham-Smith,24/03/2006,Croydon  Surrey
BV22309490/1,Arkadiusz Leszek,Granek,25/01/2022,Birmingham  West Midlands
BV21100900/1,David Robin,Granger,26/12/2010,Crick  Northamptonshire
BV21516406/1,Arthur,Grant,30/04/2015,Borehamwood  Hertfordshire
BV992386/1,Elizabeth,Grant,25/04/1999,London WC1N
BV22419958/1,Malcolm,Grant,13/01/2021,Newcastle Upon Tyne  Northumberland
BV21817958/1,Peter Patrick Lambert,Grant,17/09/1996,Islington  London N7
BV21112112/1,Phyllis Mary,Grant,20/03/2011,St. Leonards on Sea  East Sussex
BV21101996/1,Reginald,Grant,30/05/2004,Bradford  West Yorkshire
BV2083565/1,Helen,Graves,02/03/2008,Acton  London W3
BV992349/1,George,Gray,24/03/1999,Cardiff  South Glamorgan
BV985379/1,Ingeborg Martha,Gray,17/10/1997,
BV21000610/1,John Arthur,Gray,13/11/2009,Spalding  Lincolnshire
BV22204050/1,Robert Kevin,Graywolf,02/12/2021,Nottingham  Nottinghamshire
BV2063045/1,Belinda,Greaves,07/03/2006,Tottenham  London  N17
BV2062753/1,Valerie Ann,Greaves,03/11/2005,Hammersmith  London W6
BV22110281/1,Alan,Green,19/09/2018,London SE5
BV21011926/1,Arthur,Green,24/11/2008,Islington  London EC1
BV21916403/1,Charles Edward,Green,02/04/2019,Wakefield  Yorkshire
BV22419986/1,Donald Gordon,Green,14/09/2024,Battersea  London SW11
BV2046098/1,Edward George,Green,14/08/2004,Southall  Middlesex
BV22005830/1,Grahame,Green,18/11/2006,Chertsey  Surrey
BV20510309/1,Imogen Jessie,Green,18/05/2005,Barnet  Hertfordshire
ESTA26#4831/1,Joseph,Green,14/01/2025,Gainsborough  Lincolnshire
BV2096628/1,Michael Anthony,Green,13/06/2009,Bristol
BV22417422/1,Paul William,Green,24/04/2022,Watford  Hertfordshire
BV21205374/1,Ronald Christopher,Green,24/01/2012,Birmingham  West Midlands
BV21306257/1,Rudolph,Green,09/05/2005,Westcliff-on-Sea  Essex
BV2043614/1,Sheila Eileen,Green,03/06/2004,Redhill  Surrey
BV2015454/1,Sylvia Margaret Ann,Green,03/11/2001,Southwark  London SE1
BV2054246/1,Elizabeth Hedwig,Greenaway,03/01/2005,Faringdon  Oxfordshire
BV21201819/1,John Alexander,Greenaway,04/07/2011,Birmingham  West Midlands
BV21500174/1,Petra,Greenaway,30/11/2007,Lambeth  London  SE1
BV2020300/1,Lily Henriette,Greenham,31/10/2001,Camden  London NW6
BV21010821/1,Kenneth William,Greenhow,15/05/2008,Northampton Northamptonshire
BV2065854/1,Gordon,Greenman,23/07/2006,Bristol
BV22202695/1,Paul Thomas,Greeno,18/12/2021,Polegate  Sussex
BV2024592/1,Joan Mildred Clare,Greenslade,18/10/2001,Epsom  Surrey
BV2033840/1,Donald,Greenstreet,06/06/2003,York North Yorkshire
BV970076/1,Edwin Emanuel,Greenway,17/10/1996,Lambeth London SE1
BV2041631/1,Sonya,Greenwood,30/01/2004,Paddington  London  W2
ESTA26#15064/1,Susan Detra,Greenwood,23/10/2025,Bradford  West Yorkshire
BV2078366/1,Rose,Greer,23/11/2006,Tooting  London SW17
ESTA25#2468/1,Jean Varley Mary,Gregg,10/08/2025,Whittlesey  Cambridgeshire
BV2046722/1,Joseph,Gregorasz,09/09/2004,Stroud Gloucestershire
BV2000306/1,Lida,Gregorian,14/07/1999,Slough  Berkshire
BV2032237/1,Anton,Grenevicius,07/02/2003,Herne Bay Kent
BV2043796/1,Hubert Bartholomew,Grey,07/05/2004,
BV972620/1,Lily,Grey,02/12/1996,Cheltenham  Gloucestershire
BV22211213/1,Rupert James,Grey,30/12/2020,Kennington  London W11
BV21013738/1,Patrick,Gribbin-Walsh,25/10/2010,London W6
BV20912246/1,Peter,Griffin,16/01/2007,Archway London N19
BV2052156/1,Roger John,Griffin,10/02/2005,Kingston-upon-Thames Surrey
BV2081817/1,David,Griffiths,03/05/2004,Muswell Hill London N10
BV2013201//1,Francis,Griffiths,05/03/2001,Acton  London W3
BV2010310/1,Griffith John,Griffiths,12/06/1999,Bangor  Gwynedd
BV2081946/1,Gwyn,Griffiths,06/02/2008,Coventry  West Midlands
BV21308069/1,Harry,Griffiths,10/03/2013,Leicester  Leicestershire
BV22305912/1,Hazel,Griffiths,16/09/2020,Oldbury  West Midlands
BV21201823/1,Jennie,Griffiths,25/04/2011,Llanfair PG  Anglesey
ESTA26#20137/1,Lee Francis James,Griffiths,25/06/2026,Portsmouth  Hampshire
BV990877/1,Lilian,Griffiths,13/08/1998,Northumberland
BV21810131/1,Mario,Grimaldi,11/11/1988,Kennington  London  SE11
BV966713/1,Peter Paul,Grimes,21/09/1996,Croydon Surrey
BV2091648/1,Yolanda Ottzen,Grimmer,15/12/2008,Acton  London W12
BV984523/1,Gwendoline,Grindley,25/07/1998,Portsmouth Hants
BV21813721/1,Longinus B,Groborz,11/10/2010,Burton-upon-Trent  Staffordshire
ESTA26#10596/1,Alan,Groom,16/03/2025,Southampton  Hampshire
BV22011256/1,Vivien Martha,Grossman,23/03/2020,Harrow  Middlesex
BV2003280/1,Margaret,Grotzner,21/02/2000,Hampstead  London  NW3
BV21200310/1,Estella,Grunberg,07/08/2011,Peckham  London SE15
BV993208/1,Gregory,Grzys,10/10/1998,Whitechapel London E1
BV2052653/1,Edgar Arthur,Guest,01/03/2005,East Dulwich  London SE22
BV21010011/1,Joyce,Guest,19/07/2010,Louth  Lincolnshire
BV22206791/1,Christopher Mary,Guina,28/08/2021,Ramsgate  Kent
ESTA26#4426/1,Suraj Prakash,Gujral,09/09/2021,Newcastle  Northumberland
BV2060745/1,Stanislav,Gula,18/12/2005,Bury St Edmunds Suffolk
BV21201434/1,Vidya Bhasan,Gulati,12/07/2010,Birmingham West Midlands
BV2010345/1,Jacob,Gulbis,11/09/1999,Uxbridge  Middlesex
BV22510148/1,Rolf Karl,Gundermann,06/04/2022,Cottingham  East Riding of Yorkshire
BV993608/1,Violet Evelyn Muriel,Gundry,02/01/1999,Slough Berkshire
BV22511018/1,Patricia Anne,Gunson,01/07/2024,Guildford  Surrey
BV2014684/1,Michael John Edward,Guntrip,30/07/2001,West Norwood  London SE27
BV2073152/1,Franciszek,Gustowski,23/10/2005,Bury St Edmonds  Suffolk
BV21808135/1,Raymond,Gwande,04/03/2017,Islington  London N19
BV21813673/1,Dariusz Pjotr,Gwozdzik,31/03/2013,Bristol
BV2011216/1,Megan,Gwyther,19/02/2001,Merthyr Tydfil  Mid Glamorgan
BV2047410/1,Yaw,Gyebi,20/05/2004,Highgate Hill  London N19
BV21703855/1,Istvan,Gyongyosi,08/03/2006,Nottingham  Nottinghamshire
ESTA26#14867/1,Marchioness Sion,Gypo,31/01/2026,Llanybydder  Dyfed
BV22503051/1,Heneine Jarmas,Habayeb,14/01/2021,Hammersmith  London W6
BV21301093/1,John Lawrence,Habshaw,08/08/2011,Leeds  West Yorkshire
BV2010466/1,Roman Augustyn,Hachulski,10/12/2000,Leicester  Leicestershire
BV2031681/1,Mavis Patricia,Hackett,08/03/2003,Redhill  Surrey
BV21801499/1,Anthony George,Hades,21/11/2017,Penarth  Glamorgan
BV22002812/1,Kenneth John,Hadler,06/09/2008,St Leonards-on-Sea  East Sussex
BV2030650/1,Betty,Hagan,30/11/2002,Weston Super Mare  North Somerset
BV975121/1,Maria,Hagan,10/09/1997,Cheadle  Cheshire
BV22300594/1,Paul,Hagan-Chambers,09/12/2022,Peterborough  Cambridgeshire
BV22513284/1,Rosina,Haile-Desta,12/03/2024,Hounslow  Middlesex
BV2055186/1,Cesil,Haimes,05/06/2005,Basingstoke  Hampshire
BV2075841/1,David,Haines,25/04/2007,Wolverhampton  West Midlands
BV22004224/1,Philip,Haines,25/10/2017,Birmingham  West Midlands
BV21714804/1,Patricia,Hainey,20/08/2016,Upper Norwood  London SE19
BV21410056/1,John,Hajicosta,02/02/2013,King's Lynn  Norfolk
BV22006084/1,Inge Gertrude,Hakelberg,03/07/2019,Southampton  Hampshire
BV990344/1,Boleslaw,Hakuc,18/08/1998,High Wycombe  Buckinghamshire
BV21618454/1,Amrita,Haldar,23/08/2015,Chipping Norton  Oxfordshire
BV20911984/1,Jean,Hale,15/11/2007,Shepherd's Bush  London W12
BV21416907/1,Philip David,Hale,08/10/2014,Norwich  Norfolk
BV21515482/1,Thomas,Hale,15/01/2015,Renhold  Bedfordshire
BV2003753/1,John Edward,Hales,27/11/1999,Upper Holloway  London N19
BV21708656/1,James,Hale-Smith,03/02/2017,Hull  East Riding of Yorkshire
BV21407319/1,Mark,Haliday,20/03/2014,Wisbech  Cambridgeshire
BV2084118/1,Alan,Hall,31/05/2008,Leicester  Leicestershire
BV22514580/1,Arthur William,Hall,27/04/2023,Norwich  Norfolk
BV991839/1,Beryl,Hall,14/01/1999,Croydon  Surrey
BV21214199/1,David Anthony,Hall,15/09/2012,Gloucester  Gloucestershire
BV2088190/1,Elizabeth Ann,Hall,24/04/2008,Plymouth  Devon
BV22500188/1,John Frederick,Hall,20/07/2024,Barnet  London N2
BV22301063/1,John Michael,Hall,19/08/1998,Camberwell  London SE5
BV21813093/1,John Trevor,Hall,17/02/2017,Grimsby  North East Lincolnshire
BV21500652/1,Kenneth James,Hall,25/10/2014,Harlow  Essex
BV2034013/1,Marlene,Hall,22/04/2000,Hull  East Yorkshire
ESTA26#6546/1,Michael John,Hall,24/10/2025,Huntingdon  Cambridgeshire
BV22305960/1,Reginald,Hall,01/10/2022,Forest Gate  London E15
BV22503814/1,Richard John,Hall,04/01/2014,Salisbury  Wiltshire
BV2011998/1,Ronald,Hall,27/01/2001,Eastbourne  East Sussex
BV2005666/1,Victor Alfonso,Hall,19/08/2000,Hammersmith  London  W6
BV22409762/1,Alesia Dolores,Hallal,01/02/2022,Lewisham  London SE13
BV2091376/1,Graham John,Hallam,11/08/2008,Derby  Derbyshire
BV2030376/1,Molly,Hallisey,05/08/2002,Upper Holloway  London  N19
ESTA25#3299/1,Alan James,Halls,20/04/2025,Kinmel Bay  Conwy
ESTA26#17408/1,Susan Rosalynne,Halsey,20/12/2022,Stevenage  Herfordshire
BV2021332/1,Violet Josephine,Hambleton,02/01/2002,Stoke-on-Trent  Staffs
BV21916299/1,Susan Shanaz,Hameed,25/05/2019,Southall  Middlesex
BV22218321/1,Douglas,Hamill,21/04/2014,Northampton  Northamptonshire
BV21317805/1,Alexander,Hamilton,21/11/2012,Cannock  Staffordshire
BV22008230/1,Clifford,Hamilton,31/03/2020,Camberwell  London SE5
BV2087019/1,Daisy,Hamilton,04/11/2004,Moseley  Surrey
BV22519154/1,Lola Marjorie,Hamilton,07/03/2024,London E9
BV21713208/1,Oscar George,Hamilton,25/01/2016,Bradford  West Yorkshire
ESTA26#10492/1,Robert Hugh,Hamlin,30/12/2025,Chichester  Sussex
ESTA26#4695/1,Derek,Hammett,07/05/2024,Swansea  West Glamorgan
BV21912503/1,Peter,Hammill,01/04/2017,Croydon  Surrey
BV2015606/1,Elizabeth,Hammond,30/11/2000,Birchington -on-sea  Kent
BV2013228/1,Frank Ernest Dean,Hammond,20/06/1999,Leeds  West Yorkshire
BV22507719/1,Jean,Hammond,08/10/2021,Hawkinge  Kent
BV22301057/1,Marie,Hammond,23/12/2021,Harlow  Essex
BV2034477/1,George Karl,Hamori,09/01/2002,Clacton on Sea Essex
BV966866/1,Mehmet Salih Arif,Hamuza,06/10/1996,Barnet  Hertfordshire
BV21301775/1,Harold,Hanciles,24/03/2011,Paddington  London W2
BV22422050/1,David,Hancock,29/04/2022,Halifax  West Yorkshire
BV2078018/1,Elsie,Handley,17/08/2007,Mirfield  West Yorkshire
BV21421609/1,Mohammed,Hanif,28/07/2011,Southall  London UB2
BV21111882/1,Ferenc,Hanik,01/02/2009,Bradford West Yorkshire
BV22001828/1,Leslie John,Hankerd,20/11/2019,Cardiff  South Glamorgan
BV21906376/1,Stella Margaret,Hankin,24/02/2019,Croydon  Surrey
BV2091180/1,Michael,Hanley,26/10/2007,Cosham   Portsmouth
BV22318585/1,James,Hanna,09/10/2022,Croydon  Surrey
BV2093456/1,Winifred,Hannam,29/12/2008,Acton  London  W3
BV992185/1,Thomas Joseph,Hannon,12/02/1999,Hemel Hempstead Hertfordshire
BV22106409/1,Michael John,Hansell,03/05/2015,Chelmsford  Essex
ESTA26#10594/1,Anthony,Hansford,06/08/2025,Southampton  Hampshire
ESTA25#3932/1,Margaret Hilda,Hansford,14/10/2025,Cardiff  South Glamorgan
BV22412590/1,Christopher Edward,Hanson,07/08/2023,Leeds  West Yorkshire
BV21307755/1,Bertha,Happe,23/09/2007,Westminster  London W9
BV21211966/1,Mohammed,Haque,14/01/2003,London SW9
BV22110957/1,Mary,Haran,15/06/2019,Kenley  Surrey
BV21810843/1,Anthony John,Harding,28/04/2018,Middlesbrough  North Yorkshire
BV2046774/1,William Henry,Harding,12/09/2003,Brecon Powys
BV22001651/1,Dorothy May,Hardingham,05/11/2019,Dereham  Norfolk
BV22004835/1,Colin Frederick,Hardy,28/01/2019,Enfield  Middlesex
BV22201049/1,Leslie,Harewood,31/03/2016,Nottingham  Nottinghamshire
BV2091608/1,Salamatu,Harford,11/08/2003,South Norwood London SE25
BV21307946/1,Antonina,Harley,28/03/2012,North Shields  Tyne and Wear
BV21001222/1,Madeline Anna,Harley,09/03/2008,Doddington  Kent
BV21014542/1,William,Harman,18/01/2010,Selhurst  London  SE25
BV2032434/1,Stefan,Harnisch,02/01/2003,Brighton East Sussex
BV21420059/1,Donald,Harper,22/03/2012,Chelmsford  Essex
BV2023373/1,Audrey,Harris,24/05/2002,Sudbury  Suffolk
BV2000587/1,Bernard,Harris,13/01/1999,Enfield  Middlesex
BV22115925/1,David Colin,Harris,04/08/2018,Manor Park  London E12
BV22500321/1,David Michael,Harris,06/08/2024,Norwich  Norfolk
BV22010034/1,Denise,Harris,02/12/2019,Southampton  Hampshire
BV21916616/1,Edward,Harris,28/07/2016,Torquay  Devon
BV2000564/1,George William,Harris,17/11/1998,Bradford  West Yorkshire
BV21817834/1,Harold,Harris,25/08/2018,Barnet  Hertfordshire
BV2075406/1,Joan,Harris,06/05/2007,Harlow  Essex
BV2097704/1,John Anthony,Harris,24/07/2009,Worthing West Sussex
BV22003873/1,John Michael Andrew,Harris,24/12/2017,St John's Wood  London NW8
BV2068092/1,Lesley,Harris,23/07/2006,Park Royal London NW10
BV2003608/1,Mary,Harris,26/07/2000,Cheltenham  Gloucestershire
BV2032343/1,Michael,Harris,26/12/2002,Stafford  West Midlands
BV2064717/1,Michael George,Harris,22/11/2004,Woking  Surrey
BV21300747/1,Nicholas Michael,Harris,05/01/2012,Leicester  Leicestershire
BV2013645/1,Pamela Elizabeth,Harris,26/07/1997,Worcester Worcestershire
BV22110876/1,Samuel Albert,Harris,29/07/2020,Wolverhampton  Staffordshire
BV22514036/1,Shirley,Harris,10/06/2025,Penarth  Vale of Glamorgan
BV2022509/1,Sophie,Harris,21/05/2002,Kingston-upon-Thames Surrey
BV21906826/1,Stephen David,Harris,23/01/2019,Clacton-on-Sea  Essex
BV2043311/1,Winifred Gertrude Beatrice,Harris,11/02/2004,Denmark Hill London SE5
ESTA26#10627/1,Carl Vincent,Harrison,26/03/2020,Redcar  North Yorkshire
BV2025384/1,Clive Beverley,Harrison,03/01/2000,Ascot Berkshire
BV2074449/1,Elizabeth,Harrison,05/08/2006,Norbury  London  SW16
BV22414673/1,Frank,Harrison,23/05/2023,Birmingham  West Midlands
BV2067278/1,John Henry,Harrison,10/12/2003,Edmonton London N18
ESTA26#12550/1,Mark,Harrison,25/02/2025,Birmingham  West Midlands
BV2002489/1,Michael George,Harrison,21/04/2000,Hinckley  Leicestershire
BV21915538/1,Patricia Theresa,Harrison,03/09/2009,Bromley  Kent
BV21502608/1,Paul Adrian,Harrison,13/08/2012,Littlehampton  West Sussex
BV22005367/1,Peter Ernest,Harrison,20/02/1996,Bradford  West Yorkshire
BV22415268/1,Peter George,Harrison,21/05/2022,Barnsley  South Yorkshire
BV2023293/1,Sylvia Marguerite,Harrison,07/12/2001,
BV2033893/1,Vera,Harrison,10/04/2003,Welland  Worcestershire
ESTA25#3623/1,Anita,Hart,26/02/2020,London E2
BV21304353/1,Gwendolyn,Hart,04/03/2013,Leeds  West Yorkshire
BV2020744/1,Nora,Hart,17/01/2002,West Brompton  London  SW10
BV21301715/1,Derek,Hartley,02/01/2013,Harrogate  North Yorkshire
BV2036195/1,Maria,Hartmann,13/09/2003,Coventry Warwickshire
BV2040512/1,Florence,Hartog,12/08/2000,Hackney London E5
BV21604879/1,John Sullivan,Hartree,10/12/2011,Fenton Stoke On Trent
BV22316469/1,John Taylor,Hartwell,28/01/2023,Stoke on Trent  Staffordshire
BV21915947/1,Donald Winston,Harvey,12/08/2013,Battersea  London SW11
BV21615807/1,Herodias,Harvey,23/10/2006,Wolverhampton  West Midlands
BV22512803/1,Peter,Harvey,21/04/2025,Yeovil  Somerset
BV22112981/1,Roy,Harvey,26/04/2021,Bristol
BV992572/1,John Edward,Haseman,10/03/1998,Portsmouth  Hamsphire
BV2071138/1,Karl Toufic,Hassan,30/12/2006,West Brompton  London  SW10
BV22317578/1,Mohammed Aden,Hassan,15/03/2023,Kensington and Chelsea  London W10
BV2081537/1,Zuhru,Hassan,13/03/1998,Islington London N1
BV2035656/1,Iris Maude,Hassett,20/05/2002,Littlehampton West Sussex
BV21301298/1,Farrokh,Hassib,24/05/2011,Hackney  London N1
ESTA26#12893/1,Elsbeth,Haswell,27/06/2016,Darlington  County Durham
BV22113799/1,Istepan,Hatapoglu,08/06/2021,Cricklewood  London NW2
BV21813467/1,Azaria,Hatooka,30/07/2018,Harrow  Middlesex
BV22300972/1,Peter,Hatton,25/10/2022,Enfield  London N18
BV973503/1,Winnie,Haverley,27/04/1997,Maidenhead  Berkshire
BV21704868/1,Charles Henry Bryant,Hawker,30/01/2016,Swansea  Mid Glamorgan
BV21900442/1,Graham David,Hawkes,01/01/2019,Pontefract  West Yorkshire
BV22519132/1,Norman Leslie,Hawkes,10/02/2025,Martock  Somerset
BV2070527/1,Annie,Hawkins,12/12/2006,Battersea  London SW11
BV977127/1,Harold David Charles,Hawkins,15/12/1997,Tooting  London SW17
BV21915961/1,John William,Hawkins,01/06/2011,Redhill  Surrey
BV21916734/1,Terence,Hawkins,12/05/2016,Leytonstone  London E11
BV2012935/1,Winifred May,Hawkins,10/06/2001,Highbury  London N5
BV2024776/1,Constance Kathleen,Hawtin,11/12/2001,Stanmore  Middlesex
ESTA25#3586/1,William,Hay,04/04/2025,Hackney  London E9
BV21918693/1,Roger Lesley George,Haycraft,12/08/2018,Leominster  Herefordshire
BV22406841/1,Milagros,Hayden,05/01/2023,Margate  Kent
ESTA26#18774/1,Nina Zena,Hayden,28/08/2017,Hammersmith  London W12
BV2087056/1,Harry,Haydock,18/01/2008,Carshalton  Surrey
BV2015262/1,Brian,Hayes,13/09/1997,Portsmouth  Hampshire
BV2098453/1,Bridget,Hayes,16/01/2009,Camden
BV21502553/1,Edmond,Hayes,22/12/2013,Hammersmith   London  W12
BV21812241/1,Elizabeth,Hayes,25/07/2017,Wrexham  Clwyd
BV985089/1,Iris Florence,Hayes,10/08/1998,Swansea  West Glamorgan
BV21508227/1,Robert,Haymer,02/02/2015,Harlow  Essex
ESTA26#17455/1,Alan William Peter,Hayward,26/11/2025,Clacton On Sea  Essex
BV2091048/1,John Albert,Hayward,21/06/2008,Battle East Sussex
BV990727/1,Pauline Anne,Hayward,25/12/1998,Ashford  Middlesex
BV21805831/1,Robin Leslie,Hayward,23/02/2017,Cheltenham  Gloucestershire
BV22500024/1,Sully,Hayward,26/01/2012,Newbury  Berkshire
BV2070826/1,Stanley,Haywood,11/08/2003,Birmingham  West Midlands
BV22510684/1,Andre Moise,Hazaz,02/12/2017,Surbiton  Surrey
BV22508811/1,Peter George,Hazell,21/12/2007,Hammersmith  London W12
BV2003405/1,Margaret Jean Bruce,Heacock,24/04/2000,Taunton Somerset
BV975479/1,Joan Mary,Head,19/07/1997,Weybridge Surrey
ESTA26#12835/1,Tracey J,Head,03/09/2025,Thetford  Norfolk
BV21609057/1,Othniel Leon,Headley,07/10/2014,Hackney   London N1
BV21418033/1,Angela,Healey,13/08/2014,Bristol
BV2010191/1,James,Healy,20/11/2000,Park Royal London NW10
BV21516190/1,John,Healy,09/01/2015,Hackney  London N1
BV2032629/1,Michael John,Healy,08/03/2003,Halton Hospital  North Cheshire
BV21804273/1,Carol Ann,Heath,03/10/2017,High Wycombe  Buckinghamshire
ESTA26#4662/1,Harry,Heath,06/01/2014,Basildon  Essex
BV2040192/1,John,Heath,04/01/2003,
BV22511509/1,Colin Evan,Heeley,11/11/2021,Maldon  Essex
BV21303927/1,Lakhbir Kaur,Heera,08/06/2012,Leytonstone  London  E11
BV21917373/1,Joseph,Helly,04/06/2018,Westminster  London W2
BV2052074/1,Harripersaud,Hemachal-Singh,23/02/2005,Hammersmith  London W6
BV2013317/1,Raymon,Hemming,10/06/2001,Southend on Sea  Essex
BV21505231/1,Lurford Augustus,Hemmings,14/07/2013,The Butts  Gloucestershire
BV22107570/1,Dorothy,Henderson,05/03/2021,North Shields  Northumberland
BV21109268/1,Ethel,Henderson,18/02/2011,Leeds  West Yorkshire
BV2100526//1,Evelyn,Henderson,31/01/2001,Lincoln  Lincolnshire
BV2002322/1,Florence,Henderson,09/04/2000,Reading  Berkshire
BV21502046/1,Hendry,Henderson,17/11/2008,Peckham  London SE15
BV21800699/1,Joy,Henderson,21/07/2017,Great Yarmouth  Norfolk
BV21005904/1,Peter,Henderson,04/01/2010,Doncaster  South Yorkshire
BV2033664/1,Raymond Bird,Henderson,15/04/2003,Croydon  Surrey
BV21100816/1,Rosemary,Henderson,26/10/2010,Berwick Upon Tweed  Northumberland
BV22101436/1,Catherine,Hendrick,03/09/2018,Harrow  Middlesex
BV22202450/1,Dudley,Hendy,17/11/2021,Cardiff  Glamorgan
BV21617633/1,Alice,Henfield,01/04/2016,Fulham  London SW6
BV22410344/1,Robert,Henley,24/05/2022,Cardiff  Glamorgan
BV22217530/1,Mark,Hennessey,16/11/2021,Walsall  Staffordshire
BV974556/1,Mary,Hennessey,03/02/1997,Barnet  Hertfordshire
BV22006363/1,Phyllis Mary,Henniker,22/11/2004,West Norwood  London SE27
BV2022351/1,Hugh Angus,Henry,24/01/2002,Chelsea  London SW10
BV2002847/1,Dorothy,Henson,02/03/2000,Hackney  London
BV22111996/1,Barbara,Herbert,21/12/2010,Nottingham  Nottinghamshire
BV22217832/1,Granville Leon,Herbert,28/03/2020,Peckham  London SE15
BV2050644/1,Katlin,Herbert,22/12/2004,Northfleet  Kent
BV22302510/1,Robert Percy,Herbert,01/06/2017,Clacton-on-Sea  Essex
BV2004352/1,Sophie,Herman,13/11/1999,Croydon  Surrey
BV2055736/1,Heldor,Hermann,26/07/2004,Dewsbury  West Yorkshire
BV22417482/1,Jose Manuel,Hermo-Quintero,07/08/2019,Westminster  London W9
BV21604487/1,Ana Graciela,Hernandez,17/02/2016,Tooting  London SW17
BV22519249/1,Carlos Manuel Llanos,Hernandez,16/07/2025,Nottingham  Nottinghamshire
BV21817238/1,Frederick August,Herr,02/06/2005,Potters Bar  Hertfordshire
BV22017049/1,Julia,Hertelendy,30/11/2019,Eastbourne  East Sussex
BV22300936/1,Charlotte Indiana,Herter,12/06/2022,Worksop  Nottinghamshire
BV2087022/1,Judy,Hetey,06/08/1999,Westminster  London SW1
BV982224/1,Ralph,Hetherington,13/03/1998,London EC1
BV21904376/1,Kumudunee Dhammika,Hewa Dewage,21/08/2004,Harrow  Middlesex
BV2003406/1,Robert,Hewes,18/01/2000,Golders Green  London NW11
BV981277/1,Ann Carol,Hibbert,02/03/1998,Slough  Berkshire
ESTA26#7792/1,Rosemary Dawn,Hibbert,07/01/2026,High Wycombe  Buckinghamshire
BV2021808/1,Olive,Hicking,30/03/2002,Nottingham  Nottinghamshire
BV22420742/1,Valerie,Hickman,06/02/2022,Denbigh  Clwyd
BV21104614/1,James Terence,Hicks,10/10/2010,Woolwich  London  SE18
BV2070584/1,Margaret,Hicks,08/05/2004,Stockwell  London SW9
BV22510980/1,Anita,Higgins,11/08/2020,Tooting  London SW17
BV2090056/1,James,Higgins,28/11/2007,Stanwell  Middlesex
BV2065193/1,Peter Clarke,Higgins,29/10/2005,Leeds  West Yorkshire
BV2047266/1,Thomas,Higgins,06/03/2004,Downham  Kent
BV21417922/1,Jeremy Miles,Higgs,07/08/2014,Chelmsford  Essex
BV22214920/1,Afanley Adjoa,Hiheglo,17/04/2020,Putney  London SW15
BV21908779/1,David Salman Hussein,Hilal,10/04/2019,Hounslow  Middlesex
BV22217138/1,Anthony Colin,Hill,19/09/2022,Swansea  West Glamorgan
BV22000063/1,David Laurence,Hill,31/12/1998,Southend-on-Sea
ESTA26#6996/1,Derek Lawrence,Hill,07/03/2023,Harrow  Middlesex
BV2098183/1,Eric Thomas,Hill,01/01/2009,Sheffield  South Yorkshire
BV2005144/1,Florence,Hill,28/02/1999,Southall  Middlesex
BV21204901/1,Harold George,Hill,10/08/2011,Southwick  West Sussex
BV22105152/1,Jason,Hill,12/01/2021,Margate  Kent
BV22314425/1,Matthew,Hill,28/07/2022,Leicester  Leicestershire
BV2035266/1,Rex Donald,Hill,11/04/2003,Birmingham  West Midlands
BV2071922/1,Virgiglia,Hill,02/03/2007,Northfleet  Kent
BV2086136/1,Norleen Gwendoline Alice,Hilson,16/07/2008,Derby  Derbyshire
BV2078531/1,Margaret,Hinds,11/05/2004,Basildon  Essex
BV22008916/1,Miriam Kathleen,Hinds,11/01/2020,Sydenham  London SE26
BV2025984/1,John,Hingley,05/09/2002,Worcester  Worcestershire
BV21821103/1,Edward George,Hinman,29/06/2018,Southwark  London SE1
BV2057342/1,Edith,Hipkins,03/12/2004,Stoke on Trent  Staffordshire
BV21503534/1,Aiden Guy,Hiraeth,27/09/2013,Hove  East Sussex
BV22418025/1,Rumi,Hiriomatsu-Crane,13/07/2020,Brixham  Devon
BV2088126/1,Richard,Hirst,04/07/2008,Bracknell  Berkshire
BV21512019/1,Susan Jane,Hirst,12/10/2009,Calderdale  West Yorkshire
BV2014330/1,Marie Louise,Hiscock,19/07/1999,Tavistock  Devon
BV22412415/1,Lai Mei,Ho,27/01/2024,Exeter  Devon
BV22416301/1,Patrick,Ho,29/11/2022,Bayswater  London W2
BV2077773/1,Mui,Hoang,24/05/2007,Woolwich  London SE16
BV21210144/1,Paul Richard,Hoar,28/06/2007,West Sussex
BV2041121/1,Stephen Dale,Hoare,14/05/2003,Wirral  Merseyside
BV22405307/1,Michael,Hoban,05/01/2011,Littlehampton  Sussex
BV22417508/1,Keith,Hobson,15/04/2024,Stockport  Cheshire
ESTA26#4823/1,Lynne,Hodder,07/01/2025,Dorchester  Dorset
BV21918420/1,Dorothy,Hodge,18/07/2019,Maidstone  Kent
ESTA26#18638/1,Joseph Nathaniel,Hodge,08/01/2006,Nottingham  Nottinghamshire
BV2020150/1,Raymond Augustus Winter,Hodge,04/08/2001,North Kensington  London W11
BV21910574/1,Mark Adrian,Hodgson,12/02/1999,Peasmarsh  Surrey
BV2063583/1,Roman,Hododryga,16/04/2005,Bradford  West Yorkshire
BV21904182/1,Katarina,Hodowaniuk,08/08/2015,Bradford  West Yorkshire
BV2001944/1,Leo,Hoff,16/02/2000,Crocklewood  London NW2
BV2013651/1,Margaret,Hoffman,10/05/1998,North Finchley  London N12
BV2062287/1,George,Hofmanis,11/11/2005,Pontefract  West Yorkshire
ESTA26#12912/1,Doreen,Hogan,11/01/2017,Darlington  County Durham
BV22204582/1,Richard William,Hogan,21/01/2022,Crowthorne  Berkshire
BV2002938/1,Maria Joahne,Hoile,12/01/2000,Ashford  Kent
BV2035030/1,Leonard,Hold,06/02/2003,Westminster  London Sw1
BV2000970/1,Timothy,Holden,06/03/1999,
BV22508474/1,Joyce Bernadette,Holder,03/02/2022,Hackney  London E9
BV22307772/1,Rudolph,Holder,01/09/2022,Thornton Heath  Surrey
BV22118446/1,Michael Dean,Holding,19/02/2021,Royston  Hertfordshire
BV21211149/1,Robert Adair,Holdridge,14/08/2012,Holme-on-Spalding Moor  East Yorkshire
BV22109454/1,Joseph,Holdsworth,06/09/2016,Leeds  West Yorkshire
BV21305237/1,Nicholas,Holdsworth,03/01/2012,Southampton  Hampshire
BV21406887/1,Cynthia Margaret,Holland,21/10/2013,Upper Holloway  London N19
BV21912565/1,David,Holland,16/01/2018,Lugo  Spain
BV2044532/1,Nance Marie,Holland,17/06/2004,Hornchurch  Essex
BV22503665/1,Robert,Holley,18/12/2017,Hackney  London E5
BV21510765/1,Marian Frances,Holliday,01/11/2014,Pembroke Dock  Pembrokeshire
BV22300711/1,Melvin John,Holliday,12/09/2021,Hull  East Yorkshire
ESTA25#3679/1,James,Hollingworth,13/09/2025,Ilkeston  Derbyshire
BV22513263/1,Lesley Susan,Holmes,16/05/2024,Dartford  Kent
BV22201373/1,Louisa,Holmes,24/05/2021,Cheam  Sutton
BV22318442/1,Robert Joseph,Holmes,18/09/2023,Cambridge  Cambridgeshire
ESTA26#13011/1,Thomas Osmond,Holmes,29/02/2024,Darlington  County Durham
BV976803/1,Allan,Holt,03/07/1997,Tottenham  London N17
BV983487/1,John David,Holt,03/06/1998,Derby  Derbyshire
BV21415405/1,Karl Heinz,Holzel,18/03/2014,Upper Holloway  London N19
BV2004280/1,Ferenc,Homann,31/12/1998,Northampton  Northamptonshire
ESTA26#14905/1,Trevor,Homer,23/11/2024,Dudley  West Midlands
BV976312/1,Agnes Veronica,Homewood,01/10/1997,Hove  East Sussex
BV22004180/1,Rudi,Hommel,26/10/2007,Newport  Gwent
BV22503526/1,Patrick,Homolka,04/03/2023,Camberwell  London SE5
BV2071750/1,Derek Edmund Colquhoun,Hood,03/02/2007,Gillingham  Kent
BV2045719/1,Gertrude Irene,Hood,08/02/2004,Kings Lynn  Norfolk
BV22006300/1,Alan Arthur,Hooker,09/05/2017,York  North Yorkshire
BV2021853/1,Francis John,Hookham,09/03/2002,Bangor  Gwynedd
BV21811334/1,Alan,Hoolahan,02/05/2017,Bradford  West Yorkshire
BV21518348/1,Kathleen Pamela,Hope,25/10/2015,Polegate  East sussex
BV20911905/1,Rose,Hope,11/07/2005,Hackney  London E8
BV22506066/1,Wickland,Hope,23/03/2022,Lambeth  London SE21
BV21615444/1,Brenda,Hopkins,18/01/2015,Portsmouth  Hampshire
BV22014426/1,Harry Paul,Hopkins,10/09/2019,Camberwell  London SE5
BV982873/1,Pauline,Hopman,29/12/1997,St Albans  Hertfordshire
ESTA26#4824/1,Anthony John,Hopper,20/01/2026,Cramlington  Northumberland
BV2036778/1,Arthur Charles,Hopper,30/04/2003,
BV984277/1,Sarah Anne,Hopwood,24/04/1998,Tangiers  Morocco
BV21214374/1,Kenneth,Horowitz,25/07/2012,Eastbourne  East Sussex
BV22502201/1,Richard Keith,Horrigan,02/10/2024,Margate  Kent
BV994863/1,Teresa,Horseman,14/05/1999,Bristol
BV981455/1,Gwendoline,Horton-Bone,29/01/1997,
BV22001647/1,Stefan,Horvat,13/11/2004,Bromley  London SE26
BV993033/1,Bela George,Horvath,19/12/1998,Shipley  West Yorkshire
ESTA26#12921/1,Istvan,Horvath,12/12/2023,Darlington  County Durham
BV22301060/1,Dorothy,Hoseason,05/06/2016,Westminster  London W2
BV2097914/1,Michael Edwin,Hosey,30/06/2009,Warminster  Wiltshire
BV967425/1,Albert William Douglas,Hotchkiss,25/09/1996,Bethnal Green  London E2
BV2093283/1,Brian,Houghton,16/03/2009,Middlewich  Cheshire
BV2060067/1,John,Houlihan,27/05/2005,Maidenhead  Berkshire
BV21108515/1,Kathleen Megan,Houlston,07/05/2011,Telford  Shropshire
BV2000108/1,Philip Charles,Hounsom,10/12/1999,Woking  Surrey
BV2054682/1,Cornelius,Hourihane,01/01/2003,Birmingham  West Midlands
BV2074995/1,Brian,House,22/05/2007,Southampton  Hampshire
ESTA26#4422/1,Catherine,Housley,18/10/2025,Dewsbury  West Yorkshire
BV2025277/1,Eleanor,Howard,02/10/2002,Durham  County Durham
BV21801258/1,Malcolm John,Howard,27/12/2017,MerthyrTydfil  Glamorgan
BV21008134/1,Melitta,Howard,16/04/2010,Paddington  London W2
BV22405303/1,Sarah Julie,Howard,02/04/2023,Bracknell  Berkshire
BV2080940/1,Stephen,Howard,01/08/2007,Edmonton  London N18
BV22217960/1,Desmond,Howden,14/07/2020,Leeds  West Yorkshire
BV21313282/1,Christa,Howe,15/03/2012,Luton  Bedfordshire
ESTA26#10652/1,Francis Richardson,Howe,12/03/2025,Sheffield  South Yorkshire
BV2054680/1,Robert,Howe,20/02/2005,Rochester  Kent
BV21205487/1,Thomas Marsland,Howe,06/02/2012,Wythenshawe  Manchester
BV21111879/1,Christopher John,Howell,19/10/2010,Stoke on Trent  Staffordshire
BV2034135/1,James Henry,Howell,17/06/2003,New Malden  Surrey
BV2080476/1,Peter,Howell,08/12/2007,Margate  Kent
ESTA25#2579/1,Seymour,Howell,04/01/2025,Dartford  Kent
BV21917420/1,Mavis Patricia Rose,Howes,17/07/2018,Clapham  London SW4
BV2001852/1,Ronald Aubrey,Howes,09/06/1999,Worcester  Worcestershire
BV2010024/1,Claire,Howie,13/03/2000,Ringwood  Hants
BV2022267/1,Maria Bridget,Howling,18/09/2000,Canterbury Kent
BV2047174/1,Ivan,Hraj,10/01/2004,York North yorkshire
BV976270/1,Waclaw,Hrom,15/09/1997,Park Royal  London NW10
BV2015567/1,Jan,Hrynko,16/10/2001,Ascot  Berkshire
BV21309429/1,Stefan,Hrynyk,19/05/2011,Pwllheli  Gwynedd
BV21309366/1,Louise,Hsu,07/04/2013,Croydon  Surrey
BV21707687/1,Peter,Hubbard,22/12/2014,Watford  Hertfordshire
BV21317905/1,John Eric,Huddleston,24/10/2013,Portishead  North Somerset
BV2071579/1,Beryl Joan,Hudson,14/07/2006,Colchester  Essex
BV21615693/1,Constantine,Hudson,15/04/2016,Bristol
BV2059620/1,Irene,Hudson,08/12/2001,Leeds  West Yorkshire
BV2037552/1,Ivy Marguerite,Hudson,03/11/2003,Frittenden  Kent
BV21102639/1,Jean,Hudson,19/08/2010,Margate  Kent
ESTA26#4829/1,Leslie Francis,Hudson,18/06/2025,Walsall  West Midlands
BV22217811/1,Rita Margaret,Hudson,20/10/2019,Bradford  West Yorkshire
BV22514191/1,Anthony John,Hughes,06/09/2024,Swindon  Wiltshire
BV2025579/1,Anthony Michael,Hughes,17/08/2002,Lambeth  London  SE1
BV2035637/1,Dennis,Hughes,18/07/2003,Wrexham  Flintshire
BV22317048/1,Derek,Hughes,05/08/2022,Sunderland  County Durham
BV973935/1,Edward John,Hughes,14/04/1997,Hammersmith London W6
BV2004880/1,James,Hughes,17/06/2000,Doncaster South Yorkshire
BV22209445/1,John,Hughes,07/06/2022,Bradford  West Yorkshire
BV21809364/1,Margaret,Hughes,14/04/2018,Lancaster  Lancashire
BV22217004/1,Margaret,Hughes,11/12/2019,Gloucester  Gloucestershire
BV21104432/1,Michael John,Hughes,28/07/2010,Birmingham  West Midlands
BV2030126/1,Pauline Elizabeth,Hughes,13/12/2001,Whitechapel  London  E1
ESTA25#3597/1,Anthony,Huish,10/06/2024,Reading  Berkshire
BV2010638/1,Harold,Hulme,24/08/1998,
BV2040174/1,Alfred,Hulse-Lawton,06/10/2003,
BV22114012/1,David Roy,Humble,13/08/2021,Bromley  Kent
ESTA25#3066/1,Natalia Mary Robertson,Humphreys,28/02/2025,Aberystwyth  Ceredigion
BV22306553/1,Alan,Humphries,13/12/2021,Southampton  Hampshire
BV2092057/1,Betty,Humphries,21/12/2008,Rickmansworth  Hertforsdshire
BV22309987/1,Brenda Mary,Hunt,11/04/2022,Southampton  Hampshire
BV2059730/1,Doreen Amelia,Hunt,21/03/2004,Scarborough  North Yorkshire
BV21006135/1,James,Hunt,30/01/2004,Bristol
BV2077133/1,Mary Dora,Hunt,19/01/2006,Brighton  East Sussex
ESTA26#11378/1,Wayne,Hunt,23/12/2023,Southampton  Hampshire
ESTA26#12584/1,Brenda Lillian,Hunter,06/09/2018,Darlington  County Durham
BV21106176/1,Florence Alice,Hunter,05/02/2011,Walsall  West Midlands
BV2060824/1,Henry George,Hunter,09/11/2005,East Dulwich  London  SE22
BV22214171/1,John David,Hunter,17/06/2021,Rotherham  South Yorkshire
BV2015140/1,Lilian,Hunter,01/08/2000,Colchester  Essex
BV22302334/1,Elizabeth Ann,Hurcombe,19/09/2022,Leeds  West Yorkshire
ESTA25#5820/1,David Richard,Hurley,21/01/2024,Bath  Somerset
BV22114410/1,Tajdeen Jamal,Husein,05/07/2020,York  Yorkshire
BV2047046/1,Mehmet,Huseyin,25/08/2004,Homerton  London  E9
BV21504560/1,Iftikhar,Hussain,15/01/2015,Mirfield   West Yorkshire
BV22103533/1,Joseph Kenan,Hussain,18/01/2021,Hammersmith  London W11
BV2093552/1,Nazir,Hussain,06/11/2008,Acton London W3
BV21706912/1,Shahzada Iqbal,Hussain,25/02/2017,Hammersmith  London W12
BV21814293/1,Eshak,Hussein,14/06/2016,Leicester  Leicestershire
BV21212772/1,Halil Niazi,Hussein,12/06/2012,Hackney  London E9
BV2064490/1,Ibrahim,Hussein,06/05/2006,Denmark Hill London SE5
BV21102466/1,John Gabriel,Hussey,22/11/2008,Rowley Regis - West Midlands
BV21204827/1,Sheila Rose Ethel,Hutchings,27/11/2011,Hartlepool
BV2072611//1,Fabian Lancelot,Hutchins,20/12/2006,Sydenham  London SE26
BV22011234/1,Christine Mary,Hutchinson,26/02/2020,Leicester  Leicestershire
BV22113466/1,Valerie Pauline,Hutchinson,26/03/2021,Sleaford  Lincolnshire
BV985418/1,Bertha Helen,Hutson,16/10/1998,Sleaford  Lincolnshire
BV22009127/1,Christine Sylvia,Huxtable,24/05/2020,Westcliff on Sea  Essex
BV21410858/1,Cong Ha,Huynh,27/12/2013,Camberley  Surrey
ESTA25#2483/1,Thomas Ernest,Hyam,29/09/2025,Marlborough  Wiltshire
BV22409833/1,Elfriede Maria,Hyland,18/04/2022,Chertsey  Surrey
BV21413643/1,Margaret Rose,Hyland,13/04/2014,Etchingham  East Sussex
BV21301594/1,Patrick,Hyland,20/09/2012,Sutton Coldfield  West Midlands
BV2096914/1,James,Hynes,23/05/2009,Birmingham West Midlands
BV2063214/1,Patrick,Hynes,25/09/2005,Margate  Kent
BV22319329/1,Teresa,Hynes,23/10/2023,Fulham  London W6
BV21804849/1,William,Hynes,29/01/2016,Greenwich  London SE10
ESTA25#3626/1,Dennis,Ianson,14/02/2012,London SW11 5UD
ESTA26#4053/1,Margaret,Ibbitson,19/06/2024,York  North Yorkshire
BV2024733/1,Zeki,Ibrahim,19/02/1999,Hersham Surrey
BV21404226/1,Hamidabibi Ismail,Ichu,01/12/2005,Bradford  West Yorkshire
BV22204609/1,Syed Ahmed,Iftakhar,02/01/2021,Croydon  Surrey
BV21815428/1,Michael Joseph,Igoe,22/03/2017,Edmonton  London N18
BV22418678/1,Veronica Ifunanya,Igwe,07/04/2023,Leeds  West Yorkshire
BV993601/1,Alexander,Ijewlew,25/10/1997,Kensington  London  W8
BV2093290/1,Walter,Ilczyszyn,30/11/2008,Denmark Hill London  SE5
BV22514575/1,Abdullah,Ilgin,19/01/2025,Camden  London NW1
ESTA26#12837/1,Keith Francis John,Inman,23/01/2006,Southend-on-Sea  Essex
BV22115209/1,Gloria,Innis,13/04/2020,Hanwell  London W7
BV22004635/1,Brenda Ruth,Ireland,05/10/2019,Bournemouth  Dorset
BV2003183/1,Margaret,Ireland,27/09/1999,Lewisham London SE23
BV2021869/1,Thomas William,Irving,05/12/2001,Westgate-on-Sea  Kent
BV974543/1,Sonia,Irwin,22/06/1997,Luton  Bedfordshire
BV22310462/1,Bryan Leigh,Isaac,24/01/2023,Ilfracombe  Devon
BV21703947/1,Winston,Isaac,03/02/2013,Kensington  London W10
BV2013986/1,Ivor,Isaacs,18/02/2001,Redhill  Surrey
BV2000249/1,Nathan,Isaacs,01/11/1999,Leeds West Yorkshire
BV22405877/1,Smalj,Isic,31/01/2023,Newham  London E13
BV2048761/1,Abdul Aziz,Ismaili,27/01/2004,Holloway  London  N7
BV2011682/1,Tamunokombia Morris,Isodiki,02/10/2000,Camden  London NW1
BV22317452/1,Michael Salih,Issa,21/03/2023,Luton  Bedfordshire
BV21304194/1,Gregory,Ivanov,22/11/2002,Lambeth London
BV22504208/1,Ian,Ives,08/06/2023,Warrington  Cheshire
BV22419730/1,Alethea Davina,Jackson,28/10/2021,Croydon  Surrey
BV22311359/1,Alex,Jackson,30/09/2021,Bournemouth  Dorset
BV2043527/1,Annie,Jackson,08/08/2003,Bradford  West Yorkshire
BV2080185/1,Aryee,Jackson,26/12/2007,Newcastle upon Tyne
BV22306661/1,Denise,Jackson,23/02/2022,Doncaster  Yorkshire
BV2081487/1,Doris,Jackson,05/01/2008,Southampton Hampshire
BV2012159/1,Edward,Jackson,26/02/2001,Lewisham  London SE13
BV2004575/1,James,Jackson,28/07/2000,Stoke on Trent Staffordshire
BV21401906/1,Michael Andrew,Jackson,15/03/2004,Rochester  Kent
BV2096816/1,Peter,Jackson,17/05/2007,Carshalton  Surrey
ESTA26#18648/1,Robert,Jackson,07/05/2025,Birmingham  West Midlands
BV21512803/1,Marie,Jackson-Ward,29/03/2015,Leeds  West Yorkshire
BV2070961/1,Anne,Jackunaite,01/12/2006,Mile End  London  E1
BV2044159/1,Norman,Jacob,04/12/2001,Stanmore  Middlesex
BV21817041/1,Ruth Frances,Jacobson,12/08/2018,Haywards Heath  West Sussex
BV21103135/1,Stephen,Jacques,17/04/2010,Denbigh  Denbighshire
BV2061876/1,Marjorie Sheila,Jaffe,22/12/2005,Cookham Dean  Berkshire
BV22503995/1,Paul Eric Ronald,Jager,01/12/2022,Winchester  Hampshire
BV21303041/1,Krishenath,Jaggernauth,28/10/2012,Kensington  London SW5
BV2004611/1,Stanislawa,Jakim,01/01/1997,Pwllheli  Gwynedd
BV980756/1,Wladsalaw,Jakowlew,16/01/1997,Southall  Middlesex
BV2046377/1,Hilda,Jakubi,01/09/2004,Westminster London SW1
BV22211499/1,Aniela,Jakubowski,02/03/2022,Newton Abbot  Devon
BV22514576/1,Michael,Jalloh,24/08/2023,Camberwell  London SE5
BV22317063/1,Azeem Amir,Jamal,20/01/2023,Harrow  Middlesex
BV2052382/1,Anne Elizabeth Mary,James,11/03/2005,Lampeter  Ceredigion
BV21918912/1,Barbara Winifred,James,07/07/2018,Swansea  South West Wales
BV21004872/1,Bertie,James,23/04/2008,Hackney London E9
BV22423629/1,Brian,James,25/09/2024,Wellingborough  Northamptonshire
ESTA26#4081/1,Ceaford,James,24/02/2012,Walsall  West Midlands
ESTA25#3296/1,Daniel,James,23/11/2024,Rickmansworth  Hertfordshire
BV21708934/1,David Grantley,James,03/02/2015,Devizes  Wiltshire
BV22006335/1,Ephraim Emmanuel,James,17/12/1992,Kensington  London W11
BV2057135/1,Ethel,James,31/07/2005,Kensington  London  W8
BV994552/1,Ian,James,20/09/1999,Puerto de la Cruz  Tenerife
BV2091051/1,Jesse Woodson,James,04/10/2007,Scarborough  North Yorkshire
BV21309624/1,Michael John,James,17/07/2013,Stafford  Staffordshire
BV21108095/1,Nortion Steven,James,27/07/2010,West Hampstead  London NW6
BV2014710/1,Peter,James,19/01/1998,Leeds West Yorkshire
BV2011638/1,Raymond,James,17/09/2000,Birmingham West Midlands
BV2090773/1,Ricky Leslie,James,29/09/2008,Wakefield  West Yorkshire
BV2055109/1,Valerie Georgina,James,02/06/2005,Eaglestone   Milton Keynes
BV21105890/1,Adela Rachela,Jameson,11/04/2011,Barnet  Hertfordshrie
BV20912242/1,Doreen,Jameson,24/05/2009,
BV2067117/1,Linda Susan,Jamieson,11/10/2006,Sheffield South Yorkshire
BV21821105/1,Marta Nelida,Jamison,02/11/2018,Barnet  London NW11
BV22422378/1,Boguslaw,Jankowski,24/05/2024,Braintree  Essex
BV2060646/1,Denise Lucie Octavie Jeane,Janovtchik,28/11/2005,Wimbledon  London SW19
BV2077775/1,Sergei,Jansons,27/08/2007,Addleston Surrey
BV2066174/1,Konrad,Janusz,08/10/1997,Newton Abbott  Devon
BV21214113/1,Jan,Jaramola,05/04/2010,Welwyn Garden City  Hertfordshire
BV2024357/1,Felix,Jarvis,13/03/2002,Luton  Bedfordshire
ESTA26#4144/1,Nicholas,Jarvis,07/11/2025,Grantham  Lincolnshire
BV2077414/1,Vivian,Jarvis,13/07/2007,Chichester  Chichester
BV21115494/1,Alexander,Jaskulski,28/03/2008,Nottingham
BV2055292/1,Stanislaw,Jaskulski,19/04/2005,Felixstowe Suffolk
BV991718/1,Stanley,Jastrza,17/12/1998,Leicester Leicestershire
BV2064321/1,Heinrich,Jatzkowsky,12/01/2006,Kings Lynn  Norfolk
ESTA25#3561/1,Ali Asghar,Javaherian,11/11/2024,Tottenham  London N15
BV2040841/1,Anne,Jay,18/09/2003,Whitechapel  London  E1
BV21307867/1,Cynthia Rice,Jay,28/02/2006,Westminster  London SW1
BV2011681/1,Marian,Jay,03/03/2001,West Brompton London SW10
BV2096834/1,Susan Christine,Jee,10/07/2009,Halifax  West Yorkshire
BV2043626/1,William Wanless,Jeff,21/05/2004,Watford  Hertfordshire
BV2020249/1,John William,Jeffrey,04/12/2001,Muswell Hill  London N10
BV21814751/1,Martin,Jeffrey,23/04/2018,Romford  Essex
BV21418270/1,William,Jeffrey,24/02/2014,Birmingham  West Midlands
BV2051079/1,Helen,Jeffreys,31/01/2000,Sutton  Surrey
BV2050616/1,Janus,Jegers,09/10/2004,
BV983698/1,Joseph,Jekki,11/04/1998,Bradford  West Yorkshire
ESTA26#17314/1,Brian John James,Jelf,02/07/2026,Cwmbran  Gwent
BV2083725/1,Beryl Tow,Jenkins,11/03/2001,Cheltenham  Gloucestershire
BV993291/1,David Steven,Jenkins,12/04/1999,Nottingham Nottinghamshire
BV2012226/1,Margaret Ann,Jenkins,04/01/2000,Brecon Powys
BV2079382/1,Sandra,Jenner,13/04/2007,Herne Hill London SE24
BV21208165/1,Michael John,Jennings,17/06/2012,London N18
BV21902537/1,Paul,Jennings,05/12/2012,Avon  Bath
BV21712155/1,Michael,Jensen,07/09/2016,Sittingbourne  Kent
BV2031587/1,Eric,Jeremiah,14/11/2002,Barnet  Hertfordshire
BV2074710/1,Karl,Jeschke,23/02/2007,Hemel Hempstead  Hertfordshire
BV22105236/1,David Nigel,Jessop,04/10/2020,Harrogate  North Yorkshire
BV21400247/1,Oyinoluwa Ttijesulase,Jesugoodness,04/05/2011,Tottenham  London N15
BV22504734/1,Sheila,Jetha,16/07/2022,Ealing  London W13
BV2052782/1,John Francis,Jewell,15/01/2005,Bromsgrove Worcestershire
BV21803641/1,Antony Stephen,Jillings,04/03/2016,York  North Yorkshire
BV21108265/1,Anthony Lamin,Jobateh,20/01/2010,Sydenham  London SE25
BV2088175/1,William,Johanes,23/09/2008,Sheffield South Yorkshire
BV22002727/1,Barrie,John,13/11/2019,Bridgend  Mid Glamorgan
BV21306308/1,Paul,John,20/08/2012,Beckenham  Kent
BV2034680/1,Roger,John,05/06/2003,Bridgend  Glamorgan
BV2096443/1,Ronald Dennis,John,11/07/2009,Ilfracombe  Devon
BV21203904/1,Raymond,Johns,02/08/2011,Kensington  London W8
BV2024329/1,Roy,Johns,09/07/2002,Chertsey  Surrey
BV22314481/1,Albert,Johnson,01/05/2020,Broomfield  Essex
BV2095418/1,Barbara,Johnson,21/06/2009,St Leonards on Sea  East Sussex
BV2033636/1,Caroline Juliana,Johnson,24/11/2002,Oxford Oxfordshire
BV21517988/1,Christine Ann,Johnson,03/08/2015,Trowbridge  Wiltshire
BV21907063/1,Dennis,Johnson,17/08/2013,Frenchay  South Gloucestershire
ESTA26#14927/1,Doreen,Johnson,04/11/2020,Darlington  County Durham
BV2015234/1,Ellen,Johnson,26/03/2001,Hayes  Middlesex
BV2055554/1,Harold,Johnson,19/07/2001,Isloington London N7
BV21509890/1,Hilary Ruth,Johnson,17/12/2014,Banstead  Surrey
BV21307554/1,Ibidun,Johnson,14/02/2003,Peckham  London SE15
BV993455/1,Isabella McEwan,Johnson,02/04/1999,Lindfield West Sussex
BV22001385/1,Jerome Dellivan,Johnson,10/05/2006,Edmonton  London N18
BV2058189/1,John,Johnson,09/01/1997,Sunderland  Tyne & Wear
BV21819004/1,John,Johnson,28/08/2017,Tipton  West Midlands
BV2032167/1,Justin George,Johnson,31/03/2003,Woolwich  London SE18
BV994702/1,Kathleen,Johnson,06/05/1998,
BV22003723/1,Lynwood Ivan,Johnson,08/12/2012,Mile End  London E1
BV2001768/1,Marion,Johnson,29/02/2000,Camden London NW1
BV974066/1,Martin,Johnson,05/06/1997,Leicester Leicestershire
BV22215114/1,Michael,Johnson,02/09/2022,Market Harborough  Leicestershire
BV21011376/1,Michael Phillip,Johnson,14/09/2010,Lancaster Gate London W2
BV22010839/1,Patricia,Johnson,26/06/2018,Hull  East Yorkshire
BV2065123/1,Peter  Lawrence,Johnson,30/12/2004,Rhyl Denbighshire
BV2080568/1,Reginald,Johnson,03/12/2007,Southampton Hampshire
BV2011850/1,Walter,Johnson,06/07/2000,Barnet  Hertfordshire
BV22103729/1,Desmond Thomas,Johnston,21/02/2021,Rhyl  Denbighshire
BV2065617/1,Edward,Johnston,26/07/2006,Wolverhampton  West Midlands
BV22508101/1,Paul,Johnston,17/10/2023,Gravesend  Kent
BV21307213/1,William,Johnston,12/02/2012,Bristol
BV22306008/1,Louise,Johnstone,01/02/2023,Southsea  Hampshire
BV2004497/1,Thomas,Jonell,07/02/1999,Ashford  Kent
BV2077592/1,Alan,Jones,01/01/2007,Putney London SW15
ESTA25#3455/1,Andrew Paul,Jones,01/10/2025,Derby  Derbyshire
ESTA26#15089/1,Ann,Jones,22/05/2025,Hounslow  Middlesex
BV22514590/1,Anne McGillivery,Jones,10/03/2022,Cwmgwili  Carmarthenshire
BV21719952/1,Brian,Jones,25/06/2017,Wolverhampton  West Midlands
BV21819387/1,Carole Anne,Jones,13/03/2018,Llantrisant  Rhondda Cynon Taf
BV2035597/1,David,Jones,21/08/2003,Mile End London E1
BV21500178/1,David Glyn,Jones,08/12/2014,Rhyl  Denbighshire
BV21815482/1,David Terence,Jones,12/03/2018,Chelsea  London SW10
BV21502945/1,Dorothy,Jones,03/02/2015,Acton  London W3
BV21111996/1,Eileen Mary,Jones,01/06/2011,Sutton Coldfield  West Midlands
BV2014115/1,Ellen,Jones,27/02/2001,Birmingham  West Midlands
BV21819332/1,Ellen,Jones,10/10/2006,Tooting  London SW17
BV2000611/1,Ellis Powell,Jones,10/08/1998,Denbigh
BV2058808/1,Elsie,Jones,24/06/2005,Stoke on Trent  Staffordshire
BV21800026/1,Eric,Jones,29/10/2016,Coventry  West Midlands
BV2091457/1,Eric,Jones,03/12/2008,Wolverhampton  West Midlands
BV2091611/1,Evelyn,Jones,26/11/2007,Portsmouth  Hampshire
BV2035101/1,Frank,Jones,09/07/2003,Shepherds Bush  London W12
BV2033568/1,Freda,Jones,08/06/2003,Leek  Staffordshire
BV984350/1,Gary,Jones,17/04/1998,Maida Vale  London W9
BV21004563/1,Geoffrey,Jones,15/02/2010,Exeter  Devon
BV21502054/1,Gloria Yvonne,Jones,17/10/2008,Guyana
BV21610484/1,Glyn,Jones,27/08/2005,Dolgellau  Gwynedd
BV2004577/1,Helen,Jones,28/09/2000,London W2
BV21204861/1,Henry,Jones,01/02/2012,Leeds  West Yorkshire
BV21305355/1,Herbert,Jones,16/02/2012,Paddington  London  W2
BV22405922/1,Ian,Jones,19/01/2013,West Bromwich  Staffordshire
BV21904201/1,James,Jones,01/06/2014,Clerkenwell  London EC1Y
BV2001830/1,Jennifer Margaret Jane,Jones,14/12/1999,Porta Rhondda
ESTA26#7171/1,Joan Marilyn Gwenda,Jones,06/01/2026,London W2
BV2079523/1,John,Jones,04/03/2006,Cardiff  South Glamorgan
BV2061083/1,John,Jones,03/12/2003,Luton  Bedfordshire
BV22422617/1,Jonathan Glyn,Jones,12/02/2024,Kettering  Northamptonshire
BV2071853/1,Kathleen,Jones,27/05/2005,Staple Hill South Gloucestershire
BV2001887/1,Leslie,Jones,29/06/1998,Northampton Northamptonshire
BV2081318/1,Margaret Ellen,Jones,31/08/2007,Wrexham Clwyd
BV2084111/1,Marguerette,Jones,20/04/2008,Bexhill on Sea  East Sussex
BV2086349/1,Mary,Jones,05/07/2008,Leeds West Yorkshire
BV22207610/1,Michael Charles,Jones,28/03/2022,Portsmouth  Hampshire
BV22014898/1,Michael William,Jones,20/08/2020,Canterbury  Kent
BV2052666/1,Montague,Jones,27/02/2004,Goodmayes Essex
BV2051006/1,Olwen,Jones,24/12/2004,Bodelwyddan  Denbighshire
BV2020573/1,Robert,Jones,04/12/2001,Bromley  Kent
BV2055645/1,Robert Stanley,Jones,25/03/2005,Telford  Shropshire
BV22003721/1,Sandra Denise,Jones,07/12/2019,Wallasay  Merseyside
BV21209445/1,Shirley,Jones,06/11/2008,Ottershaw  Surrey
ESTA26#4154/1,Shirley,Jones,15/08/2025,Cwmbran  Gwent
BV2065207/1,Terence,Jones,16/09/2003,Leeds West Yorkshire
BV22300709/1,Terence Alwyn,Jones,10/12/2021,Torquay  Devon
BV2055815/1,Thomas,Jones,21/01/2005,Tolworth  Surrey
BV21003205/1,William,Jones,12/05/2009,Forest Gate London E7
BV2080809/1,William John,Jones,15/09/2007,Epping  Essex
BV21304321/1,Zahia,Jones,28/03/2012,Camden  London  NW3
BV22004920/1,Rhonwyn Vida Campbell,Jordaan,16/11/2019,Etchingham  East Sussex
BV971572/1,Ethel Mary,Jordan,14/01/1997,Wanstead  Essex
BV21212969/1,James,Jordan,14/07/2012,Cardiff  Wales
BV21112124/1,Kathleen,Jordan,10/09/2010,Finchley  London
BV22314045/1,Abraham,Joseph,01/10/2021,Balham  London SW12
BV21213732/1,Anne-Marie,Joseph,12/07/2009,Hammersmith  London
BV983173/1,Roy George Elroy,Josephs,08/02/1997,Camden  London NW1
BV2047869/1,Lalji,Joshi,15/09/2004,Croydon  Surrey
BV2043376/1,Prabbhuram,Joshi,25/02/2004,Leicester Leicestershire
BV21804265/1,Christopher Bernard,Joyce,05/11/2017,Droitwich Spa  Worcestershire
BV2048274/1,Eugene,Joyce,28/09/2004,Fritzovia London W1
BV2055545/1,Shadow Sanoah,Judaham,13/11/2003,Islington  London N7
BV22412967/1,Michael William,Judd,30/11/2023,Harrow  Middlesex
BV21104478/1,Istvan Steven,Juhasz,18/01/2005,Sheffield South Yorkshire
BV22109780/1,Anthony,Jukes,25/03/2020,Dudley  West Midlands
BV21316188/1,Shirin,Jussab,06/09/2012,Streatham  London SW16
BV21202950/1,Ryzard,Juszczak,06/10/2008,
BV21904160/1,George,Kachnimanis,26/04/2017,Islington  London N6
BV22402323/1,Wolf-Dieter,Kaczmarczyk,09/12/2020,Chelmsford  Essex
BV2086277/1,Antoni,Kaczmarek,09/02/2008,Camden London NW1
BV2011683/1,Joseph,Kadela,26/04/2000,Briggs North Lincolnshire
BV21200174/1,William,Kadry,01/11/2011,Fulham  London SW6
BV21014049/1,Lucy,Kahwajin,20/04/2009,Edmonton  London N18
BV2067374/1,Mychajlo,Kaleniuk,11/06/2003,Nottingham Nottinghamshire
BV22000008/1,Erwin,Kaleta,10/01/2003,
BV21616151/1,Pawel Kazimierz,Kalinowski,29/11/2013,Bangor  Gwynedd
BV21611478/1,Jan,Kalinski,30/11/2006,Halifax  West Yorkshire
BV2034247/1,Alexander,Kaminski,24/04/2003,Paddington London W2
BV21910548/1,Michael,Kaminski,05/04/2000,Nottingham  Nottinghamshire
BV22005427/1,Georgios,Kampourakis,14/11/2017,Tottenham  London N17
BV22009004/1,Manoharan,Kanagasingham,15/04/2019,Dover  Kent
BV22010826/1,Yoritatsu,Kanda,17/04/2018,Eastbourne  East Sussex
BV21415351/1,Szczepan,Kaniewski,13/03/2014,Hounslow  Middlesex
BV22106047/1,Thomas,Kannaphsamy,06/06/2017,Barnet  Middlesex
BV980420/1,Vincent,Kapur,24/10/1997,Lambeth London SE1
BV2085589/1,Alexander,Karabaniuk,09/07/2008,Lambeth  London SE5
BV976611/1,Antanas,Karklinis,17/04/1997,Leeds  West Yorkshire
BV21200073/1,George Felix,Karn,02/07/2011,Croydon  Surrey
BV2030597/1,George,Karsae,08/10/2002,Amersham  Buckinghamshire
BV21720946/1,John,Kartellis,23/05/2012,Westminster  London W9
BV22016349/1,Parimala,Karuppiah,30/12/2019,St John's Wood  London NW8
BV2043053/1,Tadeusz,Kasprzyk,13/04/2004,Amersham  Buckinghamshire
BV2013314/1,Othman Emil,Kathib,29/05/2001,Peacehaven East Sussex
ESTA26#17333/1,Vladirmiras,Katurbajevas,21/09/2021,Tottenham  London N17
ESTA26#18637/1,Gurdip,Kaur,25/05/2005,Nottingham  Nottinghamshire
BV21709121/1,Harvarjesh,Kaur,29/05/2014,Camden  London NW1
BV21113391/1,Satwant,Kaur,22/01/2011,Coventry West Midlands
BV21214075/1,Udham,Kaur,19/10/2012,Southall  Middlesex
BV2087635/1,Frank,Kavanagh,28/03/2008,Broadstairs  Kent
BV2001297/1,Michael,Kavanagh,01/02/2000,Belsize Park  London  NW3
BV2081109/1,Patrick Joseph,Kavanagh,09/04/2007,Orpington  Kent
BV2078339/1,Terence Mary,Kavanagh,25/06/2003,Crawley   Sussex
BV2083073/1,Thomas Murter,Kavanagh,05/07/2007,Birmingham West Midlands
BV22404230/1,Jamie Norman,Kay,17/11/2023,Gloucester  Gloucestershire
BV2021222/1,Janice Sybyl,Kay,30/11/2001,Lambeth London  SE1
BV2033632/1,Joan Lucy,Kay,02/06/2003,Margate  Kent
ESTA26#18512/1,Joseph Juozas,Kazelis,18/06/2017,Nottingham  Nottinghamshire
BV21615824/1,Vladimirs,Kazlausks,03/12/2015,Newport  Gwent
BV21300751/1,Russell Mackenzie,Keal,25/09/2012,Gainsborough  Lincolnshire
BV2031545/1,John,Keane,04/01/2003,Birmingham West Midlands
BV21905601/1,William,Keane,17/10/2009,Borehamwood  Hertfordshire
BV22218311/1,Deirdre Maria Agnes,Kearney,30/09/2022,Edmonton  London N18
BV2084438/1,John-Jack,Kearney,16/09/2001,Oxford Oxfordshire
BV992997/1,Matthew,Kearney,19/06/1999,Gloucester  Gloucestershire
BV22310077/1,David John,Kearns,08/07/2019,Earlsfield  London SW18
BV2000374/1,Charles,Keating,25/04/1999,North Tyneside
BV21305024/1,Edward,Keating,04/01/2013,Hampstead London NW3
BV2015802/1,Sylvia,Keatley,09/08/2001,Sheffield  South Yorkshire
BV21205667/1,Ellen Mary,Kebbell,28/02/2012,Chelsea  London SW10
BV21205962/1,Jakob,Keck,12/01/2012,Tooting
BV22309515/1,John,Keenan,11/04/2023,Coventry  Warwickshire
BV21306141/1,Michael,Keenan,13/02/2007,Bradford  West Yorkshire
BV21514444/1,Theresa Celestine,Keenan,16/03/2015,Shenley Hertfordshire
BV2087721/1,Gordon Lewis Monteith,Keevil,17/05/2008,Enfield  Middlesex
BV21007288/1,Josephine,Keilly,20/08/2005,Slough Berkshire
BV2035099/1,Janet A F C,Keller,21/01/2003,Chiswick  London W4
BV21910527/1,Rowland Michael,Keller,08/11/2007,Bromley  Kent
BV21512651/1,Brendan,Kelly,23/04/2014,Sutton Coldfield West Midlands
BV22516131/1,Colin Alan,Kelly,22/09/2023,Leytonstone  London E11
BV2014568/1,Ellen,Kelly,23/06/2001,Barnet  Hertfordshire
ESTA26#17272/1,Fiona,Kelly,23/03/2026,Kettering  Northamptonshire
BV21212765/1,Ian Philip,Kelly,16/11/2010,Cambridge  Cambridgeshire
BV21210846/1,John,Kelly,21/04/2012,Great Yarmouth  Suffolk
BV2023764/1,Jonathan Jason,Kelly,11/08/1997,Lambeth London SW2
BV22106877/1,Joseph Gerard,Kelly,18/01/2021,Acton  London W3
BV2044909/1,Lincoln,Kelly,26/03/2004,Tooting  London  SW17
BV21000628/1,Margaret,Kelly,29/11/2008,Park Royal  London NW10
BV21816583/1,Mario Anthony,Kelly,01/07/2015,Leytonstone  London E11
BV22307654/1,Michael John,Kelly,16/12/2013,Nottingham  Nottinghamshire
BV2067676/1,Nora,Kelly,02/11/2006,Birmingham  West Midlands
BV2091008/1,Patrick,Kelly,12/01/2008,Halifax West Yorkshire
BV20911263/1,Patrick,Kelly,21/03/2008,Swindon  Wiltshire
BV971380/1,Patrick,Kelly,07/12/1996,Luton  Bedfordshire
BV22001356/1,Patrick George,Kelly,10/01/2010,Harrow  Middlesex
BV2055094/1,Thomas,Kelly,09/03/2005,Shepherd's Bush  London  W12
BV21003385/1,Thomas John,Kelly,29/12/2009,Southsea Hants
BV21909974/1,William,Kelly,14/05/2018,Newcastle Upon Tyne  Tyne and Wear
BV985446/1,William Francis,Kelly,03/11/1998,Dartford  Kent
BV22516138/1,Howard Martin,Kelsall,01/05/2023,Endon  Staffordshire
BV21915073/1,Zoltan Gyula,Kemenesi,24/07/2019,Harlow  Essex
BV21915433/1,John Robert,Kemp,14/07/2019,Exeter  Devon
BV2015123/1,Marjorie,Kemp,05/08/2001,
BV22005936/1,Leon,Kempinski,20/05/1981,Birmingham  West Midlands
BV2010400/1,John Graham,Kendall,13/12/2000,Solihull  West Midlands
BV2084648/1,John Richard,Kendrick,25/07/2006,Stratford upon Avon  Warwickshire
BV2047913/1,Michael Johnathan David,Kennedy,13/11/2004,Islington  London N19
BV2021471/1,Sarah,Kennedy,17/10/2001,Watford  Hertfordshire
BV21900453/1,Nadia Esther,Kennedy-Barrow,22/08/2017,Uxbridge  Hillingdon
BV21813592/1,Louise,Kent,26/01/2004,Park Royal  London NW10
BV2061794/1,Leslie,Kenyon,14/12/2005,Nottingham Nottinghamshire
BV21005375/1,Margo,Kern,13/04/2010,Plymouth Devon
BV21902439/1,Donovan Augustus,Kerr,07/12/2007,Islington and Haringey  London N19
BV2001307/1,Isobel Eileen,Kerr,30/07/1999,Brighouse  West Yorkshire
BV22302325/1,Joan Mary,Kerrigan,03/04/2020,Tooting  London SW17
BV21806999/1,Greta Walterine,Kershaw,06/03/2018,Skegness  Lincolnshire
BV2000759/1,Christine,Keyzor,21/12/1998,Kent
BV22420003/1,Abdul,Khan,02/01/2023,Leyton  London E10
BV2010020/1,Abdul,Khan,03/06/1998,Kennington  London  SE11
BV21605303/1,Abdul Malik,Khan,12/12/2015,Clapham  London  SW4
BV21208536/1,Abdul Rashid,Khan,04/12/2011,Cricklewood  London NW2
BV21418447/1,Jemeil,Khan,03/11/2013,Sutton Coldfield West Midlands
BV21722136/1,Mohammed Yousaf,Khan,13/10/2017,Bradford  West Yorkshire
BV21000666/1,Nassima,Khan,12/12/2009,Littlehampton  West Sussex
BV22212305/1,Mohamed,Khattab,05/03/2019,Coventry  Warwickshire
BV22510242/1,Margaret,Kiamal,24/09/2021,Camden  London NW5
BV2086063/1,Jan,Kibalo,07/02/2001,Newton Abbott Devon
BV984188/1,Josef,Kieler,16/07/1998,Coventry West Midlands
BV2066046/1,Josef,Kierzkowski,21/05/2006,Romford  Essex
BV21905605/1,Krzysztof Wtadystaw,Kijanowski,17/12/2002,Croydon  Surrey
BV2041823/1,Mohammed,Kilani,20/01/2004,Mile End  London  E1
BV22414481/1,Kathleen Constance,Killingworth-Orchin,06/07/2024,Putney  London SW15
BV21709120/1,Patricia Helen,Kilpatrick,15/09/2014,Hackney  London E8
BV21404984/1,Ann Marjorie,Kimber,06/12/2013,Hampshire
BV21811308/1,Dorothy Edna,Kimmin-Hart,15/02/2018,Hailsham  East Sussex
BV21113780/1,Carol Anne,King,24/03/2011,Carlisle  Cumbria
BV2021015/1,Cecily Violet,King,17/01/2001,Torquay  Devon
BV21003352/1,Cyril,King,11/09/2006,Hackney  London E9
BV21006992/1,David,King,10/01/2010,Stratford London E15
BV22409986/1,Dennis John,King,20/01/2024,Sheffield  South Yorkshire
BV21904184/1,Ernest John,King,01/05/2018,Hessle  North Humberside
BV21214486/1,Fay,King,30/09/2011,Hounslow  Middlesex
ESTA25#3690/1,Ivan,King,02/11/2025,Tilbury  Essex
BV21008502/1,James,King,25/02/2010,Birmingham  West Midlands
BV2004936/1,John Kenneth,King,06/09/2000,Shepherd's Bush  London  W12
BV21317452/1,Lillian May,King,09/12/2012,Woolwich  London  SE18
BV21413646/1,Michael,King,11/05/2014,Radlett  Hertfordshire
BV2043417/1,Michael James Bono,King,20/04/2004,Haywards Heath  West Sussex
BV21103965/1,Philip Ethelred,King,21/01/2011,Freshwater  Isle of Wight
BV22506992/1,Robert,King,05/06/2012,Barnstaple  Devon
BV972390/1,Sarah Elizabeth,King,02/01/1997,Epsom  Surrey
BV21314159/1,Stephen Christopher,King,05/07/2013,Newcastle Upon Tyne  Tyne & Wear
BV21913185/1,Sylvia,King,09/02/2019,Altrincham  Cheshire
BV2060618/1,Winifred Louise,King,07/01/2006,Whetstone  London  N20
ESTA25#2443/1,Dennis Arthur,Kingsbury,15/04/2024,Staines Upon Thames  Surrey
BV2034006/1,Rhoda,Kingsley,18/11/2002,Islington London N1
BV974068/1,William Harry,Kingston,14/06/1997,Dartford  Kent
BV22107628/1,Philip Rowan,Kinnear,11/05/2021,Bradford  West Yorkshire
BV22115926/1,Arthur Lesley,Kinsey,06/08/2010,Plaistow. London E13
BV2042427/1,Florida,Kintzi,31/07/2002,New Cross London SE14
BV21306910/1,Ian,Kirby,08/02/2013,New Cross  London SE14
BV992151/1,Maidie,Kirkham-Thomas,06/01/1999,Wrexham  Clwyd
BV976442/1,Margaret,Kirkman,14/01/1997,Potters Bar  Hertfordshire
BV21616443/1,Terry Colin Anthony,Kirton,12/02/2016,Tottenham  London N17
BV975573/1,Michael,Kirylow,02/09/1997,Upper Norwood  London SE19
BV2067062/1,Guyla,Kiss,12/07/2006,Bingley West Yorshire
BV22417404/1,Timothy Dennis,Kissane,21/08/2024,Southall  Middlesex
BV985128/1,Wilhelmine Franzika,Kitchen,24/08/1998,Hastings  East Sussex
BV22312765/1,David Anthony,Kitson,09/05/2023,Dewsbury  West Yorkshire
BV2072906/1,Oskar,Klaviers,14/02/2007,Birmingham  West Midlands
BV2012672/1,Margaret,Klovacs,01/12/2000,Westminster London SW1
BV21813193/1,Bordan,Kmet,06/02/2018,Leeds  West Yorkshire
BV21302283/1,Georgette Pauline Mary,Knapman,14/01/2013,Ross-on-Wye  Hertfordshire
BV22301559/1,Dale Richard,Knapton,25/10/2020,Southampton  Hampshire
ESTA26#10514/1,Anthony,Knibbs,08/06/2025,Derby  Derbyshire
BV980281/1,Anthony James,Knight,14/01/1998,Portsmouth Hampshire
BV972754/1,Charles,Knight,17/02/1997,Shipley West Yorkshire
BV22502911/1,Diane Margaret,Knight,01/11/2024,Milton Keynes  Buckinghamshire
BV21513942/1,Evelyn,Knight,20/05/2015,Ealing London UB2
BV2035340/1,John Henry,Knight,30/12/1999,Kingswood South Gloucestershire
BV21917005/1,Kathleen,Knight,03/10/2012,York  North Yorkshire
BV22003788/1,Mary,Knight,06/11/2018,Wythenshawe  Manchester
BV22403190/1,Miriam,Knight,11/04/2020,Edmonton  London N18
BV21013606/1,Paul,Knight,09/05/2007,Lewisham  London SE13
BV21105283/1,Stuart,Knight,17/12/2008,Horsham  West Sussex
BV21317596/1,William,Knight,20/09/2013,Cricklewood  London NW2
BV2062502/1,Pearl Fay,Knightsfield,16/01/2006,Chelsea  London SW3
BV21512024/1,Keith Edmund,Knowles,30/05/2015,Salisbury  Wiltshire
BV21300454/1,Pamela Mary,Knowles,16/08/2012,Hull  East Yorkshire
BV2064168/1,Frederick,Knox,09/04/2006,Torquay  Devon
BV2041255/1,Stanislaw,Kobylanski,10/01/2004,Bedford  Bedfordshire
ESTA26#4404/1,Brunon,Kochalski,30/11/2020,Kenilworth  Warwickshire
BV21505851/1,Mikolaj,Kociuba,09/02/2015,Market Harborough  Leicestershire
BV21907080/1,Jan,Koczy,27/11/2003,Rotherham  South Yorkshire
BV994431/1,Albert,Kohs,01/06/1999,Southall  Middlesex
BV22006130/1,Franciszek,Kolacz,18/01/2001,Ealing  Middlesex
BV21705137/1,Stefan,Kolencik,14/03/2016,Sheffield  South Yorkshire
BV2078717/1,Irma,Koleszar,26/11/2006,Eastbourne  East Sussex
BV993259/1,Maria,Koltuckji,16/06/1999,Knutsford  Cheshire
BV21817866/1,Victor,Komjathy,26/06/2003,Nottingham  Nottinghamshire
BV21113548/1,Mohammed Balzac,Koneh,21/10/2010,Tooting  London  SW17
BV991639/1,Imre,Kopacsi,18/12/1997,Syston  Leicestershire
BV21316577/1,Rudiger,Kopischke,09/04/2013,Redhill  Surrey
BV21113385/1,Florence Veronica,Kortright,11/07/2011,Newham  London  E12
BV985296/1,Frank,Korus,05/10/1998,Stockbridge  Hampshire
BV22317435/1,Bosilka,Kosanovich,04/04/2022,Westminster  London SW1V
BV2084786/1,Regina,Kosciesza,05/05/2002,Kensington  London  W8
BV22201371/1,Edward,Kosmidek,11/04/2020,Chelsea  London SW10
ESTA26#14926/1,Andrew David,Kost,10/08/2025,Darlington  County Durham
BV994064/1,Lubov Nicolai Francesca,Kotovitch,10/04/1998,Southampton Hampshire
BV21206754/1,Madhusudan Rao,Koty,20/02/2012,Portsmouth
BV22503284/1,Geza,Kovacs,25/04/2021,Tooting  London SW17
BV21201429/1,Istvan,Kovacs,29/10/2011,Huddersfield   West Yorkshire
BV2063817/1,Zbigniew Richard,Kowal,08/04/2006,Crawley  West Sussex
BV2024667/1,Stefania,Kowalczyk,31/08/2002,Westminster  London  SW1
BV2030480/1,Janina Krystyna,Kowalski,20/12/2002,Brixton London SW2
BV2073096/1,Mehtah,Kozen,19/11/2005,Kilburn  London NW6
BV2010841/1,Marco,Kozlica,21/07/2000,Bedford Bedfordshire
BV22001824/1,Jozef,Kozlowski,03/02/2007,Lincoln  Lincolnshire
BV22205383/1,Henry,Kozluk,09/02/2022,Nottingham  Nottinghamshire
BV21503303/1,Josef,Krall,12/02/2015,Clapham  London SW4
BV2022796/1,Andreas,Kramer,21/04/2002,Northampton  Northamptonshire
BV983788/1,Wasyl,Krawec,22/12/1997,Ukraine
BV2041927/1,Joseph,Kretusz,11/01/2004,Carmarthen Carmarthenshire
BV22005375/1,Karlis,Krievins,16/11/1984,Camden  London NW3
BV2062581/1,Emma,Krohse,19/03/2006,Swanage  Dorset
BV983016/1,Victor,Krokosz,06/06/1997,Nottingham  Nottinghamshire
BV2063788/1,Stefan,Krozak,26/05/2001,Stowmarket  Suffolk
BV21301906/1,Leona Alvarez,Kruger,03/01/2012,Leeds  Yorkshire
BV2065612/1,Czeslaw Jozes,Krzeszewski,19/05/2005,Hemel Hempstead  Hertfordshire
ESTA26#14902/1,Maciej,Krzystyniak,10/01/2026,Hackney  London E9
BV2051260/1,Alfons,Ksienzyk,31/12/2004,Doncaster  South Yorkshire
BV21500173/1,Edith,Kubbeler,22/01/2005,Westminster  London NW8
BV22003158/1,John Henry,Kube,04/05/2018,West Drayton  Middlesex
BV2011247/1,Aloiza,Kubica,26/02/2001,Gloucester  Glouctesershire
BV21210142/1,Katarzyna,Kuca,27/11/2011,High Wycombe  Buckinghamshire
BV22315231/1,Dimitri,Kukharov,01/02/2018,Euston  London NW1
BV971447/1,Margaretta,Kulla,17/01/1997,Camden  London NW1
BV21813677/1,Ivan,Kulyk,23/05/2016,Isleworth  Middlesex
BV21211670/1,Stephen Vijay,Kumar,01/07/2012,Southall  Middlesex
BV21813155/1,Balasinghan,Kumarasamy,23/06/2018,Bournemouth. Dorset
BV21211893/1,Subhadra,Kumari,07/06/2009,Park Royal  London NW10
BV2044539/1,Ursula,Kuntze,17/05/2003,Battersea  London SW11
BV22001875/1,Helmut,Kuonath,04/03/2007,Hackney  London E8
BV2030256/1,Alexei,Kurowski,16/09/2000,Kenton Middlesex
BV981146/1,Zladislaw,Kurowski,30/01/1998,Aylsham  Norfolk
BV973613/1,Janis,Kursietis,13/01/1997,Epsom Surrey
BV2010050/1,Algidas,Kutkevicius,28/03/1999,Leeds  West Yorkshire
BV21420121/1,Moon,Kwai-Tang,10/08/2014,Holloway  London N7
BV2053674/1,Bruno,Kwidinski,19/03/2004,Northampton  Northamptonshire
ESTA25#3282/1,Anthony,Lacey,13/07/2025,Ealing   Middlesex
BV21913034/1,David John,Lacey,24/06/2019,Bridgnorth  Shropshire
ESTA26#14403/1,Geoffrey Charles,Lacey,30/06/2025,Poole  Dorset
BV2059998/1,Lothar Michael,Lacey,08/11/2005,Barnstaple  Devon
BV22503372/1,Witold,Lachanski,13/01/2021,Oxford  Oxfordshire
BV2025075/1,Ronald Arthur,Ladyman,22/10/2002,Brighton  East Sussex
BV22012958/1,Theodora,Lafias,06/04/2017,Camden  London NW3
BV21714343/1,Yui Hung,Lai,21/12/2016,Camden  London NW2
BV21906396/1,Gloria,Laidley,22/07/2004,Clapham  London SW4
BV21816504/1,Jonathan,Laine,14/04/1998,Whitechapel  London E1
BV2060278/1,Peggy Dorothy,Laine,27/08/2005,Poole  Dorset
BV21611521/1,Joy Jean,Laing,21/09/2013,Middlesbrough  North Yorkshire
BV21410080/1,Frank,Laird,22/07/2013,Salisbury  Wiltshire
BV22417625/1,Abdelwahed,Lajaj,28/12/2021,Southend-on-Sea  Essex
BV2056628/1,Ronald,Lakin,25/05/2000,Walsall  West Midlands
BV21212173/1,Maureen,Lally,27/03/2012,Hammersmith  London W6
BV22508060/1,Chi Chung,Lam,17/02/2022,Manchester  Lancashire
BV22118019/1,Alexander,Lamb,23/07/2010,Nottingham  Nottinghamshire
BV21816442/1,Ralph,Lambe,31/08/2017,Melton Mowbray  Leicestershire
BV22208762/1,Darren,Lambert,20/12/2021,Brighton  Sussex
BV2013070/1,Keith,Lambert,24/05/2001,
BV21213540/1,Mohammed,Lamin,19/10/2009,Hampstead  London NW3
BV22108341/1,Alan,Lamley,15/10/2020,Warwick  Warwickshire
BV22511730/1,Robert,Landau,20/12/2022,Mill Hill  London NW7
BV21400275/1,Edward Martin,Landy,14/11/2013,Leeds  West Yorkshire
BV983325/1,Erica,Lane,28/01/1998,Epsom  Surrey
BV21820491/1,Helga Elisabeth,Lane,12/04/2018,Budleigh Salterton  Devon
BV2054228/1,Ivy,Lane,13/03/2005,Bath  Somerset
BV21413466/1,John,Lane,07/03/2014,Poole  Dorset
BV21500294/1,Doris Charlotte,Lang,02/09/2014,Golders Green  London NW11
BV22306198/1,Helena Mary,Lang,11/01/2023,Clevedon  Somerset
BV2045205/1,William Edward,Lang,30/06/2004,Worthing West Sussex
BV21900475/1,Mary,Lange,08/07/2018,Newcastle Upon Tyne  Tyne and Wear  NE1 4LP
BV21106020/1,Tayna,Langer,10/09/2010,Newham London E13
BV965686/1,Reginald,Langford,05/10/1996,Redhill  Surrey
BV22108450/1,Patricia Anne,Langley,08/02/2021,Hereford  Herefordshire
BV22005945/1,Dorothea Chrissie Marie Di Beiacca Peralta,Lanktree,22/06/1987,Exmouth  Devon
BV20510217/1,Juozaus,Lapeikis,29/10/2005,Guildford Surrey
BV972180/1,John Charlie Yves,Lapotres,29/11/1996,Maida Vale London W9
BV21513360/1,Priscilla,Lark,19/11/2014,Newham  London E12
BV21412113/1,Michael,Larkin,13/06/2014,Hackney  London E9
BV2004928/1,Eileen,Lashmer-Parsons,17/10/2000,Brighton  East Sussex
BV2010205/1,Kristini,Laskowski,29/12/2000,Ashford  Kent
BV2015407/1,Mohammed,Latif,01/07/2000,Stockton on Tees  Cleveland
BV22102427/1,Muhammad Mian,Latif,26/12/2020,Hounslow  Middlesex
BV21611505/1,Elizabeth,Latimer,02/02/2016,Portsmouth  Hampshire
BV22401714/1,Philip Mark,Laurence,21/11/2023,Swindon  Wiltshire
BV22408227/1,Dravid George Henri,La'Urie,27/12/2021,Plymouth  Devon
BV2031073/1,Harry,Laverick,06/12/2002,Essex
BV976765/1,Patrick,Lavin,16/10/1997,Coventry  Warwickshire
BV2098585/1,Thomas Patrick,Lawlor,26/03/2009,Palmers Green  London N13
BV21502560/1,Joseph,Lawrence,18/01/1997,Upper Holloway  London N19
BV2004473/1,Roger anthony,Lawrence,11/05/2000,Westbourne Park London W2
BV21202619/1,Wilfred,Lawrence,23/03/2008,London
BV22416690/1,Michael Philip,Lawson,17/06/2019,Uxbridge  Middlesex
BV2075839/1,James,Layzell,14/07/2007,Catterick  North Yorkshire
BV21302647/1,Alfrieda,Lazarus,08/05/2012,Islington  London N1
BV21902285/1,Stanley,Lazarus,07/01/2017,Whitlechapel  Tower Hamlets  E1
BV974742/1,Svetozar,Lazitch,27/04/1997,St Lukes  London  EC1
BV21802142/1,Clifford Samuel,Leach,23/01/2018,Shirehampton  Bristol
BV2071537/1,Emma May,Leach,27/12/2006,Edwinstowe  Nottinghamshire
BV21501245/1,William,Leach,26/11/2009,Bradford  West Yorkshire
BV21808348/1,Irene,Leadley,29/10/2017,Kirk Hammerton  North Yorkshire
BV2010141/1,John,Leahy,03/10/2000,Maida Vale  London W9
BV2059055/1,Gwendoline Ruth,Lear,27/10/2005,Plymouth  Devon
BV2080049/1,Leopold,Lebenstein,26/01/2002,Torquay  Devon
BV2052733/1,Arnold,Lee,30/12/2004,Deptford  London  SE8
BV21109257/1,Eric,Lee,21/04/2010,Stoke-on-Trent  Staffordshire
BV22305624/1,John,Lee,05/11/2022,Loughborough  Leicestershire
BV2077487/1,Leslie,Lee,20/04/2007,Cantebury  Kent
BV21908213/1,Tak Kuen,Lee,22/03/2019,Bushey  Hertfordshire
BV21517586/1,David,Lee Lau Chin Chai,05/06/2014,Lambeth  London SE1
BV2086608/1,Doreen,Leece,12/04/2008,Weston-Super-mare  Somerset
BV22302338/1,Thomas,Leen,23/04/2013,Hammersmith  London W12
BV22408158/1,Martin John,Lees,12/10/2023,Cambridge  Cambridgeshire
BV2022015/1,Leonora Thelma,Leeson,22/02/2002,Gateshead  Tyne and Wear
BV2055111/1,Margaret,Lee-Ying,25/03/2005,Eastbourne  East Sussex
ESTA26#13199/1,Kenneth,Legg,11/12/2025,Isleworth  Middlesex
BV2013826/1,Toni,Leidenfrost,01/02/2001,London NW1
BV2071132/1,Anthony,Leigh,15/09/2003,Wakefiled  West Yorkshire
BV2000336/1,Valdis,Leilais,04/11/1999,Barnet  Hertfordshire
BV22513064/1,Juergen,Leinung,03/06/2024,Harrow  Middllesex
BV21908119/1,Flora,Leipman,24/04/1999,Tooting  London SW17
BV2001627/1,John James,Lenehan,28/12/1999,Camden  London
BV9703743/1,Kathleen Raymonde,Lenox-Jeltes,29/01/1997,Fulham  London W6
BV21904631/1,Marcel Cornelius,Leonard,10/12/2006,Lambeth  London SE1
BV2048164/1,Mikolay,Leonowicz,17/06/2004,Barnsley  South Yorkshire
BV992019/1,Felix,Lepard,19/03/1999,Weymouth  Dorset
BV2095388/1,Leonard,Lestschinski,16/12/2008,Slough  Berkshire
BV22311054/1,Kwok Kau,Leung,04/09/2021,Hitchen  Hertfordshire
BV2020946/1,Ethel,Levine,25/11/2001,Pontefract  West Yorkshire
BV2098103/1,Irene,Levy,03/10/2008,Sandhurst Berkshire
BV22503770/1,Andrew Charles,Lewis,21/12/2024,Bristol  Bristol
BV2051218/1,Doris Eleanor,Lewis,30/03/2000,Westminster  London W2
BV2064609/1,George Aubrey,Lewis,28/09/2004,Swansea  Glamorgan
BV2045112/1,James,Lewis,08/06/2002,Paddington  London  W2
BV21109176/1,Joan,Lewis,26/05/2011,Cardiff
BV21203500/1,John,Lewis,29/10/2011,Windsor
BV985867/1,John,Lewis,15/10/1998,Shepherds Bush London W12
BV970913/1,Mary Morforwyn,Lewis,08/01/1997,Aberystwyth  Dyfed
BV22008456/1,Nancy,Lewis,05/04/2020,Abergavenny  Monmouthshire
BV983708/1,Neville Roy,Lewis,21/05/1998,Leeds  West Yorkshire
BV22012547/1,Philip,Lewis,14/06/2020,Bridgend  Glamorgan
BV22102330/1,Stephen Christopher,Lewis,08/07/2020,Watlington  Oxfordshire
BV21914843/1,Trevor Roy,Lewis,24/07/2017,Leytonstone  London E11
BV2003484/1,Victor Vernon,Lewis,20/12/1999,Hanham Bristol
BV22518987/1,Aning,Li,01/06/2024,Carshalton SM5
BV2098822/1,Suk-Kung,Lickman,12/09/2009,Leicester  Leicestershire
BV2013729/1,Petras,Liesis,24/04/2001,Stratton on the Fosse  Somerset
BV22514469/1,Paul Vincent,Liesse,19/06/2025,Barton-upon-Humber  North Lincolnshire
BV2054248/1,John,Liew,07/04/2005,Harlesden  London  NW10
BV22211175/1,Estelle,Lifford,21/02/2019,Chiswick  London W4
BV2032050/1,Ruth Lilian,Lighting,03/01/2003,Scarborough  North Yorkshire
BV2054726/1,Elsie Irene,Lilley,08/07/2004,Bedford  Bedfordshire
BV22512822/1,Roderick Michael,Lilley,19/04/2025,Hillingdon  Norfolk
BV2012761/1,Peter,Lillis,21/03/2001,Lewisham  London SE13
BV21910790/1,Jin David Guan,Lim,06/12/2018,Whitechapel  London E1
BV22110483/1,Christopher,Linde,22/03/2021,Redhill  Surrey
ESTA26#17475/1,Frederick George,Lindo,07/02/2007,Nottingham  Nottinghamshire
BV2085302/1,Henry Thomas,Lindo,13/07/2008,Bridgend  South Wales
BV22208577/1,Violet Kathleen,Lineham,07/02/2018,Westminster  London W9
BV2032561/1,Joan Lilian,Lintjens,26/02/1999,Uxbridge  Middlesex
BV22513186/1,Ryszard,Lipinski,12/10/2018,Swaffham  Norfolk
BV2012912/1,Lucia,Lisci,13/11/1999,Harlow  Essex
BV21215118/1,Clive,Litherland,31/07/2012,Birmingham  West Midlands
ESTA26#4659/1,Thomas,Litlle,01/01/2026,London E13
BV22108527/1,Arthur,Little,13/07/2001,Sheffield  South Yorkshire
BV2035914/1,Xanythippi,Littlechild,30/07/2003,Margate  Kent
BV22502730/1,Joan,Littler,28/07/2024,Alnwick  Northumberland
BV973919/1,Cyril Henry,Littlewood,23/04/1997,
BV21817861/1,John Henry,Littlewood,03/05/2006,Sheffield  South Yorkshire
BV2014474/1,Aleksander,Litwinczuk,22/03/1999,Bedford  Bedfordshire
BV22502677/1,Huei-Yuan,Liu,26/09/2020,Lincoln  Lincolnshire
BV2087026/1,Esther,Liverpool,30/10/2000,Hackney  London E8
BV21005758/1,Peter,Ljashenko,17/11/2009,Stoke on Trent  Staffordshire
BV995756/1,Albert John,Llewellyn,21/11/1999,Baldock  Hertfordshire
BV2057049/1,John Howard,Llewellyn,28/04/2003,Newport  Gwent
BV2090287/1,Michael Anthony,Llewellyn,24/12/2008,Earls Court  London SW5
BV2010650/1,Patrick,Llewellyn,05/12/2000,Swansea
BV21513643/1,Teresa Mary,Llewelyn,01/10/2013,Carmarthenshire  West Wales
BV22206562/1,Luisa,Llobett,30/08/2016,Banstead  Surrey
BV2084858/1,Bryan Edward,Lloyd,23/08/2007,Wednesbury  West Midlands
BV982345/1,Irene,Lloyd,03/01/1998,Ealing  London W5
BV2020343/1,Martha,Lloyd,11/01/2002,Paddington  London  W2
BV21608939/1,Franciszek,Lobascz,27/06/2012,Orpington  Kent
BV2090361/1,Robertson Alexander,Locke,21/10/2008,Broomhill  Sheffield
BV21611232/1,Lydia,Lockley,06/05/2016,Sandwell  West Midlands
BV2002094/1,Frank,Lockwood,26/05/1999,Huddersfield
BV21200834/1,Helen,Lodge,18/01/2012,Torquay  Devon
BV22504857/1,Philip,Lodge,19/10/2011,Wakefield  Yorkshire
BV2058128/1,Frederick,Loeffel,23/09/2004,Tooting  London  SW17
BV2095920/1,Ernest Stockill,Lofthouse,18/03/2009,Sleaford  Lincolnshire
BV21503407/1,George,Lofthouse,21/02/2014,Kingston Upon Hull  Hull
BV22417352/1,Aldis,Logins,09/06/2018,Chelsea  London SW3
BV21001323/1,Oleksander,Lohwynenko,21/10/2009,Aylesbury Buckinghamshire
BV22303925/1,Raymond Anthony,Lomax,16/10/2022,Sale  Cheshire
BV21009396/1,John,Long,29/01/2003,Melton Mowbray Leicestershire
BV21308718/1,Kenneth,Long,01/10/2012,Cheam  Sutton SM2
BV22413343/1,Noel,Long,03/04/2024,Hammersmith  London W6
BV2065367/1,Waltraut Grete,Long,08/05/2006,Forest Hill London SE23
BV2040849/1,Doris,Longman,28/12/2003,Walthamstow  London E17
ESTA25#2592/1,Maureen,Longmore,06/07/2025,Dudley  West Midlands
BV21300554/1,Christopher Anthony,Longstaff,08/11/2012,Darlington  Co Durham
BV22110157/1,Christopher,Lonono,05/06/2021,Lincoln  Lincolnshire
BV967422/1,Charles,Lonsborough,19/09/1996,Leeds  West Yorkshire
BV22006383/1,Jose Maria Fernandez,Lopez,03/11/1994,Kensington  London SW5
BV22206569/1,Maria Mercedes,Lopez Brandariz,27/03/2019,Westminster  London W2
BV22402042/1,Carmen,Lopez Cacheiro,24/09/2022,Southwark  London SE17
BV21311497/1,Peter James,Lord,17/03/2013,Park Royal  London NW10
BV2013346/1,Hilda,Lorielhe,02/01/2001,Paddington  London  W2
BV21908945/1,Andreas,Louca,21/09/2003,Enfield  Middlesex
BV2077468/1,Michael,Loughran,21/04/2007,Birmingham  West Midlands
BV21009574/1,Misley,Louis,26/05/2009,Leytonstone  London E11
BV21410170/1,Zezette Grace Marie,Louis,05/03/2014,Harlow  Essex
BV21903903/1,Christopher,Love,09/01/2017,Croydon  Surrey
BV971115/1,Hilda Rhoda Marie,Lovett,30/12/1996,Homerton London E9
BV22517224/1,Sex Kum,Low,06/01/2025,Southgate  London N14
BV2062310/1,Steven,Low,10/12/2005,Hartlepool  Cleveland
BV21003017/1,Elizabeth,Lowe,29/09/2009,West Bromwich West Midlands
BV2057950/1,Francis,Lowe,05/06/2005,Balham  London  SW12
BV21400948/1,Kenneth,Lowe,25/11/2012,New Southgate  London N11
BV2082938/1,Terence,Lowings,13/01/2008,Westcliff on Sea Essex
BV21615215/1,Harriet Henrietta,Lowndes,13/11/2011,East Grinstead  West Sussex
BV2063889/1,James Samuel,Lowry,03/04/2006,West Bromwich West Midlands
BV990808/1,Ivor,Lubchenko,28/12/1998,Stevenage  Hertfordshire
BV2005427/1,Jane,Lucas,14/10/1999,Hampstead  London  NW3
BV21706652/1,Michael,Lucas,12/12/2016,Wanstead  London E11
BV22417441/1,Noel,Lucas,01/05/2024,Whetstone  London N20
BV983932/1,Percy,Lucas,26/07/1998,Purley Surrey
BV21813679/1,Philip Carmelo,Luce,14/12/2017,Bristol  Somerset  BS8
BV21007721/1,Edward Frederick,Luckarift,29/03/2010,Llandudno
BV985254/1,Janette,Luckman,03/05/1998,Harrow Middlesex
BV20510471/1,Mary Geraldine,Ludicke,10/10/2002,Lambeth London SE1
BV2031752/1,Felipa Arguella,Luengo,16/05/2002,Kensington  London W8
BV21112089/1,Jerzy,Lukomski,25/07/2009,Keighley West Yorkshire
BV2014124/1,Kathleen,Lumb,27/12/1997,Halifax West Yorkshire
BV2095606/1,John,Lumley,22/06/2006,Plaistow  London E13
BV21105699/1,Cyril Ernest,Lunn,03/03/2011,Boston  Lincolnshire
BV22213632/1,Karl Bernhard,Luther,23/06/2020,Ilford  Essex
BV2011608/1,Irving Francis,Lycett,22/12/2000,Hampstead  London  NW3
BV993355/1,Hryhary,Lyha,26/01/1999,Oxford Oxfordshire
BV22316441/1,Thomas,Lymer,26/10/2021,Stoke on Trent  Staffordshire
BV21802186/1,Alfred Edmond,Lynch,06/05/2015,Redford  Nottingham
BV21304724/1,James Christopher,Lynch,21/03/2002,Swindon  Wiltshire
BV21009127/1,Michael,Lynch,19/09/2007,Edmonton Middlesex
BV21507852/1,Michael Anthony Peter,Lynch,24/07/2013,Southampton  Hampshire
BV21517987/1,Margaret Felicity,Lynfield,17/06/2013,Worthing   West Sussex
BV2056333/1,Jan,Lynziak,07/04/2005,Hammersmith London W6
BV22414484/1,Soni Lee,Lyon,25/05/2024,Leicester  Leicestershire
BV2054089/1,Maria Lorraine,Lyons,03/01/2005,New Eltham  London  SE9
BV974311/1,Aleksander,Lysenko,13/05/1997,Felixtowe  Suffolk
BV2072342/1,Jan,Lyzniak,07/04/2005,Hammersmith  London W6
BV21107883/1,Colin Stuart,Macdonald,29/03/2010,Newcastle upon Tyne  Northumberland
BV21607503/1,Isabel Ileen,MacDonald,17/02/2016,Torquay  Devon
BV21014006/1,Michael John,MacDonald,20/09/2010,Exeter
BV22509133/1,Roy Patrick,MacDonald,15/11/2023,Newport  Gwent
BV2052298/1,Janette,Macdonald-Buchanan,01/02/2005,Hammersmith London W6
BV21006387/1,Frederick,Macey,02/06/2009,Pontypool  Torfaen
BV2054781/1,Robert James,Macfarlane,22/03/2005,Bromley Kent
BV21615859/1,Liselotte,Mackay,17/09/2003,Nottingham  Nottinghamshire
BV22406443/1,Bernard John,Mackey,11/01/2024,Guildford  Surrey
BV2046109/1,Peter,Mackinnon,15/05/2004,Birmingham  West MIdlands
BV22506195/1,Andrew David,Mackman,19/12/2024,Wisbech  Cambridgeshire
BV2002392/1,Alexander,Maclean,22/04/2000,Plaistow  London E13
BV2097269/1,Angus,MacMillan,05/02/2009,Barnet  Hertfordshire
BV21904213/1,Franciszek,Macura,13/01/2001,Barnes  London SW13
BV21513389/1,Virginia,Madronero,05/03/2013,Cricklewood  London NW2
BV21206626/1,Rashid Osman,Magan,11/08/2002,Cardiff
BV983697/1,David,Magennis,26/10/1997,Loughborough  Leicestershire
ESTA26#14984/1,Norman,Magni,13/02/2023,Camden  London NW3
BV21404658/1,Rajendar Nath,Magotra,08/01/2014,Islington  London N1
BV21907089/1,John Francis,Maguire,28/12/2018,Derby  Derbyshire
BV21914022/1,John Joseph,Maher,07/07/2018,Stevenage  Hertfordshire
BV970541/1,Stella,Maher,16/12/1996,Highgate Hill  London N19
BV21315763/1,Balkrishna,Mahimkar,11/06/2010,Thornton Heath  Surrey
BV21906425/1,Fazal,Mahmood,05/06/2005,Halifax  West Yorkshire
BV21210907/1,Ibrahim Hussein,Mahmoud,24/05/2012,Sutton  Surrey
BV21302903/1,James,Mahon,28/02/2008,Lambeth  London SW2
BV2014002/1,Joseph,Mahon,01/09/2000,Coventry  Warwickshire
BV22311330/1,James Anthony,Mahoney,28/03/2022,Paignton  Devon
BV21705697/1,Philip Gerald,Mahoney,27/03/2009,Thetford  Norfolk
BV2054090/1,Nabi,Maibu,27/11/2004,Plaistow  London E13
BV2060270/1,Berris Broderick,Mair,18/02/2005,Mansfield  Nottinghamshire
BV2055642/1,Ralph,Mais,16/12/2004,Birmingham  West Midlands
BV2072410/1,Pranab Kumar,Maitra,08/09/2006,Camden  London NW1
BV21206065/1,Anna,Majczak,20/06/2011,Leeds
BV21908775/1,Farouk Hussain,Majid,03/12/2018,Hammersmith  London W6
BV2067672/1,Mary Veronica,Makepeace,09/08/2006,Harwich  Essex
BV22410323/1,Sylvia,Makin,31/03/2020,Leeds  West Yorkshire
BV2070175/1,Tadia,Makin,29/06/1998,Taunton  Somerset
BV21907696/1,Zenon,Makowski,15/05/2005,Nottingham  Nottinghamshire
BV983771/1,Zbigniew,Malawski,10/08/1997,Earl's Court  London SW5
BV22300888/1,Sherbaz,Malik,01/12/2022,Chertsey  Surrey
BV21001637/1,Stanislaw,Malik,21/04/2008,Bedford  Bedfordshire
BV982417/1,Abas Bin,Malina,23/09/1996,Whitechapel  London E1
BV2014276/1,Maria,Malinowska,17/05/1999,Slough  Berkshire
BV2052062/1,Leon,Maliszewski,14/11/2004,Croydon  Surrey
BV2085303/1,Joan,Malkin,30/11/2007,Waterlooville  Hampshire
BV21720206/1,Hilary,Mallin,11/09/2017,Dudley  West Midlands
BV22108161/1,Muriel,Mallon,28/05/2020,Hatfield  Hertfordshire
BV21305925/1,Joseph,Mallory,01/02/2013,Tottenham  London N17
BV2065692/1,Marion,Mallory,29/04/2006,Homerton  London E9
BV983935/1,Alice,Malone,17/10/1997,Whitechapel  London E1
BV2033662/1,Timothy,Malone,30/04/2003,Camberwell  London SE5
BV2035321/1,Patrick,Maloney,04/08/2003,Wimbledon  London SW19
BV2020248/1,Kim,Malpas,23/12/2001,Carshalton  Surrey
BV2033546/1,Walter,Maltanski,06/03/2003,Bradford  West Yorkshire
BV2025017/1,Anastasjia,Maluha,29/09/2002,Chiddingfold  Surrey
BV980887/1,Roman Wolodymyr,Malynowskyj,13/01/1998,Bloomsbury  London WC1
BV2014061/1,Edgar Rolf,Mandelstam,22/01/2001,Ealing  London W5
BV22206566/1,Juanita,Manipon,09/06/2021,Westminster  London W2
BV22507058/1,Francis Thomas,Manko,17/05/2024,Bridport  Dorset
BV2002388/1,James,Manley,23/10/1999,Cheshire
BV21506224/1,Beryl Rosemary,Mann,13/10/2014,Surbiton  Surrey
BV2003417/1,George Herbert,Mann,15/12/1999,Westminster  London Sw1
BV21516349/1,Gloria Brenda,Manning,04/08/2015,Denmark Hill London SE5
ESTA26#17325/1,Thomas,Manning,10/12/2020,Walsall  West Midlands
BV21304324/1,Norman Desmond,Mannington,28/11/2011,Leigh-on-Sea  Essex
BV21814320/1,Michael,Mannion,29/05/2018,Surbiton  Kingston upon Thames
ESTA26#12603/1,Anthony Harry Samuel,Manns,16/08/2022,Wednesbury  West Midlands
BV2057640/1,Frederick Raymond William Kitson,Manse,08/04/2004,Middleton on Sea  West Sussex
BV2040407/1,Gwladys Eunice,Mansell,05/07/2003,Chichester  West Sussex
BV21007576/1,Annette,Mansfield,03/06/2009,Streatham  London SW16
BV994866/1,Frederick,Mansfield,29/04/1999,
BV2030450/1,Benjamin Roy,Mantle,02/09/2002,Nottingham  Nottinghamshire
BV2064403/1,Nicolas Dimitrios,Mantourides,31/12/2005,Islington  London N19
BV2078375/1,James Cameron,Manuel,16/07/2006,Hackney  London E8
BV22008488/1,John Howard,Mapson,10/04/2020,Chadwell Heath  Essex
BV2079480/1,Michael,Mara,02/07/2005,Chelsea  London  SW3
BV2015175/1,Lionel James,Marais,24/07/2001,Newhaven  East Sussex
BV2033229/1,Ethel Daphne Manwaring,Mare,21/05/2003,Luton  Bedfordshire
BV2094248/1,Carl,Marius,20/04/2008,Edmonton  London N18
BV21420523/1,Puvaneneran,Markando,18/02/2014,Hove  East Sussex
BV22415271/1,Andrew John,Markham,28/09/2023,Great Yarmouth  Norfolk
BV970117/1,George,Marks,04/12/1996,Croydon  Surrey
BV21906224/1,Jonathan,Marks,10/12/2018,Redhill  Surrey  RH1
BV2032288/1,Michael,Marlow,12/02/2003,Brighton  East Sussex
BV2065385/1,Joseph,Marren,15/09/2003,Highgate  London N6
BV2086499/1,Alan,Marsden,27/03/2007,Swindon  Wiltshire
BV21416440/1,Christopher,Marsden,13/05/2014,Doncaster  South Yorshire
BV21106872/1,Eric,Marsh,29/10/2010,Poole  Dorset
BV2078361/1,Margaret,Marsh,14/12/2006,Sunderland  Tyne and Wear
BV2000002/1,Rex Frederick,Marsh,12/12/1996,Yeovil  Somerset
BV22014569/1,Stephen,Marsh,17/04/2020,Bristol
BV21303452/1,Alan,Marshall,30/03/2012,Lewisham  London SE13
BV22001112/1,Alan Raymond,Marshall,13/08/2011,Clapton  London E9
BV2096799/1,Bernard,Marshall,20/01/2008,Portsmouth  Hampshire
BV2093259/1,George,Marshall,25/06/2009,Southampton  Hampshire
BV2011566/1,Irene,Marshall,10/02/2001,Ongar  Essex
BV22103328/1,Keith James,Marshall,19/11/2020,Wandsworth  London SW5
BV2087276/1,Charles,Marson,01/08/2008,Stoke-on-Trent  Staffordshire
ESTA26#4010/1,John Roberts,Marson,04/11/2025,Birmingham  West Midlands
BV2031099/1,Geoffrey,Marston,29/08/2002,Cambridge
ESTA26#15059/1,Alfred James Patrick,Martin,07/11/2014,Darlington  County Durham
BV22202175/1,Anthony David,Martin,02/05/2021,Walsall  West Midlands
BV2024730/1,David,Martin,08/03/2002,Epsom  Surrey
ESTA26#10572/1,Diane Mary,Martin,24/12/2022,Orpington  Kent
BV22405245/1,Gates Elizabeth Lore,Martin,07/12/2023,Leicester  Leicestershire
BV2070847/1,Isabella,Martin,15/12/2006,Hove  East Sussex
BV2067444/1,Jean,Martin,23/12/2005,Croydon  Surrey
ESTA25#2446/1,Jean,Martin,19/09/2025,Liss  Hampshire
BV21112122/1,Katherine,Martin,20/01/2008,Barnet  Hertfordshire
BV21007289/1,Kay,Martin,18/06/2006,Camberley  Surrey
BV22301207/1,Lee,Martin,08/10/2021,Torquay  Devon
BV2002342/1,Marjorie Sandra,Martin,09/03/2000,Scunthorpe  North Lincolnshire
BV22514490/1,Mary,Martin,25/03/2023,Stourport on Severn  Worcestershire
BV22206637/1,Michael Peter Anthony,Martin,11/09/2021,Poole  Dorset
BV21700861/1,Peter Edward,Martin,13/04/2016,Bradford  West Yorkshire
BV21910638/1,Peter Hugo,Martin,21/05/2019,Exeter  Devon
BV2070727/1,Reginald William,Martin,23/11/2006,Lewisham  London SE4
BV22005767/1,Steffan,Martin,31/01/2020,Northampton  Northamptonshire
BV21412750/1,Thomas Isaac,Martin,01/04/2014,Bangor Gwynedd
BV2001340/1,Violet Mary,Martin,03/11/1999,Notting Hill  London NW10
BV991955/1,William,Martin,04/07/1998,Islington  London
BV21814396/1,Jose,Martinez,21/05/1984,Paddington  London W2
BV21214073/1,Nora,Martinez,10/08/2011,Clapton  London E5
BV22000962/1,Julia,Martinez Carro,01/11/2008,Paddington  London
BV2065997/1,Alhandu,Martins,15/08/2006,Hampstead  London NW3
BV22012293/1,Imogene,Martyn,04/08/2019,Llanelli  Carmarthenshire
BV21807349/1,Hildegard,Maschotta,22/02/2018,Swindon  Wiltshire
BV21817793/1,Rafael St Christopher,Mascoll,07/02/2018,Lewisham  London SE4
BV21516935/1,Tabita,Masih,04/06/2015,Rochester  Kent
BV22101177/1,Roma,Maskell,06/01/2021,Nutfield  Surrey
BV2023425/1,K,Masleu,23/04/2000,Bulgaria
ESTA25#2477/1,David John,Maslin,06/04/2024,Totland  Isle of Wight
BV21111373/1,David Raleigh,Mason,25/08/2011,Burgess Hill  West Sussex
BV2022947/1,Ethel Joan,Mason,05/02/1998,Littlehampton  West Sussex
BV22506095/1,Hildegard,Mason,15/12/2021,Birmingham  Worcestershire
BV2051200/1,Joanna,Mason,20/12/2004,Hackney  London E8
BV2034249/1,John Frederick,Mason,02/07/2003,Westbury-on-Trym  Bristol
BV21408775/1,Peter Brian,Mason,04/04/2014,South Shields  Tyne & Wear
BV22005801/1,Geraldine,Massey,07/09/2016,Harrow  Middlesex
BV992823/1,Matthew,Master,06/05/1999,Leicester  Leicestershire
BV2067619/1,Jan,Masztalerz,04/07/2003,Bradford  West Yorkshire
BV21306064/1,Vera,Matcham,02/04/2013,Harrow  Middlesex
BV21103976/1,Helena,Matecka,09/09/2010,Doncaster  South Yorkshire
BV990198/1,Michael,Maten,22/11/1998,Westminster  London  W1
BV976096/1,David Reginald,Mather,10/09/1997,Merthyr Tydfil  South Wales
BV2021699/1,Hilda Maureen Cobeldick,Mathews,20/01/2002,Salisbury  Wiltshire
BV2099374/1,Dorothy,Matthews,15/10/2009,Purton  Wiltshire
BV2077474/1,John,Matthews,08/07/2007,Penarth  Glamorgan
BV2067527/1,Thomas,Matthews,25/10/2006,Nottingham  Nottinghamshire
BV22215711/1,Alan,Mattless,28/12/2021,Lincoln  Lincolnshire
BV995204/1,Melnyk,Matvy,05/06/1998,Aylesbury  Buckinghamshire
BV991602/1,Stefan,Matyja,08/02/1999,Notting Hill  London W11
BV2087525/1,Charles,Maudsley,30/05/2003,Hull  East Yorkshire
BV2035190/1,Michael,Maughan,03/01/2000,Leicester  Leicestershire
BV2020856/1,Dimitri,Mavros,07/01/2002,Pinner  Middlesex
BV21414774/1,William,Mawbey,29/06/2014,Watford  Hertfordshire
ESTA26#17297/1,Susan Carolyn,Mawer,29/03/2026,Bingley  West Yorkshire
BV22002571/1,Carl,Maxwell,23/01/2019,Hammersmith  London W6
ESTA26#13198/1,Bette,May,27/12/2025,Colchester  Essex
BV22314315/1,Maggie,May,20/05/2023,Gillingham  Kent
BV2033839/1,Margaret,May,23/12/2002,Hull
BV2036855/1,Rose,May,11/01/2003,Southall  Middlesex
BV21109304/1,Maria,Mayeda,01/03/2011,Hampstead  London NW3
BV22500332/1,Ulrich,Mayer,12/01/2021,St.Leonards on Sea  Sussex
BV22420624/1,Karl Jason,Mayes,09/11/2022,Hastings  Sussex
BV2071142/1,Kevin Jude,Mayne,15/07/2006,Lechlade  Gloucestershire
BV21903800/1,Emmanuel,Mayo,23/10/2018,Caterham  Surrey
BV22016394/1,Gillian Elizabeth,Mayo,03/06/2020,Chingford  London E4
BV2083129/1,Eamonn Leo,McAlinden,26/02/2007,High Wycombe  Buckinghamshire
BV21915005/1,Kathleen,McAllister,27/01/2019,Hammersmith  London W6
BV2090491/1,Alexander,McAuliffe,25/12/2008,Islington  London N19
BV22106291/1,Eusebia,McBoge,09/07/2018,Kensington  London W8
BV2064793/1,Eileen,McBride,20/01/2006,Catford  London SE6
BV2013983/1,John,McBride,09/08/1999,Leeds  West Yorkshire
BV21906700/1,Christopher,McCabe,16/01/2015,Caterham  Surrey
BV21208691/1,Rodney David,McCaig,05/09/2011,Carlisle  Cumbria
BV21100432/1,Ian James Waugh,McCall,01/12/2010,East Riding of Yorkshire
BV21902953/1,Thomas,McCallum,03/01/2019,Cheam  Sutton
BV2053328/1,Albert Collin,McCann,01/03/2005,Torquay  Devon
BV22002147/1,Terrance,McCarten,23/10/2019,Bradford  West Yorkshire
BV21000586/1,Daniel,McCarthy,09/01/2009,Redditch  Worcestershire
BV21819838/1,David Joseph,McCarthy,16/10/2007,Hull  Kingston upon Hull
BV21716865/1,Francis,McCarthy,09/05/2017,Lewisham  London SE6
BV2002273/1,John,McCarthy,26/10/1997,Purley on Thames
ESTA25#3677/1,John,McCarthy,29/01/2025,Feering  Essex
BV22001345/1,John Edward,McCarthy,09/06/1999,Leytonstone  London E11
ESTA26#15060/1,Marion Selina,McCarthy,30/12/2023,Newcastle  Newcastle upon Tyne
BV2059168/1,Patrick,McClean,29/09/2005,Lambeth  London SE1
BV21007596/1,Malcolm McGifford,McCleery,14/05/2009,Wrexham  Clwyd
BV22516291/1,Andrew,McClelland,08/09/2023,Lincoln  Lincolnshire
BV21906705/1,Anne,McCloud,24/05/2017,Dartford  Kent
BV2092232/1,Robert,McComb,26/02/2009,West Brompton  London  SW10
BV21306633/1,James,McConnell,06/01/2013,Southsea  Portsmouth
ESTA26#18639/1,James,McConville,22/04/2005,Nottingham  Nottinghamshire
BV2012825/1,Cecil,McCormack,07/02/2001,Denmark Hill  London SE5
BV22412964/1,Janice,McCormack,07/05/2024,Milton Keynes  Buckinghamshire
BV2095377/1,James George,McCormick,04/04/2009,Gateshead  Tyne & Wear
BV2062106/1,Norah,McCorry,12/12/2005,Redcar  Cleveland
BV2002522/1,Peggy Elizabeth,McCracken,05/07/1999,
BV21904012/1,Camilla,McCreath,04/11/2008,Lambeth  London SE1
BV21204028/1,Philip,McDaid,15/03/2012,Camden  London NW3
BV22108571/1,Christopher Harry,McDermott,21/12/2001,Leeds  West Yorkshire
BV990565/1,Margaret,McDermott,14/06/1998,Carshalton  Surrey
BV21303548/1,Michael Patrick,McDermott,21/01/2013,Sheffield  South Yorkshire
BV995316/1,Joseph,McDonagh,30/10/1999,Littlehampton  West Sussex
BV983874/1,Matthew,McDonagh,19/10/1997,Bradford  West Yorkshire
ESTA26#12585/1,Alan,McDonald,02/10/2020,Darlington  County Durham
BV2052014/1,Alexander Peter,McDonald,14/12/2001,Kilburn  London NW6
BV2083473/1,Alistair,McDonald,20/12/2007,Oxford  Oxfordshire
BV2080435/1,Edward,McDonald,10/09/2007,Fulham  London W12
BV21819417/1,Ernest Gilbert,McDonald,03/12/2001,Sutton Coldfield  West Midlands
BV22102667/1,Evelyn Veronica,McDonald,07/07/2013,Kensington  London W11
BV2036029/1,Frederick,McDonald,10/09/2003,Paddington  London W2
BV2093440/1,Joycelyn,McDonald,01/02/2009,Sydenham  London SE26
BV2086836/1,Malcolm,McDonald,24/11/2007,Halifax  West Yorkshire
BV992328/1,Robert,McDonald,05/04/1999,Peterborough  Cambridgeshire
BV22403194/1,Vincent Emanuel,McDonald,29/01/2024,Leytonstone  London E11
BV21307226/1,David,McDonnell,16/04/2013,Hounslow  Middlesex
BV21904023/1,John,McDonnell,17/01/2008,Reading  Berkshire
BV21914567/1,Patrick,McDonnell,03/04/2019,London   NW7
BV2093801/1,Andrew,McDougall,31/10/2008,Roehampton  London SW15
BV22201538/1,Malcolm,McDougall,31/10/2021,Southampton  Hamphire
BV21305923/1,Yvonne Althia,McDougall,12/10/2011,Croydon  Surrey
BV2060782/1,Patrick,McEnttagart,12/07/2002,Peckham  London SE15
BV993266/1,John,McEvoy,12/08/1998,Tooting  London SW17
BV21915110/1,Terence,McEvoy,16/12/2017,Whitechapel  London E1
BV22108736/1,John Joseph,McGeady,13/06/2005,Derby  Derbyshire
BV991817/1,Emily,McGee,02/02/1999,Derby  Derbyshire
BV2056950/1,Mary,McGee,31/08/2002,Paddington  London W2
BV22413311/1,Patricia,McGee,01/11/2023,Leeds  West Yorkshire
BV992686/1,Patrick Joseph,McGee,27/05/1998,Peckham  London SE15
BV2046815/1,Alexander,McGhee,11/11/2003,Manfield  Nottinghamshire
BV2000859/1,Moira Janet,McGilvey,12/11/1999,Hull  North Yorkshire
BV22001046/1,Herbert  Raymond,McGinley,28/09/2010,Gosport  Hampshire
BV22301050/1,Robert,McGinn,21/01/2003,Oval  London SW8
BV2012883/1,Francis,McGinty,01/04/2001,Sheffield  South Yorkshire
BV22116588/1,John,McGowan,01/07/2021,Forest Hill  London SE23
BV2001469/1,Michael,McGowan,24/01/2000,Derby  Derbyshire
BV21208597/1,Kathleen,McGrath,27/03/2012,Hogsthorpe  Lincs
BV21904225/1,Mary,McGrath,23/01/2019,Birmingham  West Midlands
BV21401296/1,Thomas,McGrath,31/10/2012,Milton Keynes  Bedford
BV2022196/1,John,McGuinness,31/01/2002,Heston  Middlesex
BV2004059/1,Patrick,McGuinness,20/09/1997,Mile End   London  E1
BV22407758/1,Eugene,McGuire,08/08/2022,Carlisle  Cumbria
BV2040027/1,Thomas,McHale,14/11/2003,
BV2075202/1,Helena Mary,McHugh,17/12/2006,Basingstoke  Hampshire
ESTA26#10641/1,John,McHugh,21/06/2025,Manchester  Lancashire
BV2084525/1,Patrick,McHugh,07/06/2008,Paddington  London W2
BV2037114/1,Sheila,McInerney,10/10/2002,Leyton  London E10
BV2058002/1,May,McIntosh,23/04/2002,Hampstead  London NW3
BV2021650/1,Ian,McIntyre,20/12/1999,Chelmsford  Essex
BV21009269/1,Kevin Alexander,Mckay,07/03/2006,Battersea  London Sw8
BV21813537/1,Linda,McKean,02/03/2018,Leeds  West Yorkshire
BV21900178/1,Douglas,McKenzie,04/07/2006,Bristol
BV21422210/1,Ian Cyril,McKenzie,18/06/2007,Merstham  Surrey
BV21014532/1,Margaret Elizabeth Alice,McKenzie,13/09/2009,Sutton Coldfield West Midlands
BV22509248/1,Michael Keith Winston,McKenzie,25/09/2018,Barnet  London N11
BV2041773/1,Raymond,McKenzie,07/07/2003,Wolverhampton West Midlands
BV2067505/1,Robert,McKeown,17/05/2005,Nottingham Nottinghamshire
BV2084291/1,Samuel,McKeown,17/05/2008,Brighton East Sussex
BV21110119/1,William,McLaren,20/01/2010,Leeds  West Yorkshire
BV22302329/1,Jessica,McLaughlin,13/03/2005,Chichester  Sussex
BV21500179/1,Lloyd,McLean,08/10/2014,Birmingham  West Midlands
BV21811587/1,Murline,Mclean,27/04/2018,Lewisham  London SE13
BV21001706/1,William,McLeary,28/09/2009,Farnborough Hampshire
BV21012066/1,John,McLeod,27/10/2009,Eastleigh  Hampshire
BV22204047/1,Samuel David,McLeod,26/09/2020,Margate  Kent
BV2014654/1,Sylvia Kathleen,McLeod,13/12/2000,Knutsford  Cheshire
BV2079654/1,Zena,McLeod,11/10/2007,Orpington  Kent
BV22302660/1,Anthony John,McLoughlin,11/08/2021,Doncaster  South Yorkshire
BV21906183/1,John,Mcloughlin,22/10/2018,Camden  London W9
BV21518537/1,Joseph,McMahon,19/06/2015,Birmingham  West Midlands
BV22513113/1,Kathleen,McMahon,31/05/2025,Ashtead  Surrey
BV2079406/1,John,McManus,22/08/2003,Rotherhithe  London SE16
BV21410625/1,Michael Thomas,McManus,19/02/2005,Camden  London NW3
BV21115403/1,Anthony Joseph Albert Michael,McMenamin,31/12/2009,Southampton Hampshire
BV21110073/1,William James,McNabb,13/06/2011,Yaxley - Peterborough
BV22114015/1,Bridget,McNamara,21/04/2018,Brighton  East Sussex
BV21702142/1,Ellen Joan,McNamara,29/01/2011,Bradford  West Yorkshire
BV21902440/1,Peter,McNamara,17/11/2000,Kingston upon Thames  Surrey
BV2075122/1,Margaret,McNamee,04/01/2007,Tilehurst  Reading
BV21702709/1,David Stuart,McNaughton,06/11/2015,Barnstaple  Devon
BV2000111/1,David Blackstone,McNee,27/05/1999,Rotherhithe  London SE16
ESTA26#20151/1,Lindsay,McPhee,25/10/2021,Bradford  West Yorkshire
BV21906699/1,James Raymond,McPherson,03/01/2015,Chelsea  London SW10
BV985827/1,Doris,McQuitty,15/11/1998,New Barnet  Herts.
BV2060958/1,James,McReynolds,27/08/2005,Shipley West Yorkshire
BV21711177/1,Robert Malcolm,McRobie,01/03/2017,Bath  North East Somerset
BV2035299/1,Peter,McSweeney,01/08/2002,Newport  Isle of Wight
BV22011286/1,Philip,McSweeney,26/06/2020,Saxmundham  Suffolk
BV975600/1,Frank,McTaggart,08/04/1997,Chelsea  London SW10
BV21103694/1,Patrick,McWeeney,25/10/2010,Croydon  Surrey
BV2035033/1,Rosemary,Meadows,13/07/2001,Frinton-On-Sea  Essex
BV22301232/1,Diane,Meakin,30/12/2022,Kendal  Cumbria
BV2062881/1,Shirley,Meanley,20/05/2005,Epsom  Surrey
BV22506676/1,Leonard Charles,Mechem,15/06/2023,Dartmouth  Devon
BV21411725/1,Giovanni,Medves,21/09/2011,Aylesbury  Buckinghamshire
BV2037694/1,Kevin,Meeghan,25/09/1998,Enfield Middlesex
BV982095/1,John Joseph,Meehan,08/08/1997,Kensington  London W10
BV2043622/1,Martin,Meehan,06/03/2003,Nottingham  Nottinghamshire
BV2056568/1,William Craney,Meehan,04/06/2005,Wolverhampton  West Midlands
BV21504669/1,Vimla,Mehersh,26/08/2013,Birmingham  West Midlands
BV22008126/1,Jal Phirozshaw,Mehta,01/03/2020,Tooting  London SW17
BV22402072/1,Peter,Meininger,01/12/2023,Northampton  Northamptonshire
BV21600683/1,Pamela,Meister,24/01/2012,Hackney  London E5
BV21501354/1,John Henry,Melbourne,17/09/2014,Wolverhampton  West Midlands
BV22000813/1,Aubrey Lindsay,Melder,06/08/2012,Bethnal Green  London
BV21921377/1,Amparo,Melendez Dieste,18/08/2019,Westminster  London NW8
ESTA25#2440/1,Kathryn,Mellor,04/06/2025,Grimsby  North East Lincolnshire
BV22309090/1,Olga,Melnik,30/09/2021,Peterborough  Cambridgeshire
BV21706768/1,Ida,Melnyczyn,18/02/2017,Tilford  Surrey
BV2004004/1,Gladys Nellie,Melson,26/07/2000,Farnham  Surrey
BV21810318/1,Anne,Melton,12/02/2018,Sunderland  Tyne And Wear
BV21101655/1,Elizabeth,Melton,25/06/2010,King's Lynn  Norfolk
BV982537/1,Catherine,Melville,24/04/1998,Sunderland  Tyne & Wear
BV22200243/1,Philomena Theresa,Mendes,25/03/2015,Wembley  London HA9
BV22106572/1,Fernando,Mendes Soares,15/06/2017,Westminster  London W2
BV22200180/1,Gabriel Abel,Mendonca,01/04/2020,Tooting  London SW17
BV2046049/1,Satish Chander,Menon,10/05/2004,
BV21510319/1,Robert Atua,Mensah,01/07/2013,Bromsgrove Worcestershire
BV2000579/1,Maria,Mepstead,28/12/1999,Kensington London W10
BV2087210/1,James Alan,Meredew,14/09/2007,Lichfield  Staffordshire
BV21516804/1,Henry,Merlin,06/03/2015,Folkestone  Kent
ESTA26#17403/1,Edward William,Merridan,12/06/2021,Basildon  Essex
BV2080691/1,Gabrielle,Mertins,01/10/2007,Notting Hill  London W11
BV21013137/1,Syed Hussain,Meshedi,12/04/2010,Southall  Middlesex
BV22315267/1,Henrique Miguel,Mesquita,13/04/2022,Lowestoft  Suffolk
BV22400275/1,Rodney Richard,Messenger,19/06/2023,Westcliff-on-Sea  Essex
BV2062101/1,Doris,Messer,22/12/2005,Bristol
BV2078729/1,Brian,Metcalf,29/10/2007,Rochester  Kent
BV22519227/1,Christopher Paul,Metcalfe,17/07/2025,Reigate  Surrey
ESTA26#18783/1,John James Colin,Metcalfe,09/06/2026,Bradford  West Yorkshire
BV976816/1,Hilda Moses,Meyer,03/10/1997,Battersea  London SW11
BV22303913/1,Jon Anthony Alexander,Meyer,23/04/2021,Plymouth  Devon
BV2054237/1,Peter,Meyer,11/01/2005,Homerton  London  E9
BV2063801/1,Edmund Roman,Miaskowski,25/03/2006,Reading  Berkshire
BV21214016/1,Ruby Maud,Michaelson,04/08/2011,Hackney  London E5
BV2053794/1,Jan,Michalczyk,12/03/2005,Birmingham  West Midlands
BV2052369/1,Jozef Antoni,Michalowski,31/12/2002,Hampstead  London NW3
BV2053706/1,Albert,Michalske,05/12/2004,
BV21816509/1,Henryk,Michalski,24/12/2016,West Bromwich  West Midlands
BV2066816/1,Irene,Middleton,02/10/2006,Hammersmith  London  W6
BV2020551/1,Kenneth,Middleton,08/01/2002,Scarborough  North Yorkshire
BV2014818/1,Tassia,Midwinter,01/10/2001,Margate  Kent
BV2004319/1,Svetolick,Mihailovic,18/03/2000,Northampton  Northamptonshire
BV2098866/1,Joseph,Mike,01/02/2005,Bedford  Bedfordshire
BV2043407/1,Wladyslaw,Mikolajonek,15/02/2004,Stevenage  Hertfordshire
BV2092124/1,Stanislaw,Mikucki,26/05/2008,Holbech  Lincolnshire
BV2020020/1,Myroslaw,Milan,01/10/2001,Leicester  Leicestershire
BV21005250/1,Kent,Miles,22/02/2010,Lowestoft  Suffolk
BV21611090/1,Maria,Milici,20/10/2013,Macclesfield  Cheshire
BV2083257/1,Lazar,Milinovic,11/07/2007,Pontypridd  Rhondda Cynon Taf
BV974043/1,Margarita Christina,Millard,11/05/1997,Llandudno  Gwynedd
BV2076036/1,Hugh Edgar,Millen,04/05/2007,Bath  Somerset
BV2074406/1,Betty,Miller,06/02/2005,Newton Abbot  Devon
BV21106299/1,Ersuline,Miller,12/10/2010,Forest Gate  London E7
BV970797/1,Francis,Miller,10/11/1996,Wimbledon  London SW19
BV2044264/1,Herbert Michael,Miller,22/05/2004,Caerphilly  Mid Glamorgan
BV2065376/1,Keith Reynolds,Miller,15/03/2005,Tottenham  London  N17
BV22204628/1,Kenneth,Miller,21/11/2020,Port Talbot  West Glamorgan
BV2055313/1,Marie Antoinette Leonette,Miller,22/03/2005,Salisbury  Wiltshire
BV2061837/1,Noreen Monica,Miller,04/03/2006,Minehead  Somerset
BV2005712/1,Rex Arthur,Miller,28/10/2000,Enfield  Middlesex
BV21308378/1,Josephine,Millett,09/07/2008,Enfield  London
BV2037454/1,Norman,Milligan,02/10/2003,East Finchley  London N2
BV2045134/1,Catherine,Mills,05/05/2004,Lewisham  London SE13
BV2011451/1,Dinah,Mills,27/02/2001,Hull  Humberside
BV22507056/1,Kenneth Gilbert,Mills,30/07/2020,Colchester  Essex
BV972185/1,Myra Christine,Mills,05/10/1996,Cardiff  South Glamorgan
BV21500521/1,Peter,Mills,02/12/2014,Pontefract  Wakefield
BV2023478/1,Rosemary,Millward,25/02/2002,Hampstead  London NW3
BV2072635/1,Brian,Milner,27/02/2007,Malvern  Worcester
BV21005619/1,Margaret Sybil Mary,Milner,03/11/2009,Rugby  Warwickshire
BV2070226/1,Rita,Milner,11/08/2006,Southall  Middlesex
BV22500132/1,Dragan,Milosevic,09/07/2022,Fulham  London W6
BV2070083/1,Peter,Milton,12/09/2001,Hemel Hempstead  Hertfordshire
BV22401716/1,John Samuel Iain,Mines,15/08/2023,Wakefield  West Yorkshire
BV2013622/1,Kenneth Charles,Minn,02/07/2001,Westminster  London SW1
BV22519158/1,Robert John,Minor,06/08/2025,Doncaster  South Yorkshire
BV21909990/1,Najma,Mirza,22/06/2018,Camden  London  NW3
BV2060748/1,Maria,Miskiw,18/08/2005,Leeds  West Yorkshire
BV2003970/1,Bronislawa,Mitchell,03/07/2000,Epsom  Surrey
BV2052256/1,David,Mitchell,06/12/2004,Kingston Upon Thames  Surrey
BV2090852/1,George,Mitchell,09/01/2009,Newport  South Wales
BV22217848/1,James William Peter,Mitchell,19/07/2022,Southall  Middlesex
BV983382/1,Mary Lilian,Mitchell,05/04/1998,Dartford  Kent
BV22007772/1,Peter,Mitchell,11/12/2018,Birstall  West Yorkshire
BV2083990/1,Peter,Mitchell,13/05/2008,Swansea  Glamorgan
BV22401527/1,Stefan,Mitro,16/12/2013,Barnsley  South Yorkshire
BV21201280/1,Neville Sithembiso,Mncwabe,03/06/2011,Southall  Middlesex
BV22107481/1,Ma Sang,Mo,22/02/2020,Denmark Hill  London SE5
BV2004613/1,Jozef,Mocarski,10/01/1999,Gwynedd
BV2031836/1,Catherine,Moffat,06/12/2001,Carmarthenshire
BV2062328/1,Michael,Moffat,27/03/2005,Nairobi  Kenya
BV2052155/1,Sean,Moffatt,30/11/2004,Welton  Lincolnshire
BV21515170/1,Ghulam,Mohammed,05/08/2015,Grimsby North East Lincolnshire
BV993974/1,Marie Cyprian,Mohan,24/07/1999,Fulham  London SW6
BV22000553/1,Babiak,Mohsenin,01/06/2011,Brighton  East Sussex
BV21800978/1,Abdelhamid,Mokrane,08/08/2017,Camberwell  London SE5
BV2004017/1,John,Molloy,23/05/2000,Colchester  Essex
BV2020517/1,Annie,Moloney,05/12/2001,Swindon  Wiltshire
BV21101713/1,Denis,Moloney,14/09/2010,Hyde  Cheshire
BV21213710/1,Paul,Molteni,24/02/2012,Wembley  Middlesex
BV22502926/1,Peter,Monaghan,05/09/2021,Necastle Upon Tyne  Northumberland
BV2012750/1,James Edward,Monk,17/09/2000,Tottenham London N17
BV21513191/1,Patricia,Montague,04/05/2015,Ealing  Southall UB1
BV2057115/1,Cristo,Monte,24/01/2005,Kensal Town  London  W10
BV2045322/1,Frederick,Montgomery,19/04/2004,Redcar & Cleveland North Yorkshire
BV21913924/1,Sompit,Monthong,03/04/2018,Camberwell  London SE5
BV2040466/1,Frances,Montigo,28/12/2003,Wirral  Merseyside
BV21512347/1,Gregorio Manuel,Montilla,23/06/2015,Whetstone  London N20
BV22309640/1,Wilfred Alexander,Moodie,10/09/2019,Harlesden  London NW10
BV2033825/1,Paul Allan,Moody,23/08/2001,Leyburn North Yorkshire
BV22000882/1,Aniela,Moon,26/03/2019,Eastbourne  East Sussex
BV2012646/1,Reginald John,Moon,26/02/2001,Lewisham London SE13
BV21714502/1,Adolphus,Moore,11/11/2013,Denmark Hill  London SE5
BV2082319/1,Alfred James Martin,Moore,17/05/2006,West Norwood  London SE27
BV2087587/1,Joseph,Moore,23/06/2008,Plaistow London E13
BV21713164/1,Lee,Moore,23/04/2017,Norwich  Norfolk
BV2070014/1,Michael John,Moore,16/06/2006,Bottisham  Cambridgeshire
ESTA26#18773/1,Paul,Moore,23/04/2017,Walsall  Staffordshire
BV21104251/1,Peter,Moore,29/10/2010,Leeds  West Yorkshire
BV985532/1,Reginald,Moore,17/11/1998,Lincoln  Lincolnshire
BV21918699/1,Ronald,Moore,03/04/2019,Leigh-on-Sea  Essex
BV21014090/1,Thomas,Moore,26/07/2010,Westbury-on-Trym  Bristol
BV21009788/1,Malcolm Terrence Roy,Moorse,08/03/2010,Maids Moreton   Buckinghamshire
BV22003800/1,James,Moran,28/10/2019,Uxbridge  Middlesex
BV2021584/1,Margaret,Moran,09/06/2000,St Andrews  Guernsey
BV2024068/1,Martin,Moran,25/06/2002,Sidcup  Kent
BV2014753/1,Mary,Moran,09/07/2001,North Finchley London N12
BV22006388/1,Patrick,Moran,01/01/2007,Westminster  London W2
BV21013111/1,Peter,Moran,27/05/2010,Swindon Wiltshire
BV2057221/1,Andrew,Moraz,02/04/2004,Sutton Coldfield  West Midlands
BV2090130/1,Leona,Moreton,09/04/2008,Enfield  Middlesex
BV2095656/1,Doris,Morgan,22/12/2008,Rhondda Cynon Taf
BV2036288/1,Dorothy,Morgan,12/05/2003,Croydon Surrey
BV981811/1,Edith Lily,Morgan,23/11/1997,Tottenham London N15
BV2012401/1,Elizabeth Bridget,Morgan,17/03/2001,Taunton  Somerset
BV972484/1,Ellen,Morgan,11/12/1996,Hampstead London  NW3.
BV21902443/1,Fevziye,Morgan,19/12/2007,Stoke Newington  London
BV21517452/1,Frank,Morgan,29/09/2015,Cheam  Surrey
ESTA26#6393/1,Sheila Judith,Morgan,04/08/2025,Staines upon Thames  Middlesex
ESTA26#10624/1,Trevor Kenneth,Morgan,28/01/2026,Smethwick  West Midlands
BV22006637/1,Valerie Maureen Winifred,Morgan,17/02/2020,Bristol
BV21210119/1,Nora,Moriarty,09/01/2012,Gillingham  Kent
BV21507974/1,Mario,Morisco,15/03/2015,Westminster  London W2
BV21613900/1,Ronald,Morland,26/05/2016,Cardiff  South Glamorgan
ESTA26#12582/1,Ronald William,Morley,12/01/2026,Derby  Derbyshire
ESTA26#6140/1,Tessa,Morley,23/09/2025,St. Leonards-on-Sea  Sussex
BV22517301/1,Peter,Morrall,30/05/2025,Newcastle under Lyme  Staffordshire
BV21006542/1,Barbara,Morris,15/02/2010,Southwark  London  SE1
BV2091262/1,Bernard,Morris,26/01/2009,Merthyr Tydfil
BV2091711/1,Betty,Morris,27/01/2009,Reading  Berkshire
BV2094469/1,Christine,Morris,06/03/2009,Hampstead London NW3
BV21306237/1,Clarice,Morris,02/11/2003,Hampstead  London NW3
BV21518264/1,Cyril,Morris,28/11/2014,Newport  South Wales
ESTA26#17330/1,David Anthony,Morris,24/05/2025,Glastonbury  Somerset
BV2052721/1,Dorothy,Morris,26/01/2005,Tooting  London SW17
BV992771/1,Elizabeth Mary,Morris,31/03/1999,Rhondda
BV21012784/1,Ellen,Morris,26/06/2010,Edgware  Middlesex
BV2044584/1,Frank James,Morris,07/11/2003,Wirral  Cheshire
BV2010350/1,James,Morris,30/12/1999,Dunstable Bedfordshire
ESTA26#12091/1,John,Morris,14/11/2025,Southall  Ealing
BV21007360/1,Nellie Ellen,Morris,26/12/2009,Camden  London  NW3
BV21816020/1,Walter,Morris,22/08/2018,Halow  Essex
BV2030809/1,William,Morris,09/01/2002,Aberdare  Rhondda Cynon Taf
BV21809297/1,Yvonne Barbara Lillian,Morris,13/08/2016,Leeds  West Yorkshire
BV22302337/1,Louise,Morrish,24/11/2021,Exeter  Devon
BV971610/1,Edward John,Morrison,06/02/1997,Canvey Island  Essex
BV21600539/1,Pearl,Morrison,10/09/2015,Ealing  London UB2
BV983172/1,Christine,Morrissey,28/04/1998,Belsize Park  London NW3
BV22004653/1,David Andrew,Mortimer,06/02/2020,Keighley  West Yorkshire
BV21009134/1,Madeline,Mortimer,30/07/2010,Hampstead  London NW3
BV2037623/1,Arthur,Morton,25/10/2003,Stafford  Staffordshire
BV2013404/1,Fredrick,Morton,19/01/2000,Ilfracombe  North Devon
BV2097869/1,Hilde Marte,Mos,13/10/2007,Barnet  Hertfordshire
ESTA25#4234/1,Franz,Moser,03/12/2023,Southampton  Hampshire
BV2087128/1,Blanche,Moss,27/09/1999,South Norwood  Surrey
BV2022565/1,Joseph,Moss,15/07/1999,Feltham  Middlesex
BV21313038/1,Kenneth Horton,Moss,09/04/2013,Yeovil  Somerset
BV2015460/1,Frankie,Motah,06/05/2001,Walsall  West Midlands
BV22302321/1,Alfred Ernest William,Moulds,20/03/2020,Islington  London N19
BV2096120/1,Ann Winifred,Mount,26/06/2008,Basingstoke  Hampshire
ESTA26#4190/1,Patrick John,Moyle,26/09/2022,Oxford  Oxfordshire
BV995398/1,Eva,Mraczynska,28/10/1999,Bradford  West Yorkshire
BV22510247/1,Reginald,Muda,16/05/2021,Wandsworth  London SW12
BV21918946/1,Carolina,Muhabo,10/01/2019,Hampstead  London NW3
BV21915362/1,Nigel,Muir,27/12/2018,Chichester  West Sussex
BV22305701/1,Somer,Mukerjee,10/09/2020,Hampstead  London NW3
BV2087447/1,Anthony,Mulenga,22/01/2005,Hereford Herefordshire
BV2086570/1,Anthony,Mullahy,17/07/2008,Leicester Leicestershire
BV21213357/1,Mary Theresa,Mullally,10/11/2009,Southall  Middlesex
BV22010805/1,Eugene,Mullan,25/01/2020,Leeds  West Yorkshire
BV2010669/1,Violet Ruby,Mullard,23/01/2001,Stoke-On-Trent  Staffordshire
BV21002943/1,Kathleen,Mullen,13/12/2009,Middlesborough  Cleveland
ESTA26#9399/1,Daphne,Muller,26/04/2018,Bexhill on Sea  Sussex
BV22508056/1,Darren,Muller,17/05/2024,Nunhead  London SE15
BV2092159/1,Helen,Muller,13/02/2008,Ilford  Essex
BV2004837/1,Peter,Mulligan,18/08/2000,Lewisham  London SE13
BV2085441/1,James,Mullins,31/05/2008,Peterborough  Cambridgeshire
BV22512771/1,Catherine,Mumford,04/05/2024,Gloucester  Gloucestershire
BV22000975/1,Clifford Irwin,Mundell,23/02/2008,Kensington  London W10
ESTA26#14317/1,Mark Anthony,Munden,11/04/2026,Poole  Dorset
BV993722/1,Mohamed Abdul,Munim,09/10/1997,Kilburn London  NW6
BV22105887/1,Sumiko,Munk,13/10/2020,Camden  London NW6
BV22208774/1,Federico Jose,Murias,29/02/2020,Betchworth  Surrey
BV21202244/1,Anthony,Murphy,21/07/2011,Cricklewood  London NW2
BV985305/1,Catherine Pauline,Murphy,18/10/1998,Bournemouth Dorset
BV2055729/1,John,Murphy,23/02/2005,Islington London N7
BV22519173/1,John,Murphy,18/09/2025,Streatley  Berkshire
BV2024847/1,Joseph,Murphy,02/09/2002,Kensington London W10
BV22513075/1,Kathleen,Murphy,04/02/2022,Camden  London NW3
BV2098013/1,Patrick,Murphy,07/08/2009,Leeds  West Yorkshire
BV21306394/1,Selma,Murphy,30/03/2011,Camden  London NW1
BV2096629/1,William,Murphy,19/05/2009,Camden London NW5
BV21808963/1,William,Murphy,22/11/2015,Harrow  Middlesex
BV22514118/1,William,Murphy,03/06/2023,Darlington  County Durham
BV21917971/1,Brian Gerrard,Murray,25/01/2017,Newcastle upon Tyne  Northumberland
BV2097373/1,Francis,Murray,24/07/2007,Worcester  Worcestershire
BV22401701/1,Hugh,Murray,25/11/2020,Purton  Wiltshire
BV21920090/1,James,Murray,07/02/2019,Hull  East Ridig of Yorkshire
BV21610781/1,James Alexander,Murray,10/02/2016,Leeds  West Yorkshire
BV2010192/1,John,Murray,28/09/2000,Leicester Leicestershire
BV21902432/1,John,Murray,21/08/2010,Camden  London NW3
BV21609902/1,Margaret Mary,Murray,07/05/2016,Chester  Cheshire
BV21207971/1,Oliver,Murray,29/11/2011,Cannock  Staffordshire
BV21704174/1,Patrick,Murray,27/02/2012,Homerton  London  E9
BV21815171/1,Robert John,Murray,11/07/2010,Sandhurst  Berkshire
BV21605540/1,Sydney Herbert,Murray,02/01/2013,Croydon  Surrey
ESTA25#4395/1,Georgina,Murrell,18/12/2024,Basildon  Essex
BV2092715/1,George,Murton,06/02/2009,Edmonton London N18
BV21014014/1,Graham Dennis,Musgrove,10/12/2008,Lichfield Staffordshire
BV2057053/1,Clive William,Musson,24/07/2005,Horsted Keynes  West Sussex
ESTA26#18777/1,Jacek,Muszynski,11/03/2026,Waterlooville  Hampshire
BV21208750/1,David John,Myers,16/07/2012,Stoke on Trent  Staffordshire
BV22011449/1,Edward Stephen,Myers,04/05/2019,Brighton  East Sussex
BV990731/1,James,Myers,09/01/1999,Marylebone London  NW8
BV21914328/1,Victoria,Myers,07/08/2010,St.Johns Wood  London NW8
BV2057096/1,Wilfred Stanley,Myers,09/03/2005,Mill Hill  London NW7
BV2013261/1,Clarence Valdemar,Myles,19/04/2001,Gedling Nottinghamshire
BV22205111/1,Merlin,Mythwytch,08/07/2021,Hull  East Riding of Yorkshire
BV22208310/1,Pandia Paramasivan,Nadar,07/01/2020,Lewisham  London SE13
BV21306253/1,Magdalena,Nagy,10/05/2005,Southall  Middlesex
BV21004685/1,Ghanasham Laxmansing,Naik,26/08/2009,Southwark  London SE5
BV21113675/1,Ram Swamy,Naiker,19/09/2011,Isleworth  Middlesex
BV21707346/1,Margaret Ellen,Nalepka,28/11/2016,High Wycombe  Buckinghamshire
BV22300907/1,Mary Theresa,Nantale,12/12/2022,Tooting  London SW17
BV21915768/1,Kanapathy Nithi,Nanthan,05/03/2010,Barnes  London SW13
BV2058435/1,Elton Cornelius,Nanton,01/09/2004,Buckingham  Buckinghamshire
BV2033827/1,Kenneth,Napier,12/01/2003,Birmingham West Midlands
BV21501346/1,Tamby Moonsamy,Narainen,22/12/2013,Luton  Bedfordshire
BV21915432/1,George Sath,Narayan,11/07/2019,Southampton  Hampshire
BV22010932/1,Keo,Nary,17/01/2019,Redhill  Surrey
BV2011257/1,Eva,Nash,01/02/2001,Brighton  East Sussex
BV22200765/1,John Leonard,Nash,28/02/2021,Wolverhampton  West Midlands
BV21109262/1,Vasilika,Naskova,22/09/2010,Camberwell  London SE5
BV22502885/1,Muthusamy,Natarajan,18/03/2022,Middlesbrough  North Yorkshire
BV2032658/1,Adoracion,Navarrete,07/02/2001,Westminster London SW1
BV21013131/1,Mohammed,Nawaz,06/10/2010,Birmingham West Midlands
BV21918734/1,Michael George,Naylor,07/05/2019,Sheffield  South Yorkshire
BV2031819/1,Boris,Nazaryn,23/03/2003,Bath Somerset
BV2077930/1,Michael John,Neal,31/08/2007,Walsall West Midlands
BV972106/1,Roy Edward,Neal,14/09/1996,Walsgrave  Coventry
BV2086891/1,Catherine,Neary,17/10/2008,Canterbury  Kent
BV985246/1,Gordon John,Neeves,27/10/1998,Bournemouth  Dorset
BV21915053/1,Eshetu Tarekegn,Negatu,25/04/2018,Waterloo  London SE1
ESTA26#10674/1,Elizabeth,Neill,15/08/2024,Great Oxendon  Northamptonshire
BV21412050/1,Sycriff Joseph,Neita,28/04/2013,Lambeth  London  SW2
BV22105996/1,Fitzgerald,Nelson,27/12/2019,Birmingham  West Midlands
BV21202988/1,Ian,Nelson,10/12/2011,Melton Constable  Norfolk
BV21505871/1,Leon Leyland,Nelson,05/12/2014,Croydon  Surrey
BV21109871/1,Terence,Nelson,26/03/2011,Sutton Coldfield West Midlands
BV21803115/1,Istvan Vilmos,Nemeth,11/08/2010,Romford  Essex
BV22207737/1,Richard Leslie,Nemo,25/04/2022,Sutton  Surrey
BV2082989/1,Peter,Nese,24/11/2007,Hove East Sussex
BV982068/1,Leni-Luise,Neumann,24/07/1997,Lewisham London SE13
BV2056351/1,Gerald,Nevin,22/05/2005,Southampton  Hampshire
BV21421045/1,Thomas,Newbold,09/05/2011,Chelsea  London SW10
BV22314293/1,David John,Newcombe,18/06/2023,Chichester  Sussex
BV22400277/1,Grace Jane,Newham,26/07/2021,Westminster  London W9
BV2055311/1,Robert,Newlands,10/03/2005,London W7
BV21920233/1,Dorothy Joan,Newman,11/08/2019,Cinderford  Gloucestershire
BV2084154/1,George,Newman,10/04/2008,Westcliffe on Sea  Essex
BV974674/1,James,Newman,21/06/1997,Coventry  West Midlands
BV2048509/1,John,Newman,10/07/2004,Leicester  Leicestershire
BV2023369/1,Violet Maude May,Newman,03/11/1999,Norwich  Norfolk
BV2005408/1,Florence,Newton,19/02/2000,London N2
BV2091381/1,Joseph Paul,Newton,23/06/2008,Southampton  Hampshire
BV21900154/1,Robert,Newton,23/02/2015,Stockton on Tees  Teeside
BV21306368/1,Joseph,Neylan,13/02/2013,Edmonton  London  N18
BV21815432/1,Soon Chui,Ng,15/01/2013,Kennigton  London SE11
BV21704396/1,Kimto Chaibo,N'Garmadji,07/08/2010,Herne Hill  London SE23
BV22413362/1,Dinh Hai,Nguyen,06/04/2024,Hammersmith  London W6
BV2037173/1,Marjorie,Nichele,12/05/2001,Highgate Hill  London N19
ESTA26#10562/1,Jeanie,Nichol,19/12/2025,Blyth  Northumberland
BV22514049/1,Anthony,Nicholas,25/11/2022,Hammersmith  London W6
BV21421090/1,Bruno William,Nicholas,21/08/2014,Camberwell  London SE5
BV22011415/1,David Cyril,Nicholls,20/04/2020,Clacton-on-Sea  Essex
BV2085314/1,Francis,Nicholls,01/08/2007,Birmingham  West Midlands
BV21605408/1,John,Nicholls,20/08/2014,Ilfracombe  Devon
BV2002580/1,Thomas Joseph,Nicholls,24/01/1999,Edmonton  London N18
BV2061055/1,Archie,Nicholson,30/01/2005,Birmingham  West Midlands
BV22104763/1,Rodger,Nicholson,11/07/2017,Finchley  London N12
BV22519008/1,Stephen,Nicholson,29/12/2024,Basildon  Essex
BV995271/1,Hildegard Marianne,Nickel,16/08/1999,London W1
BV2055053/1,Alfred,Nield,21/07/2002,Chester  Cheshire
BV970418/1,Hsu Hsin,Nien,15/01/1997,Canvey Island  Essex
BV21214873/1,Catherine,Nightingale,05/02/2007,Barnet  Hertfordshire
BV22118040/1,Toni Joanne Lorna Denise Ruth,Nightingale,21/04/2021,Oxford  Oxfordshire
BV21301608/1,Joseph,Nii Attoh,02/10/2011,Lambeth  London
BV21212445/1,Japp,Nijenhius,05/09/2005,Lambeth
BV983260/1,Armand John,Nitelet,25/04/1998,Harrow  Middlesex
BV2086717/2,Gary,Nixon,13/03/2005,Haringey  London  N4
BV22205595/1,Josephine,Noah,15/09/2021,Oxford  Oxfordshire
BV22104095/1,Alan,Noble,07/10/2014,Clacton-on-Sea  Essex
BV21114515/1,Derek Wilson,Noble,20/02/2011,Nottingham  Nottinghamshire
BV982768/1,Mary,Noble,19/11/1997,Harrow  Middlesex
ESTA25#3283/1,Brett,Nock,10/05/2020,Newton  New Jersey
BV22315286/1,Anthony Alexander,Noel,01/04/2023,Willesden  London NW10
BV21413730/1,Roy Douglas,Nogaga,17/03/2013,Tower Hamlets  London E1
BV20910419/1,Henry,Nolan,14/12/2008,Forest Hill  London SE23
BV21405618/1,Kevin,Nolan,06/01/2014,Bromley  Kent
BV21200747/1,Michael,Nolan,06/08/2011,Peterborough
BV21306170/1,Michael,Nolan,20/09/2005,Swansea
BV2013528/1,Stephen Patrick,Nolan,11/07/2001,Fulham  London W6
BV22217202/1,William Thomas,Nolan,29/05/2020,Tunbridge Wells  Kent
BV22316818/1,Yvonne Jayne,Nolan,10/07/2021,Haverfordwest  Pembrokeshire
BV2041933/1,Robert Patrick,Noonan,06/03/2004,Harrow  Middlesex
BV2046824/1,Alam,Noor,13/08/2004,Thornton Heath  Surrey
BV2082123/1,Ronald Harvey,Norman,21/03/2003,Bow  London E3
BV21720569/1,Anthony  David,Normand,24/10/2017,Woking  Surrey
BV21001918/1,Norma,Normane,15/01/2010,York  North Yorkshire
BV21611249/1,Brian Terence Michael,Northwood,15/05/2016,Stevenage  Hertfordshire
BV21705310/1,Rosemary Ann,Norton,18/11/2014,Exeter  Devon
BV22519164/1,Ian Michael Lester,Nourse,03/06/2025,London W6
BV21011046/1,Lija,Novakovic,16/05/2010,Margate
BV2075535/1,Leon,Nowak,27/10/2002,Swindon  Wiltshire
BV22212295/1,Tony,Nowosad,12/10/2021,Leicester  Leicestershire
BV21619290/1,Daniel Ramososo,Nteka,30/08/2016,Barnsley  South Yorkshire
BV21312924/1,Stephen,Nuako,12/03/2009,Lambeth  London SW11
BV22407618/1,Anthony,Nugent,22/02/2022,Sunbury On Thames  Middlesex
BV2059050/1,Francis,Nugent,27/12/2003,Carshalton  Surrey
BV2025489/1,Eric,Nuhkat,25/10/1999,
BV9700040/1,Annie,Nunan,23/11/1996,Malvern  Hereford and Worcestershire
BV2021192/1,Douglas,Nunn,28/02/2002,Stanstead Abbotts  Hertfordshire
BV21608749/1,Geoffrey Michael,Nunn,05/04/2016,Devizes  Wiltshre
BV2048656/1,John,Nurse,31/07/2004,Tollerton  Nottinghamshire
BV9700527/1,Istvan,Nyalka,21/10/1996,Aylesbury  Buckinghamshire
BV22419952/1,Jason Afiriye,Nyarko,27/06/2021,Lewisham  London SE16
BV2087130/1,Lusewo,Nzolameso,01/01/1997,Plaistow  London E13
BV2042309/1,Josephine Mary,Oakley,29/01/2004,Penarth  South Glamorgan
BV2022286/1,Winifred,Oakley,29/09/2001,West Bromwich  West Midlands
BV991931/1,Patrick,Oates,22/03/1999,Southall  Middlesex
BV21906315/1,Anne,Oatt,15/01/2001,East Dulwich  London SE22
BV21516347/1,Emanuel,Obamwonyi,26/03/2015,Peckham  London SE5
ESTA25#3582/1,Ranjit,Obhie,23/12/2014,Isleworth  Middlesex
BV2080186/1,Sheila,O'Brian,16/04/2006,Uckfield  East Sussex
BV990284/1,Francis John,O'Brien,18/08/1998,
BV22312313/1,Jean Sylvia,O'Brien,17/04/2015,Manor Park  London E12
BV982351/1,Leonora Ann,O'Brien,30/03/1998,
BV2061441/1,Maurice,O'Brien,01/01/2006,Southall  Middlesex
BV2076025/1,Patrick,O'Brien,18/11/2005,Leeds  West Yorkshire
BV2074186/1,Patrick James,O'Brien,28/04/2007,Reading  Berkshire
BV2075766/1,Thomas Joseph,O'Brien,27/06/2007,Stowmarket  Suffolk
BV22011262/1,William,O'Brien,10/06/2019,Edmonton  London N18
BV971971/1,William Maurice,O'Brien,20/01/1997,Clapton  London E5
BV990595/1,Bridget,O'Callaghan,09/03/1998,Notting Hill  London W11
BV2064137/1,Michael,O'Carroll,06/04/2006,Newcastle upon Tyne  Northumbria
BV21415660/1,Edmund,Ochocki,12/04/2014,Leytonstone  London  E11
BV2085795/1,Patrick,O'Connell,05/04/2008,Southampton  Hampshire
BV21309612/1,Anthony,O'Connor,17/06/2013,Chertsey  Surrey
BV21620338/1,Eileen,O'Connor,20/10/2015,Redhill  Surrey
BV22002668/1,John,O'Connor,04/12/2018,Birmingham  West Midlands
BV21214575/1,Michael,O'Connor,21/04/2011,Kingsbury  London
BV2063777/1,Naomi,O'Connor,12/01/2006,West Brompton  London SW10
BV2020437/1,Patrick William,O'Connor,13/12/2000,Harrogate  North Yorkshire
BV21014070/1,Terence,O'Connor,17/05/2010,Eastbourne  East Sussex
BV21210731/1,Timothy,O'Connor,25/11/2008,
BV21715456/1,Lawrence John,O'Dell,04/10/2016,Tremadog  Gwynedd
BV991416/1,James Joseph,O'Donnell,06/01/1999,
BV2025241/1,Michael,O'Donnell,23/01/2002,Macclesfield  Cheshire
BV21705440/1,Shamus,O'Donnell,26/09/2014,Stevenage  Hertfordshire
BV2030691/1,William Thomas,O'Donnell,06/11/2002,Plaistow  London E13
BV21705959/1,Joseph,O'Donoghue,10/01/2017,Sydenham  London SE26
BV22211551/1,Maureen Frances,O'Donovan,03/10/2020,Bodelwyddan  Clwyd
BV22013038/1,Nicholas Patrick,O'Farrell,05/07/2020,Chesterfield  Derbyshire
BV2044381/1,David Robert,Ogden,15/01/2004,Shipley  West Yorkshire
BV21410801/1,Michael James John,Oglesby,19/05/2014,Drybrook  Gloucestershire
BV2037693/1,George,Oglodek,31/07/2003,
BV22016863/1,Patrick Joseph,O'Gorman,11/09/2020,Coventry  West Midlands
BV22015787/1,Sean,O'Gorman,26/04/2020,Westminster  London W9
BV22200172/1,James Alex,O'Grady,01/03/2018,Westminster  London NW8
BV21106362/1,John,O'Grady,12/08/2010,Birmingham West Midlands
BV21303579/1,Patricia,O'Grady,18/12/2012,Coventry  Warwickshire
BV2060779/1,Shola,O'Gunmuuia,25/08/1999,Peckham London SE15
BV2040843/1,Zacheus Idowu,Ogunsanya,29/08/2003,Camberwell  London  SE5
BV21705991/1,Ifetayo,Ogunyemi,20/11/2016,Upper Edmonton  London N18
BV2087067/1,Mary,O'Hanrahan,11/11/1999,Tottenham  London  N15
BV2055899/1,Gerald,O'Hara,30/01/2005,Gillingham  Kent
ESTA26#4660/1,John,O'Hara,25/05/2014,Brentwood  Essex
BV21513416/1,Patrick,O'Hehir,23/02/2015,Lewisham London SE13
BV2071815/1,John Emanuel,O'Hosi,18/02/2007,Leeds  West Yorkshire
ESTA26#9884/1,Nenad,Okicic,28/11/2025,Isleworth  Middlesex
BV22218751/1,Clara,Okoli,30/12/2019,Lambeth  London SE1
BV2071074/1,Waclaw George,Okrasa,29/12/2006,Wolverhampton  West Midlands
BV21817883/1,Laslo,Olah,05/08/2000,Stoke Newington  London N16
BV21617283/1,Karl Hermann,Oldag,27/11/2015,Westminster  London W9
BV21610914/1,Brian,Oldale,30/05/2015,Sheffield  South Yorkshire
BV2093573/1,William,Oldham,21/01/2009,Stockport Cheshire
BV2090973/1,Philip William John,Oldroyd,27/10/2008,Southall  Middlesex
ESTA26#10630/1,Josef,Olearczyk,18/07/2021,Kettlebrook  Staffordshire
BV2033236/1,John,O'Leary,03/12/2002,Grimsby North Lincolnshire
BV2025836/1,Michael,O'Leary,14/03/2002,Worcester Worcestershire
BV22000071/1,Joseph,Olechowski,08/05/1996,London Borough of Camden
BV2059038/1,Wanda,Oles,15/12/2003,Bradford West Yorkshire
BV994981/1,Olwyn Muriel,Oliver,18/08/1999,Hereford  Herefordshire
BV21511824/1,Michael,O'Loughlan,23/02/2014,Anglesey  Gwynedd
BV21003174/1,Ebeneezer,O'Loughlin,20/11/2009,Mirfield  West Yorkshire
BV21903254/1,Nancy Annie,O'Loughlin,14/05/2012,Tottenham  London N17
BV2097462/1,Jandyra,Olympio,03/05/2006,Barnet  Hertfordshire
BV21813681/1,Patrick John,O'Malley,09/05/2018,Oxford  Oxfordshire
BV2022197/1,Thomas,O'Malley,14/04/2002,Orpington Kent
BV22403364/1,Abdul Karim,Omar,29/01/2024,Tower Hamlets  London E1
BV21618132/1,Aegina,O'Mere,15/03/2016,Chelsea  London SW10
BV21100742/1,Raj Kumar,Omnaath,27/10/2010,Leicester  Leicestershire
BV21503408/1,Joyce,Omoni,28/02/2014,Peckham  London SE15
BV22209681/1,Zedikiah,Omwanda,25/01/2022,Weston-super-Mare  Somerset
BV22412392/1,Oluwabunmi Rachel,Onadipe,09/04/2024,Romford  Essex
BV21609894/1,Adeoye Kuyoro,Onanuga,30/08/2008,Kingston upon Thames  Surrey
BV22210442/1,David,O'Neil,15/09/2021,Notting Hill  London W11
BV20510071/1,Margaret,O'Neil,13/09/2005,
BV21014048/1,Robert,O'Neil,27/07/2010,Claygate  Surrey
BV22006477/1,Fabian,O'Neill,03/12/2011,Lambeth  London SE1
BV2004915/1,John Joseph,O'Neill,22/11/1999,North Shields Tyne and Wear
BV2053920/1,Terence,O'Neill,13/12/2004,Southall Middlesex
BV22105565/1,Chin,Ong,01/04/2020,Brixton  London SE24
BV2034117/1,George,Ong,17/09/1997,Suffolk
BV22508834/1,Ifeyinwa Eucharia,Onyemelukwe,20/11/2020,Woolwich  London SE18
BV21421686/1,Marie Jean Gerard,Orange,27/01/2014,Southampton  Hampshire
BV21508662/1,James Anthony,Orchard,18/09/2014,Hampstead  London  NW3
BV22001109/1,Paul Anthony,Orchard,19/07/2006,Evesham  Worcestershire
BV2003456/1,Elizabeth,O'Reilly,17/03/2000,Dartford  Kent
BV2001310/1,Ellen,O'Reilly,12/02/2000,Harrow Middlesex
BV21909086/1,Henrik,Orhan,26/10/2018,Hackney  London E9
BV21012834/1,Christopher Michael,O'Riordan,18/08/2010,Fulhaml  London SW6
BV21202011/1,Kayode,Orishagbemi,10/03/2010,Northampton Northamptonshire
BV22106309/1,Anna,Orlando,19/03/2019,Westminster  London W2
BV975749/1,Edward Joseph,O'Rourke,06/04/1997,
BV21301286/1,Mary,O'Rourke,26/01/2012,Watford  Hertfordshire
BV21210355/1,Thomas,O'Rourke,23/11/2011,Coventry
BV2062326/1,Thomas,O'Rourke,24/04/2005,Llandovery  Carmarthenshire
BV21200170/1,Stephen Alexander,Orr,02/11/2010,Barnsley  South Yorkshire
ESTA26#11428/1,Robert Michael,Orrell,13/04/2021,Birmingham  West Midlands
BV20911088/1,Tex,Orrico,28/09/2009,Marylebone  London W1
BV21503245/1,Cedric,Osborne,15/01/2012,Hackney  London E9
BV21202956/1,Barry Keith,Osbourne,05/04/2002,Newham  London E16
BV2075886/1,Gwenice,Osbourne,13/01/1997,Muswell Hill London N10
BV21415863/1,Anne,O'Shea,28/05/2014,Barnstaple  Devon
BV2061804/1,Anthony,O'Shea,24/01/2005,Leeds  West Yorkshire
BV2015327/1,Charles,O'Shea,06/08/2000,Basingstoke  Hampshire
BV21400576/1,Ellen,O'Shea,23/09/2013,Aylesbury  Buckinghamshire
BV2063047/1,Mary,O'Shea,05/01/2006,Weston Super Mare
BV22302659/1,Patrick,O'Shea,07/05/2019,Upper Norwood  London SE19
BV2000922/1,Peter,O'Shea,17/12/1998,Pease Pottage  West Sussex
BV2004612/1,Stanislaw,Osiak,03/03/1998,Pwllheli  Gwynedd
BV985477/1,Michael,Osidacz,05/08/1998,Southall  Middlesex
BV21501417/1,Florence Baby,Osikpa,08/01/2015,Paddington  London  WC2
BV21906100/1,Kate Blessing,Osolase,09/09/2014,Wednesbury  West Midlands
BV2064064/1,Francis,Ossai,21/01/2000,Highgate  London N6
BV2032051/1,Velma,Ossedumme,01/03/2003,Streatham London SW16
BV21307526/1,Ann Nanushka,Osten-Sacken,08/03/2005,Camden  London NW3
BV2086305/1,John,O'Sullivan,06/07/2008,Leeds  West Yorkshire
BV2077156/1,Kathleen,O'Sullivan,01/09/2007,Redhill  Surrey
BV22517202/1,Maria,O'Sullivan,02/11/2022,Hackney  London  N1
BV2002124/1,Mary,O'Sullivan,19/12/1999,Muswell Hill London N10
BV2047167/1,Michael,O'Sullivan,18/06/2004,Birmingham  West Midlands
BV21213762/1,Patrick John,O'Sullivan,27/04/2012,Islington  London N1
BV2064173/1,Paul,Oswald,07/03/2006,Denmark Hill  London SE5
BV22514252/1,Vincent Paul,Otremba,31/07/2019,Derby  Derbyshire
BV2048167/1,Ken,Ottley,18/09/2004,Birmingham West Midlands
BV21515832/1,Mark,Overhill,23/08/2015,Clacton on Sea  Essex
BV21504587/1,Alice Audrey,Owen,21/10/2012,Wirral  Merseyside
BV22002664/1,Gwyn,Owen,13/10/2019,Wrexham  Clywd
BV2074032/1,Ivy Maude,Owen,16/01/2007,Llanelli Carms
BV22405249/1,Lorna Margaret,Owen,28/01/2023,Ebbw Vale  Gwent
BV21303330/1,Mair Eluned,Owen,02/11/2012,Bangor  Gwynedd
BV22015871/1,Sunday,Owolabi,26/04/2020,Whitechapel  London E1
BV22508274/1,Pumpul,Ozarslan,12/04/2021,Southwark  London SE1
BV22005943/1,Gabriel Nduaguba,Ozokoli,23/04/1994,Edmonton  London N18
BV2036036/1,Laimonis,Ozolins,02/04/2003,Guilford Surrey
BV21704486/1,Iwan,Ozymok,29/08/2016,Coventry  West Midlands
BV2092465/1,Jan Lodewijk,Pace,02/01/2009,Birmingham  West Midlands
BV982833/1,Jozef,Pachocki,26/02/1998,Wellingborough  Northamptonshire
BV2000051/1,Christopher John,Packer,20/12/1999,Bangor  Gwynedd
BV21714805/1,Nowruttun,Padaruth,05/08/2016,Southwark  London SE1
BV21606722/1,Victor Gerald,Paddy,16/02/2016,Chester  Cheshire
BV21112603/1,Gillian,Page,16/07/2011,Sutton  Surrey
BV22213073/1,Gladys Mary,Page,15/04/2016,Croydon  Surrey
BV22407568/1,David Francis,Paget,30/10/2022,Louth  Lincolnshire
BV2030504/1,John,Paget-Wyndham,19/06/2002,Kensington  London W10
BV21304101/1,Margaret Rose,Pahis,16/09/2012,Sydenham  London SE26
BV2020722/1,Brenda Gladys Louise,Paice,22/10/2001,Tunbridge Wells  Kent
BV22204584/1,Eve,Paige,25/12/2021,Abbeywood  London SE2
BV21604880/1,Amina,Painem,05/10/2012,Wandsworth  London SW15
BV2070962/1,Pavilas,Palazajus,22/12/2006,Watford  Herts
BV2025066/1,Aniela,Palgan,29/09/2002,Pontefract  West Yorkshire
BV22115237/1,Bert,Palmer,05/04/2014,Leicester  Leicestershire
BV22118035/1,David William,Palmer,02/09/2021,Colchester  Essex
BV995717/1,Doreen,Palmer,17/06/1998,Greenwich London SE10
BV22107812/1,Rebecca Eleno,Palmer,14/04/2021,Westminster  London  SW1
BV21010015/1,William,Palmer,21/05/2010,South Shields Tyne & Wear
BV21414688/1,Angelina,Palmieri,11/12/2013,Waltham Forest  London E11
BV975952/1,Atanazy,Panasiuk,29/05/1997,Coventry West Midlands
BV2013109/1,Panayi,Panayiotis,04/11/2000,Highgate Hill  London N19
BV22015142/1,Vincenyo,Paniccia,09/08/2020,Bournemouth  Dorset
BV21102472/1,Olena,Paniuta,28/02/2008,Halifax  West Yorkshire
BV22004921/1,Christopher Garland,Pannell,24/09/2017,Worcester  Worcestershire
BV2056264/1,David,Panther,12/02/2005,Birmingham West Midlands
BV21215063/1,Isabelle Nicole-Anne,Paolantonacci,18/11/2010,Maida Hill London W9
BV970570/1,Dimitrious,Papadoulous,21/11/1996,Hackney London E2
BV2067673/1,Bela,Papp,14/01/2006,Bradford West Yorkshire
BV994750/1,Michael,Pappilon,04/08/1999,Camberwell London SE5
BV21404131/1,Czeslaw Stanislaw,Parczewski,21/06/2011,Leicester  Leicestershire
BV2082937/1,Franciszek,Parda,21/08/1999,Bridgend Mid Glamorgan
ESTA26#18785/1,Margaret,Pardy,02/01/2024,Winchester  Hampshire
BV2033369/1,Irene Jean,Parent,15/10/1999,Battersea London SW11
BV21910069/1,Graham John,Parfitt,30/01/2019,Kingston Upon Thames  Surrey
BV970111/1,Mary,Park,05/01/1997,Roehampton London SW15
BV2081873/1,Michael,Park,27/02/2008,Llandudno  Penarth  Vale of Glamorgan
BV21410882/1,Richard,Park,08/06/2014,Halifax  West Yorkshire
BV21209382/1,Andrew,Parker,29/10/2011,Gillingham  Kent
BV2064437/1,Joan,Parker,03/08/2005,St Anns  Nottingham
BV21211179/1,Marcella Rosa Dina,Parker,16/06/2012,Dagenham  Essex
BV22405664/1,Neil Edward,Parker,07/12/2021,Talke  Staffordshire
BV995682/1,Robert Bernard,Parker,15/10/1999,Guildford  Surrey
BV22510987/1,Susan,Parker,03/09/2024,Welwyn Garden City  Hertfordshire
BV990406/1,Violet Esther,Parker,04/01/1999,Swaffham  Norfolk
BV21721786/1,William,Parker,15/07/2017,Hackney  London E8
BV22201927/1,David,Parkes,07/06/2020,Daventry  Northamptonshire
BV21620868/1,Eveleen Patricia,Parkes,02/03/2016,Felixstowe  Suffolk
BV21108375/1,Colin Charles,Parkhouse,23/06/2011,Bristol
BV21306412/1,Raj,Parmar,11/05/2010,Sheffield  South Yorkshire
BV2010479/1,Bronislawa,Parol,20/05/2000,Shrewsbury  Shropshire
BV991046/1,Antony George,Parr,21/10/1998,Nottingham  Nottinghamshire
ESTA26#13001/1,Rita,Parr,12/02/2025,Huddersfield  West Yorkshire
BV2061054/1,Brenda,Parrish,25/11/2005,Winchcombe  Gloucestershire
BV2076697/1,Gertrude,Parrott,28/07/2006,New Cross  London SE14
BV22413045/1,Patricia,Parrott,07/09/2023,Camberley  Surrey
BV2058185/1,Frank Charles,Parry,08/08/1997,Rednall  Birmingham
BV2031642/1,Joseph Mervyn,Parry,06/02/2003,Penyfford  Flintshire
BV21100916/1,Mary,Parry,26/08/2010,Birmingham  West Midlands
BV22306007/1,Mark,Parsons,13/03/2023,Colchester  Essex
BV2025166/1,Anna,Parys,06/01/2002,Wrexham  Clwyd
BV2002608/1,Andreas Phylacte,Paschalis,10/09/1998,Lambeth London SE1
BV22501683/1,David John,Pass,30/11/2024,Poole  Dorset
BV22204905/1,Paul William,Pass,12/12/2021,Carshalton  Sutton
BV2099117/1,Ian Monty,Passmore,18/10/2008,Kilmington  Devon
BV22201161/1,Helene,Patchett,25/07/2020,Bradford  West Yorkshire
BV21421691/1,Arvind,Patel,23/04/2014,Hartlepool  County Durham
BV21100552/1,Kishore,Patel,17/02/2010,Islington  London N7
BV22207470/1,Mahendra Kumar,Patel,09/11/2021,Forest Gate  London E7
BV21422551/1,Manjulaben,Patel,02/01/2013,Southwark  London SE1
BV22011434/1,Nanubhai,Patel,22/04/2020,Stanmore  Middlesex
BV22007119/1,Prahladbhai,Patel,06/04/2020,Kensington  London W10
BV2067859/1,Gillian Maureen Orr,Paterson,29/06/2006,Enfield  Middlesex
BV21915957/1,Manoher,Pathare,14/05/2012,Camden  London NW3
BV2094420/1,William,Paton,28/03/2008,Lambeth  London SE1
BV22209494/1,Paul Alan,Patrick,28/10/2020,Ashford  Kent
BV2078116/1,Alan Raymond,Patterson,14/12/2005,Middlesborough  Cleveland
BV2053702/1,Ian,Patterson,21/04/2004,
BV21505867/1,Ashley,Paul,03/02/2015,Paddington  London  W2
BV994067/1,Margaret,Paul,10/02/1999,Whitechapel London E1
BV21902441/1,Margery,Paul,25/10/2005,Westcliff-on-Sea  Essex
BV22311600/1,Francis,Pawlowski,03/12/2022,Camden  London NW3
BV2062580/1,Stanislaw,Pawlowski,02/12/2003,Fulham London SW10
BV21602285/1,Dorothy,Payne,02/01/2016,Sutton  Surrey
BV22511528/1,Edmund,Payne,25/05/2023,Romford  Essex
BV21301650/1,Mary,Payne,14/10/2008,Todmorton  Lancs
BV993999/1,Stella Margaret,Payne,25/03/1999,Melton Mowbray Leicestershire
BV22421290/1,Maria Delores,Paz Carmine,17/09/2024,Hammersmith  London W6
BV2091109/1,Daniel James,Peacock,22/11/2008,Scunthorpe  North Lincolnshire
BV22014698/1,Geoffrey,Peacock,31/07/2020,Billingham  Co Durham
BV990938/1,Betty,Peake-Lloyd,28/10/1998,Shrewsbury Shropshire
BV21011025/1,Arthur John William,Pearce,02/09/2010,Epsom Surrey
BV975489/1,Arthur William,Pearce,11/06/1997,Southampton Hampshire
BV980949/1,Alan William,Pearman,06/12/1997,Southsea  Hampshire
ESTA26#15027/1,Geoffrey,Pearson,03/03/2017,Darlington  County Durham
BV2013129/1,Thomas Edward,Pearson,20/02/1998,West Drayton  Middlesex
BV22500044/1,Nana Darko,Peasah,05/04/2020,Ilford  Essex
BV22308715/1,Caterina,Pech,30/11/2017,Birmingham  Warwickshire
BV2091732/1,Edmund James,Peddie,04/01/2009,Coventry West Midlands
BV972602/1,Cimon,Pedorczenko,06/04/1997,Bedford  Bedfordshire
BV22503638/1,Elza Ruth,Pedroso,09/12/2024,Battersea  London SW11
BV22504715/1,David Russell Vaughan,Pemberton,27/02/2024,Macclesfield. Cheshire
BV21302027/1,Sheila,Penman,26/11/2012,Welwyn Garden City  Hertfordshire
BV2086574/1,Brian David,Penn,25/07/2008,Southwark  London SE1
ESTA26#12085/1,Susan,Pennington-Boardwell,13/08/2025,Melksham  Wiltshire
BV2064835/1,Peter,Peplow,22/07/2006,Southampton  Hampshire
BV21504362/1,Francoise,Peralta,29/04/2014,Southend-on-Sea  Essex
BV2036123/1,Mychajio,Perehinec,12/08/2003,
BV2010253/1,Waclaw,Perek,01/12/2000,Castlethorpe Milton Keynes
BV994912/1,Wladislaw,Pererk,16/09/1998,
BV20911710/1,Rose,Perez,03/12/2006,Hackney  London E9
BV2062979/1,George William,Perfect,04/03/2006,Kings Lynn  Norfolk
BV2013929/1,Lakhnir Singh,Perhar,26/06/2001,Peterborough  Cambridgeshire
BV983626/1,Gladys Charlotte,Perkins,08/12/1997,Warkton  Northampstonshire
BV22213310/1,Keith,Perkins,11/01/2022,Swansea  Glamorgan
BV22511003/1,Christopher,Perks,08/10/2023,Worcester  Worcestershire
BV21721524/1,Robert Michael,Perlhefter,06/03/2017,Barnstaple  Devon
BV2093271/1,Nada,Perovoenik,11/01/2009,London  NW8
BV2012806/1,Victoria,Perrin,11/05/2000,Kent
BV22420993/1,Andrew Donald,Perry,26/05/2023,Newcastle Upon Tyne  Northumberland
BV22111146/1,John David Roo,Perry-Mason,27/03/2020,Bury St.Edmunds  Suffolk
BV2098033/1,Harrilal,Persad,15/04/2009,Park Royal London NW10
BV21000382/1,Elizabeth,Peters,23/08/2001,Dolgellau  Gwynedd
BV22515916/1,Hugh,Peters,03/01/2024,London SE6
BV21208765/1,Anne,Petersen,12/03/2012,Lambeth  London SE5
BV22003992/1,Terence Phillip Dale,Peterson,22/07/2019,Bristol  North East Somerset
BV994218/1,Fedir,Petrenko,17/08/1999,Bicester  Oxfordshire
BV21905263/1,Peter,Petruczek,12/02/2019,Blyth  Northumberland  NE24
BV22400831/1,Garry Francis,Petters,14/05/2023,Leeds  West Yorkshire
BV21911851/1,Douglas George,Pettitt,04/12/2018,Colchester  Essex
BV995311/1,Anne,Phelan,31/07/1999,Camden London NW1
BV2065056/1,William Christopher,Phelan,20/10/2005,Saxmundham  Suffolk
BV22515963/1,John,Philips,10/11/2016,London SE5
BV21312833/1,George Herbert,Phillips,11/06/2012,Venice
BV991895/1,Jane,Phillips,10/01/1999,Balham  London  SW12
BV2042744/1,John,Phillips,21/04/2004,Llantrisant  Mid Glamorgan
BV21617124/1,Kenneth,Phillips,30/09/2016,Hendon  London NW4
BV2087326/1,Kenneth,Phillips,04/10/2008,Redhill  Surrey
BV950878/1,Maurice Thomas,Phillips,21/01/1995,Greenwich  London SE8
BV2051702/1,Neil,Phillips,10/08/2004,Canterbury Kent
BV22001244/1,Nichola Rachael,Phillips,23/04/2003,Kilburn  London NW2
BV2015070/1,Rose,Phillips,16/05/2001,Hampstead London NW3
BV22002819/1,William,Phillips,25/10/2011,Newham  London E13
BV2087449/1,William Jack,Phillips,18/01/2008,Hempstead London NW3
BV985701/1,Frederica,Phillis,10/03/1998,Haringey  London  N6
BV2015456/1,Joseph,Pickard,28/09/2001,Watford  Hertfordhsire
BV992299/1,Allan Harry Stephen,Pickering,19/01/1999,Plymouth  Devon
BV2081175/1,Marguerite,Pickles,25/01/2008,Wirral  Merseyside
BV22413684/1,Detlef Friedrich Adolf,Piepenbrink,05/07/2020,Smithfield  London EC1A
BV21010576/1,Gerard,Piercey,03/03/2007,Bingley West Yorkshire
BV2040445/1,Colin Robert,Piercy,07/01/2004,Bodelwyddan  Denbighshire
BV22108761/1,Demetrious,Pieris,04/10/2002,Bradford  West Yorkshire
BV21200205/1,Roland,Pierre-Louis,24/01/2004,London SW9
BV22406687/1,James,Pigott,07/03/2023,Taunton  Somerset
BV21812844/1,Brian Alexander,Pilbro,08/11/2017,Willesden  London NW10
BV22421418/1,Rajeswari,Pillai,10/04/2023,Westminster  London W2
BV21716181/1,Malaperumal Japamapham,Pillay,20/12/2016,Croydon  Surrey
BV2020075/1,Margaret,Pillinger,24/11/2001,Eastbourne East Sussex
BV2062249/1,Clifford,Pinder,10/03/2006,Paulton Bristol
BV980820/1,Joyce,Pinder,19/05/1997,Barnstaple Devon
BV21517702/1,Adrienne Ruth,Pinfold,01/04/2015,Fairford  Gloucestershire
ESTA26#12652/1,Lajos,Pinter,11/06/2024,Colney  Norfolk
BV22412978/1,Fernando,Pinto,26/09/2023,Normanton  Derbyshire
BV22106806/1,Regina,Pinto,10/04/2018,Westminster  London W2
BV21711844/1,Jack,Piper,20/05/2017,Selsey  West Sussex
BV992204/1,Salvatore,Pisani,03/06/1998,Upper Norwood London SE19
BV2054005/1,Michael John,Pitman-Jones,23/06/2004,Leicester  Leicestershire
BV2072121/1,Martin,Pitters,07/12/2006,Northampton  Northamptonshire
BV995521/1,Betty,Pleass,29/07/1999,Muswell Hill  London N10
BV2087632/1,Audrey Margaret,Plumb,28/06/2008,Sutton Coldfield  West Midlands
BV22510676/1,Simon David,Plumb,30/04/2025,Huddersfield  West Yorkshire
BV971254/1,Neede,Poder,15/12/1996,Cardiff
BV21805477/1,Jan,Podola,20/10/2016,Leeds  West Yorkshire
BV2034195/1,Wladyslaw,Polchlopek,23/04/2003,Cardiff
BV21700702/1,Winifred,Polek,31/12/2016,Haverfordwest  Pembrokeshire
BV21000663/1,Jeanette,Pollard,21/10/2009,Saltburn  Cleveland
BV21200075/1,Jan,Poniecki,24/11/2009,Stepney Green London E1
BV22016628/1,Derek,Ponsford,14/08/2020,North Finchley  London N12
BV2092970/1,David,Pont,06/05/2008,Palmers Green  London N13
BV2033066/1,Lydia,Ponti,03/12/2002,Harrow Wealdstone  Middlesex
BV2050299/1,Gordon,Ponting,17/12/2004,Leicester  Leicestershire
BV22309419/1,John,Poole,03/01/2022,Worcester  Worcestershire
BV2054020/1,Purghottam Vithaldas,Popat,11/11/2003,Banbury Oxfordshire
BV21906319/1,Kazimierz Roman,Porebski,25/05/2002,Bow  London E3
BV21907046/1,Dorothy,Porter,25/03/2017,Hanwell  London W7
ESTA25#3583/1,Elizabeth Beatrice Valerie,Porter,12/12/2013,Whitechapel  London E1
BV21306226/1,Betty,Potter,03/12/2005,Guildford  Surrey
BV21804882/1,Raymond,Potter,24/12/2017,Frome  Somerset
BV2065446/1,Adrian Warwick,Potts,10/06/2006,whitechapel  London E1
ESTA26#18817/1,Clive,Potts,26/05/2022,West Byfleet  Surrey
BV2005242/1,John,Potts,23/07/2000,Sunderland  Tyne & Wear
BV22508299/1,Richard Hugh,Potts,13/03/2025,Alnwick  Northumberland
BV22002178/1,James Anthony,Pounal,21/01/2008,Finsbury Park  London N7
BV21910640/1,David Robert,Powell,21/04/2019,Abergavenny  Gwent
BV21913271/1,William,Powell,03/05/2008,Edmonton  London N18
ESTA26#17331/1,Edward,Power,27/01/2026,Swansea  West Glamorgan
BV21302994/1,Margaret,Power,17/01/2013,Redhill  Surrey
BV2078738/1,Patrick,Power,17/06/2007,Lewishan London SE13
BV2044063/1,Violet,Powers,11/09/2003,Edmonton  London N18
BV22002651/1,Margaret,Poyton,01/11/2014,Lambeth  London SE11
BV22507265/1,Julie,Prado,11/03/2025,Park Royal  London NW10
BV21821107/1,Amarnath,Pramanick,08/07/2018,Grove Park  London SE12
BV22408228/1,David Anthony,Pratchett,06/02/2024,Isle of Wight  Hampshire
BV22107995/1,Stephen Michael,Pratley,07/06/2021,Stroud  Gloucestershire
BV21516799/1,Martin Charles,Pratt,29/01/2015,Eastbourne  East Sussex
BV21720563/1,Nicholas,Pratt,02/10/2017,Stockton on Tees  County Durham
BV2063977/1,Margaret Kathleen,Preece,17/04/2006,St. Leonards on Sea East Sussex
BV22301594/1,Andra Hennadige,Premadasa,07/01/2023,Westminster  London SW1P
BV21516175/1,Beryl,Prentice,12/04/2015,North Walsham  Norfolk
BV2052078/1,Mary,Prentice,09/02/1999,Wembley  Middlesex
BV21012115/1,Muriel,Prentice,03/04/2010,Paignton  Devon
BV22207431/1,Richard,Prentiss,14/02/2022,Whitechapel  London E1
BV21403955/1,Michael Elvin,Presley,16/05/2013,Ryde  Isle of Wight
BV21705004/1,Thomas William,Prestage,23/03/2016,Tooting  London  SW17
BV21916691/1,John David,Preston,16/06/2019,Deal  Kent
BV21604884/1,Smilya,Preston,03/06/2013,Slough  Berkshire
ESTA26#4185/1,David Lionel,Price,21/06/2025,Nelson  Gwent
BV2021056/1,Edward,Price,15/01/2002,Stockport  Cheshire
BV983615/1,Eva Sylvia Barnett,Price,19/06/1998,Birkenhead  Wirral
BV2000817/1,Evelyn Sibyl Mary,Price,19/02/1997,Carshalton  Surrey
BV22507771/1,Francine Nancy,Price,12/06/2022,New Milton  Hampshire
BV21517645/1,George,Price,24/06/2014,Birmingham  West Midlands
BV21607798/1,Monica Jane,Price,10/03/2016,Bishop Auckland  County Durham
BV22215121/1,Stephen Anthony,Price,04/08/2022,Abergavenny  Gwent
BV21517835/1,Freda,Priestley,01/08/2015,Bradford  West Yorkshire
BV21508087/1,William,Primrose,17/12/2014,Lewisham  London  SE13
BV21420476/1,William,Prince,04/09/2014,Hove  Brighton & Hove
BV2031953/1,Morag,Pringle-Hume,14/01/2003,Kingston Upon Thames
BV21605538/1,Janos,Prinze,05/08/2014,Botcheston  Leicestershire
BV974100/1,Arthur Francis,Pritchard,08/07/1997,Cheltenham Gloucstershire
BV972703/1,Hryhorij,Prokopiw,06/02/1997,Yorkshire
BV992115/1,Joseph,Pronczuk,05/03/1999,Crewe Cheshire
BV2090600/1,Maria,Proskurnia,31/12/2008,Sutton in Ashfield  Nottinghamshire
BV22214774/1,Caroline,Prospere,28/10/2021,Rotherhithe  London SE16
BV2075325/1,Brian,Prowse,11/06/2007,Torquay  Devon
BV2077779/1,Adele,Pryce,25/07/2007,Southall  Middlesex
BV21307949/1,Shirley,Pryce,16/12/2012,Macclesfield  Cheshire
BV21913153/1,Rosemarie,Pugh,14/02/2018,St Leonards on Sea  East Sussex
ESTA26#10558/1,Maureen Joan,Pullen,21/02/2026,Selsey  Sussex
BV2062578/1,Phillip Michael,Pulley,10/03/2006,Norwich Norfolk
BV2048484/1,Alfreds,Purins,29/11/1999,Bedford Bedfordshire
BV2013412/1,Leslie John,Putt,09/07/2001,Harrogate  North Yorkshire
BV21504355/1,Vladimir,Pyankov,06/03/2011,Ilford  Essex
BV21105168/1,Georgina,Pyne,09/03/2004,Dagenham  Essex
BV975653/1,Wassil,Pytryszyn,02/09/1997,Wolverhampton
BV22507775/1,Ella Elizabeth,Quarrell,07/11/2024,Birmingham  Warwickshire
BV22006495/1,Terry,Quasem,02/01/2020,Kensington and Chelsea  London SW10
ESTA26#15017/1,Elfyn H,Quennell,25/11/2024,Bala  Gwynedd
BV21307880/1,Janet,Quinn,20/04/2007,Lambeth  London SE1
BV2094926/1,Martin Anthony,Quinn,23/01/2006,Harefield  Hillingdon
BV994534/1,Mary,Quinn,06/05/1999,Ealing  London  W5
BV2001302/1,Michael,Quinn,01/01/2000,Frampton Mansell  Gloucestershire
BV2013134/1,Michael Stephen,Quinn,13/05/2000,Lambeth London SE1
BV971634/1,Robert,Quinn,17/12/1996,Reading  Berkshire
BV21014523/1,Thomas,Quinn,02/11/2010,Watford  Herts
BV22420694/1,Nicholas,Quish,23/01/2024,Basildon  Essex
BV2031950/1,Mohammed Abdi,Quorshill,20/10/2002,Butetown Cardiff
BV21503843/1,Wolfgang,Raasch,18/12/2010,Westminster  London
BV22006391/1,Teresa,Rabelli,02/02/1988,Finchley  London N3
BV2064329/1,Nicholas,Rabinchuk,21/03/2006,Wolverhampton  West Midlands
BV21015107/1,Jacob,Rabinowicz,04/10/2010,Enfield  London  N21
ESTA25#1136/1,Simon Nicholas,Rabone,31/03/2025,Camden  London WC1N
BV21421617/1,Jan,Rac,14/10/2009,Paddington  London W2
BV21318460/1,Abdul,Rackman,16/02/2011,Birmingham  West Midlands
BV2014788/1,D,Radcliffe,22/08/1999,New Cross London SE14
ESTA26#13014/1,Megan Serah,Radclyffe,04/09/2024,Bermondsey  London SE16
BV2047049/1,Joseph,Radomski,26/08/2004,Park Royal  London NW10
BV2033644/1,Zarco,Radosaljevic,21/08/2002,Westbury  Wiltshire
BV21512340/1,Edvaudas,Radzevicius,18/08/2008,Bradford  West Yorkshire
BV2072785/1,John,Rafferty,15/07/2006,Canterbury  Kent
BV21302906/1,Martin,Rafferty,22/12/2007,Camberwell London SE5
BV22201323/1,Kamelia George,Raffo,20/11/2016,Brent  Middlesex
BV2092060/1,Eunice Sakina,Rafie,27/03/2007,Isleworth Middlesex
BV2075870/1,Rampersad,Ragbir,14/02/2007,Hendon London  NW4
BV2080452/1,Brij Bhushan,Ragunandan,01/07/2007,Acton London W12
ESTA25#3568/1,Nripendra Nath,Raha,20/01/2009,Camden  London NW3
BV2010756/1,Hatem Mohamed,Rahem,27/01/2001,Gainsborough Lincolnshire
BV2086610/1,Omar Abdul,Rahman,02/12/2007,Bow London E3
BV21210406/1,Nirmal Singh,Rait,25/04/2009,London
BV22001085/1,James,Rajput,04/01/2006,Eastbourne
BV9704233/1,Antoni John,Rakowski,07/07/1997,Dover  Kent
BV21316189/1,Colin,Ralph,26/06/2011,Stockport  Cheshire
BV21011160/1,Paul Arthur,Ralph,12/03/2006,Southwark  London SE15
BV2070530/1,Steven,Ralph,06/07/2006,Hounslow  Middlesex
BV22416709/1,Bridget Mary,Ramage,30/12/2023,Braintree  Essex
BV2065998/1,Hasib,Ramic,24/08/2006,Stevenage  Hertfordshire
ESTA26#12992/1,David,Ramsden,22/02/2024,Harrogate  North Yorkshire
BV2031110/1,Janis,Rancans,20/08/2002,Shropshire West Midlands
BV22404352/1,Colin John,Rance,11/01/2023,Edmonton  London N18
ESTA25#1649/1,Derek John,Randall,26/05/2025,Bournemouth  Hampshire
BV21113764/1,Samuel Leeroyd Alexander,Randolph,18/09/2010,Shepton Mallett  Somerset
BV992466/1,Senud,Ranganatta,29/01/1999,Horley  Surrey
BV2012566/1,Akbar,Rashid,22/01/2001,Harrow  Middlesex
BV2043888/1,Salima,Rashid,06/06/2003,Enfield  Middlesex
BV21304062/1,Bruno,Raslanas,20/12/1999,Middlesbrough
BV2010363/1,Kenneth Redfern,Rasmussen,13/01/2001,Kettering  Northamptonshire
BV2003122/1,Jaan,Raudsepp,15/03/1998,Leeds  West Yorkshire
BV21212678/1,Ann,Raven,07/07/2012,Lancing  West Sussex
BV2013649/1,Hugh,Ravenau,31/07/2001,Cardiff  South Glamorgan
BV22004140/1,Peter James,Rawle,13/01/2020,Reading  Berkshire
ESTA26#4410/1,Alison,Ray,18/02/2025,Scarborough  North Yorkshire
BV21303596/1,Reginald James,Ray,22/05/2011,St Ives  Cambridgeshire
BV21213609/1,Frederick,Raymond,15/02/2010,Willesden   London NW2
BV21716254/1,Gethin Melbourne Christopher,Raymond,18/06/2014,Haverfordwest  Pembrokeshire
ESTA26#10483/1,Elizabeth Mary,Rayner,04/12/2025,Colchester  Essex
BV993005/1,Mohammad,Razaullah,12/12/1998,Willesden London NW10
BV21009679/1,Margo,Reader,03/02/2010,Romford Essex
BV2092413/1,John,Reading,13/01/2009,Southend-on-Sea  Essex
BV2034381/1,Frank,Readyhough,26/02/2003,Berkshire
BV2035890/1,Jacob,Reck,25/05/2003,London NW1
BV22317609/1,Claire Patricia Jeanette,Reckling,21/01/2023,Bournemouth  Dorset
BV985681/1,Jean Albert,Recordon,10/07/1998,Kensington  London W10
BV22514401/1,Graham,Redding,16/06/2025,Waterlooville  Hampshire
BV2085114/1,Kathleen,Redfern,20/12/2007,Nuneaton  Warwickshire
BV21406171/1,Phyllis,Redfern,15/01/2014,Goring-by-Sea  West Sussex
BV22502630/1,Esther,Redman,29/05/2023,Camberley  Surrey
BV990459/1,Arthur,Redmond,07/06/1998,Exmouth  Devon
BV22213556/1,Rosemary,Reece,01/12/2019,Westminster  London SW1P
BV22114399/1,David,Reed,19/07/2021,Elstree  Hertfordshire
BV2054285/1,Fay Maureen,Reed,27/04/2005,Newport  Gwent
BV991070/1,Helen Teresa,Reed,27/11/1998,
BV21409355/1,Margaret Joyce,Reed,09/06/2007,Langley  Slough
BV2073090/1,Peter,Reed,03/03/2005,Carshalton  Surrey
BV22101756/1,Clifford Ian,Rees,18/01/2020,Sydenham  London SE26
BV21208096/1,Michael John,Rees,20/04/2012,Chadwell Heath  Essex
BV21902039/1,Alan Charles,Reeve,27/12/2014,Hampshire  Locks Heath  Fareham  SO31
BV2072533/1,Frank,Reeve,07/02/2007,Bury St Edmunds  Suffolk
BV2037513/1,Jane Betrice,Reeve,27/12/2002,Bury St Edmunds  Suffolk
BV21418513/1,Christopher Robin,Reeves,26/06/2014,Enfield London N21
ESTA26#4429/1,Sylvia Ann,Reeves,14/12/2024,Ellesmere  Shropshire
BV21809420/1,Thomas Joseph,Reeves,12/03/2017,Reading  Berkshire 
BV2064605/1,Anthony,Regan,16/05/2006,Lewisham  London SE13
BV975159/1,Frank,Regan,13/06/1997,Abergele  Conwy
BV22313815/1,Kevin,Regan,07/07/2023,Hillingdon  Uxbridge UB8
BV22515960/1,Ameer Adam,Rehman,09/07/2023,Nottingham  Nottinghamshire
BV21009347/1,Adolphus,Reid,14/07/2010,Upper Holloway  London N19
BV21301655/1,Alexander,Reid,28/11/2012,Emsworth  Hampshire
BV21315064/1,Caroline,Reid,13/04/2013,Runcorn Cheshire
BV981784/1,Leonard Bernard,Reid,31/01/1998,Bristol  Avon
BV22110854/1,Patrick,Reid,29/03/2016,Nottingham  Nottinghamshire
ESTA26#14920/1,Ian Mark,Reilly,01/04/2026,Hammersmith  London W6
BV21919448/1,John,Reilly,05/05/2018,Cardiff  South Glamorgan
BV22204224/1,John David,Reilly,08/08/2021,New Cross  London SE14
BV21608398/1,Terrance,Reilly,24/11/2014,Ealing  London W5
BV21102168/1,Kurt,Reimann,08/02/2011,Kingholme  Gloucestershire
BV21317237/1,Anna,Renaut,16/07/2013,Camden  London NW1
BV2098180/1,Irene,Rench,21/07/2009,Shepshed  Leicestershire
BV2010316/1,Karl,Rennert,11/01/2001,Brighton  East Sussex
BV21012747/1,Michael John,Rennie,05/06/2010,Salisbury  Wiltshire
BV21704036/1,Bryan Eric,Restell,25/11/2016,Chelsea  London SW10
BV22507709/1,Georgina,Reynolds,11/09/2022,Birmingham  West Midlands
BV21704412/1,Gertrude,Reynolds,21/09/2006,Swindon  Wiltshire
BV21308314/1,Jean,Reynolds,17/03/2013,Lambeth  London SE1
BV22201130/1,Vincent George,Reynolds,06/09/2021,Westminster  London NW8
BV990535/1,Ali,Reza,08/07/1997,Southwark  London  SE17
BV21513257/1,Bettina Mary,Rhodes,08/08/2014,Saltdean  Brighton and Hove
BV21315104/1,Denis,Rhodes,10/01/2011,Leeds  West Yorkshire
BV2054569/1,Richard,Rhodes,02/04/2004,Isleworth  Middlesex
BV22311364/1,Albertina Pereira,Ribeiro,20/02/2023,Hastings. Sussex
BV22000080/1,Joseph,Ribir,03/02/2006,Kingston Upon Hull
BV2057116/1,Reginald,Riccalton,23/11/2003,
BV2085201/1,John,Rice,01/07/2007,Birmingham  West Midlands
BV2020785/1,Barnard Hampton Rolinson,Richards,05/02/2002,Dudley  West Midlands
ESTA26#4822/1,Gordon Jeffrey,Richards,15/02/2025,Willenhall  Staffordshire
ESTA25#4384/1,James Harold,Richards,20/06/2017,Bournemouth  Dorset
BV2056587/1,John Frederick,Richards,29/06/2005,Mexborough  South Yorkshire
BV21112125/1,Kevin,Richards,30/12/2007,Islington  London
BV2035886/1,Peter John,Richards,13/08/2003,Walworth  London SE17
BV21918865/1,William George,Richards,06/07/2010,Lewisham  London SE13
BV2021018/1,Edward,Richardson,12/11/2001,Huddersfield  West Yorlshire
BV2044261/1,Ernest,Richardson,27/06/2002,
ESTA26#17470/1,Florence,Richardson,10/07/2004,Nottingham  Nottinghamshire
BV2000626/1,Kenneth George,Richardson,27/11/1999,Westminster  London SW1
ESTA26#17468/1,Lucille,Richardson,13/08/2007,Nottingham  Nottinghamshire
BV22503669/1,Michael,Richardson,15/08/2024,Camden  London NW5
BV21611784/1,Patricia,Richardson,27/07/2015,Exeter  Devon
BV2065326/1,Sandra Ilcilda,Richardson,20/09/2005,Holloway  London N7
BV21306940/1,Stanya Wanda,Richardson,30/09/2000,Gateshead  Tyne & Wear
BV2083210/1,Terence,Richardson,17/01/2008,Northampton  Northamptonshire
BV2011153/1,Eve,Richbelle,13/01/2001,Frimley  Surrey
BV21205474/1,Maureen,Richold,07/06/2011,Hartshead  West Yorkshire
BV21110050/1,David Richard,Rickard,06/07/2011,Torquay  Devon
BV21110413/1,Cecilia,Ricketts,15/10/2010,Hackney  London E9
BV21315762/1,Louise Viola,Ricketts,19/01/2010,Camberwell  London  SE5
ESTA26#17319/1,John Charles,Ricouard,06/06/2026,Grimsby  Lincolnshire
BV2055087/1,David John,Rider,03/05/2005,Hove  East Sussex
BV971104/1,Ernest Evan,Rigby,08/02/1997,Gloucester  Gloucestershire
BV21104545/1,John,Rigby,02/10/2010,London NW1
BV2040840/1,George Arthur,Rigg,25/12/2003,Bognor Regis  West Sussex
BV2058229/1,Hilda,Riley,12/02/2005,Highgate Hill  London N19
BV2087781/1,Martin John,Riley,13/04/2008,Holborn  London WC2
BV21616511/1,Peter,Riley,11/10/2015,Clapham  London SW4
BV21401952/1,Paul Edgar,Rimsha,26/01/2014,Wakefield  West Yorkshire
BV984825/1,Amelia Lilian,Rissone,23/08/1998,Camden  London NW1
BV2063680/1,Gladys,Rivers,14/04/2006,Grays  Essex
BV21509357/1,Keki,Rivetna,23/12/2010,Camden  London NW3
BV21400166/1,Dion Shelly,Rix,08/08/2011,Aylesford Kent
BV2062068/1,Miella Helen,Roach,03/01/2006,Newton Abbot  Devon
BV22106736/1,Sally Ann,Roach,13/07/2014,Lambeth  London SW2
BV2071512/1,Michael Joseph,Roads,04/02/2007,Welling  Kent
BV2056267/1,Winifred Emily,Roarty,08/07/2002,Chelmsford  Essex
BV22514027/1,Alan Paul,Robbens,30/11/2024,Watford  Hertfordshire
BV21106941/1,John,Robert,26/11/2010,Ashton-under-Lyne  Greater Manchester
BV21720947/1,Earl James,Roberts,07/01/2017,Lambeth  London SE1
BV2000864/1,Ethel May,Roberts,07/10/1999,Salisbury  Wiltshire
BV981996/1,Frank,Roberts,08/02/1998,Highgate  London N6
BV2085115/1,Gwilym Meurig,Roberts,20/03/2005,Bangor  Gwynedd
BV2056608/1,Hilary,Roberts,23/05/2005,Northfleet  Kent
BV972349/1,Jane Mary,Roberts,14/09/1997,Lower Wick  Worcester
BV951218/1,John David,Roberts,26/02/1995,Camden  London NW1
BV21612841/1,John Mark,Roberts,09/04/2016,Chester  Cheshire
BV22210381/1,Malcolm George,Roberts,11/06/2022,Rhyl  Clwyd
BV21514421/1,May,Roberts,19/09/2014,Abergele  Conwy
BV2025938/1,Orville George,Roberts,03/02/1998,Birmingham  West Midlands
BV2080448/1,Patricia,Roberts,05/11/2007,Paddington  London W2
BV22004258/1,Charles,Robertson,02/02/1999,Southampton  Hampshire
BV965852/1,Robert,Robertson,15/09/1996,Derby  Derbyshire
BV994333/1,Robert,Robertson,22/08/1999,Sandhurst  Berkshire
BV21517324/1,Terence,Robertson,20/07/2015,Croydon  London CR0
BV21702589/1,Elizabeth,Robertson-Grant,03/01/2017,Maidstone  Kent
ESTA26#18643/1,Alan,Robinson,09/03/2004,Nottingham  Nottinghamshire
BV971107/1,Charlotte,Robinson,13/10/1996,Bournemouth  Dorset
BV22103155/1,David Paul,Robinson,28/09/2020,Newcastle-upon-Tyne  Tyne and Wear
BV21807029/1,Dennis,Robinson,16/03/2018,Doncaster  Yorkshire
BV2063586/1,Erna Freda,Robinson,17/07/2004,Chester le Street  Co. Durham
BV21812259/1,Graham,Robinson,03/07/2018,Waterlooville  Hampshire
BV2078988/1,Ivan Granville,Robinson,16/09/2007,Camden  London NW1
BV2083720/1,John Kaye,Robinson,01/03/2007,Dewsbury  West Yorkshire
BV2000733/1,Kenneth,Robinson,28/10/1999,
BV22014425/1,Linda Anne,Robinson,17/08/2019,South Hornchurch   Essex
BV21410619/1,Michael,Robinson,22/09/2013,Maida Vale  London  W9
BV21108066/1,Paula,Robinson,26/01/2011,Wrexham  Flintshire
ESTA25#3090/1,Sheila Joyce,Robinson,11/12/2023,Bradford  West Yorkshire
BV21514469/1,Steven,Robinson,22/04/2015,Camden London NW1
BV990464/1,Vera,Robinson,27/01/1999,Bognor Regis  West Sussex
BV2054454/1,Violet,Robinson,12/09/1997,Peterborough  Cambridgeshire
BV992644/1,Kathleen,Robiquet,26/01/1999,Bognor Regis  West Sussex
ESTA26#17317/1,Leslie,Robson,06/07/2026,Grimsby  Lincolnshire
BV21301403/1,Robert,Robson,23/10/2012,North Shields  Tyne & Wear
BV22507255/1,Ronald,Robson,11/01/2020,Sunderland  County Durham
BV21306607/1,William Welsh,Robson,26/07/2012,Lambeth  London SE1
ESTA26#13201/1,Ella Paris,Robynson,05/04/2026,Cardiff  South Glamorgan
BV22004074/1,Mary,Roche,23/10/2019,Stowmarket  Suffolk
BV2087451/1,Thomas,Roche,24/10/2007,Scunthorpe  North Lincolnshire
BV2047829/1,John,Rodgers,04/09/2004,
BV21212270/1,Antonio Rodrigues D'Almmeida,Rodrigues,01/04/2011,Paddington  London  W2
BV22111831/1,Joaquin,Rodrigues,09/11/2020,Worthing  West Sussex
BV21101921/1,Orneseimo Rodrueo,Rodriguez,21/01/2011,March  Cambridgeshire
BV21617638/1,Ramone,Rodriguez,12/08/2016,Sutton  Surrey
BV22201368/1,Jose Luis,Rodriguez Gomez,11/04/2020,Southall  Middlesex
BV22002214/1,Jose,Rodriguez Naranjo,22/03/2004,Redhill  Surrey
BV2005755/1,Noel George,Rodriques,27/08/2000,Cardiff
BV21003056/1,Rita Marie,Rodulfo,04/02/2010,Hammersmith  London W12
BV2095625/1,Bogdan,Rodziewicz,25/09/2004,Hackney  London E9
BV21616911/1,Patrick,Roe,22/03/2016,Surbition  Surrey
BV21703936/1,Joseph,Rogers,27/01/2010,Hull  East  Yorkshire
BV993024/1,Mary Eva,Rogers,24/05/1999,Hove  East Sussex
BV22306564/1,Ronald Adam Paul,Rogers,02/11/2021,Watford  Hertfordshire
BV22420622/1,Stephen Christopher,Rogers,03/12/2023,Ilford  Essex
ESTA26#14379/1,Timothy Brian,Rogers,06/09/2025,Wincanton  Somerset
BV2066079/1,Mieczyslaw Franciszek,Rogowski,18/08/2006,Farnham  Surrey
BV22317162/1,Mary,Roland,20/05/2023,Ashford  Kent
BV9901834/1,Edward,Rolanski,04/11/1998,Dewsbury  West Yorkshire
BV22312353/1,Barry Roy,Rollett,13/06/2023,Sheffield  South Yorkshire
BV21803725/1,David William,Rolls,19/11/2017,Portsmouth  Hampshire
BV2065502/1,Iwan,Romaniw,10/07/2006,Swansea
BV22006643/1,Michael John,Romer,11/04/2019,St John's Wood  London NW8
BV21604925/1,Tito Hernandez,Romero,26/05/2015,Hove  East Sussex
BV22117700/1,Fausto,Ronchi,28/07/2020,Gravesend  Kent
BV984159/1,Audrey,Ronksley,03/07/1998,Sheffield  South Yorkshire
BV2043922/1,Peter Wharton,Rooke,28/01/2004,Barnoldswick  Lancashire
BV2001978/1,Joe,Rooney,19/10/1999,Leeds  West Yorkshire
BV22510858/1,Maureen,Rooney,01/07/2023,Leytonstone  London E11
BV22305747/1,Leon Sean,Roper,27/04/2021,Merthyr Tydfil  Mid Glamorgan
BV985496/1,Betty,Rose,16/07/1998,Southall  Middlesex
BV975533/1,Harold,Rose,21/08/1997,Southall  Middlesex
BV971838/1,Philip,Rose,10/02/1997,Kensal Town  London W10
ESTA26#4111/1,Theresa Mary,Rose,26/11/2025,Barnstaple  Devon
BV2035603/1,Ebrahim,Roshan,22/11/1999,Paddington  London W2
BV2025294/1,Stefan,Rosickyj,22/09/2002,Banbury  Oxfordshire
BV21505246/1,Irene,Ross,07/11/2014,Clapham  London SW4
BV2092720/1,Joe,Ross,16/10/2001,London SW9
BV22211881/1,Mary,Ross,24/03/2022,Peterlee  County Durham
BV22019165/1,William David,Ross,19/05/2020,Hammersmith  London W12
BV2003665/1,Muhidin,Rossim,10/04/2000,Upper Holloway  London N19
BV22013366/1,Alan,Roth,09/08/2016,Harrow  Middlesex
BV21900534/1,Fredricka,Roth,20/12/2005,Plaistow  Newham  London  E13
BV22016497/1,James,Rowan,08/04/2020,Swanage  Dorset
BV2082276/1,Margaret,Rowbottom,04/09/2007,Bradford  West Yorkshire
BV22420357/1,David Norman,Rowland,12/09/2024,Seaham  County Durham
BV21813070/1,Doreen,Rowland,13/05/2017,Manor Park  London E12
BV22105811/1,Jane,Rowland,31/07/2020,Camden  London NW1
BV22510672/1,John Parry,Rowlands,15/02/2025,Llantrisant  Mid Glamorgan
BV2056944/1,Frances Kathleen,Rowley,16/04/2003,Wrexham
BV21104425/1,Maria Magdalena,Rowntree,24/02/2011,North Shields  North Tyneside
ESTA26#10377/1,Christina Ann,Royall,16/12/2025,Colchester  Essex
BV2054699/1,Arthur,Royce,24/12/2004,Streatham  London SW16
BV971527/1,Joan,Royle,28/11/1996,
BV2032068/1,Jan,Rozalski,12/12/2001,Brigg  North Lincolnshire
BV2015201/1,Josephine Canletta,Ruaux,01/04/2001,Soho  London  W1
BV22100274/1,Joseph Peter,Rudd,12/01/2020,Harrow  Middlesex
BV2093966/1,James,Rudge,18/01/2009,Bristol
BV2057531/1,Wladyslaw,Rudkowski,30/04/2002,Southall  Middlesex
BV22105822/1,Conception Garcia,Ruiz,19/09/2019,Tooting Bec  London SW16
BV2034369/1,Alain,Rumichbran,24/05/2003,Rowley Regis  West Midlands
BV2023762/1,Francis Raymond,Rumph,17/08/2001,Lambeth  London SE1
BV22016874/1,Cyril John,Russell,25/01/2020,Eastbourne  East Sussex
BV2012515/1,Maurice,Russell,06/07/1999,Portsmouth  Hampshire
BV21302165/1,Patrick Joseph,Russell,21/01/2012,Islington  London N19
BV2064334/1,Frederick Andrew,Rustigini,18/04/2006,Purley  Surrey
BV22415388/1,Zbigniew,Ruszel,23/05/2023,Northampton  Northamptonshire
BV22302781/1,John,Ruth,14/09/2022,Stevenage  Hertfordshire
BV22004636/1,Angela Haldane,Ruthven,04/10/2019,Worcester  Worcestershire
BV22315551/1,Regina,Rutkauskas,03/08/2023,Bradford  West Yorkshire
BV22421285/1,Robert,Ryall,22/10/2022,Ashford  Kent
BV21211165/1,Annie,Ryan,03/11/2007,Plaistow  London E13
BV2033645/1,Catherine,Ryan,18/04/2002,Salisbury  Wiltshire
BV21807853/1,David,Ryan,06/09/2017,Deptford  London SE8
BV2073267/1,Francis,Ryan,26/12/2006,Coventry  West Midlands
BV2005716/1,Jane Elizabeth,Ryan,12/08/1997,Birmingham  West Midlands
BV21714009/1,John,Ryan,01/02/2016,Westminster  London  SW1V
BV983814/1,John,Ryan,24/08/1998,Birmingham  West Midlands
BV20910413/1,Joseph,Ryan,29/06/2009,Clapham  London SW4
BV2004426/1,Joseph Stanislaus,Ryan,13/06/2000,Great Yarmouth  Norfolk
BV21407019/1,Kathleen,Ryan,14/12/2013,Southwark  London  SE1
BV2046629/1,Marie Catherine,Ryan,27/12/2003,Hanham  South Gloucestershire
BV2012517/1,Mary Magdalene,Ryan,19/02/2001,Kilburn  London NW6
BV22002696/1,Michael,Ryan,09/12/2014,Birmingham  West Midlands
BV2012120/1,Michael,Ryan,17/01/2001,Southfleet  Kent
BV21301289/1,Michael,Ryan,10/01/2013,Burton-upon-Trent  Staffs
BV21204863/1,Michael,Ryan,15/09/2011,Camberwell  London SE5
BV970611/1,Patrick,Ryan,12/11/1996,Clacton On Sea  Essex
BV21014067/1,Peter John,Ryan,01/09/2010,Hanwell  London W7
BV993155/1,Ronald,Ryan,25/09/1998,Epsom  Surrey
BV22006024/1,Sean,Ryan,18/02/1999,Eastbourne  East Sussex
BV2041129/1,John Jeszary,Rybacki,02/01/2004,Boston  Lincolnshire
BV2033169/1,Philip Francis Cook,Ryde,28/04/2003,Waterlooville  Hampshire
BV21402463/1,Alvis Sheila,Ryder-Brittain,15/01/2014,New Southgate  London N11
ESTA26#10655/1,Thomas,Ryley,26/02/2026,Grimsby  Lincolnshire
BV21612744/1,Nasser,Saberi,13/06/2016,Walsall  West Midlands
BV21401244/1,Alfonse,Sabisch,27/11/2013,Aldershot  Hampshire
BV2059496/1,Alfonse,Sabuk,11/09/2005,Worthing  West Sussex
BV21720573/1,Savas,Sacoularides,06/09/2017,Edmonton  London N18
BV21101764/1,Abdul Wah,Saddat,11/08/2009,Kenton  Harrow
BV21808842/1,Ahmed,Sadiq,31/07/2017,Southall  Middlesex
BV21916301/1,Sarfraz Hoffman,Sadiq,05/01/2015,Plumstead  London SE18
BV21915445/1,Barry,Sadler,06/08/2019,Bingley  West Yorkshire
BV21005192/1,Christine Grace,Sadler,10/04/2010,Bedford  Bedfordshire
BV22506210/1,Maimoon,Saib,26/05/2023,Enfield  Middlesex
BV2063698/1,Alice May,Sailes,01/03/2006,Ashford  Kent
BV21211158/1,Mohammed,Saiyed,05/04/2012,Whitechapel  London E1
BV21102460/1,Demitro,Sajko,08/11/2004,Barnsley  South Yorkshire
BV2030001/1,Fadilah Marcelle,Salman,29/11/2002,Teddington  Middlesex
BV22212454/1,Majdi Mohammad Saeed Husain,Salman,28/06/2021,Gloucester  Gloucestershire
BV21115498/1,Eugenie Daniela,Salmin,12/05/2010,
BV2001828/1,Anna,Salter,12/11/1999,Westbourne Green  London W11
BV2059855/1,Carlo,Salussoglia,11/11/2005,Torquay  Devon
BV22514573/1,Resham Singh,Sambi,16/08/2024,Leeds  West Yorkshire
BV2004829/1,Michael,Sambor,07/08/2000,Clapham  London SW4
BV21302926/1,Maxima Hontamin,Sampedro,28/01/2013,Chelsea  London SW3
BV21909989/1,Satpal,Samra,15/09/2017,Hayes  Middlesex
BV21109271/1,Kerminth,Samuda,04/02/2011,Edmonton  London N18
BV21006634/1,Elmenia Constantia,Samuel,26/10/2009,Leeds  West Yorkshire
BV21100797/1,Joshua,Samuels,21/11/2009,Wolverhampton  West Midlands
BV984037/1,Rachel,Samuels,31/05/1998,London N4
BV21011049/1,Kenneth Charles,Samway,15/03/2010,Taunton  Somerset
BV2086000/1,Dolores Josefa,Sanchez,23/08/2007,Battersea  London SW11
BV22201645/1,Sagrario,Sanchez,05/01/2017,Kensington  London SW7
BV21401626/1,Margarita Annelise,Sander-Long,12/05/2013,Bangor  Gwynedd
BV970572/1,Francis,Sanders,15/11/1996,Battersea  London SW11
BV21206753/1,Peter John,Sanders,17/04/2012,Anglesey  Gwunedd
BV2085790/1,Richard,Sanders,02/06/2008,Epsom  Surrey
BV21506068/1,Catherine Honor,Sanderson,19/03/2015,Spalding  Lincolnshire
BV2092773/1,Peter,Sanderson,01/10/2008,Walworth  London SE17
BV21814324/1,Raymond,Sanderson,12/06/2018,Withernsea  East Yorkshire
BV2011155/1,Rachel,Sandrovitch,05/04/2000,Balham  London SW12
BV21904043/1,Celesco Eterno,Sanima,13/10/2018,Romford  Essex
BV2088089/1,Joaquin Guerrero,Sanjuan,18/06/2006,Sydenham  London SE26
BV21710123/1,Diana,Sanni,22/04/2017,Reading  Berkshire
BV21912483/1,Dina,Santana,20/02/2017,Camberwell  London SE5
BV2003144/1,Henrique,Santos,13/06/2000,Cardiff  Glamorgan
BV21003163/1,Lacshman,Saravanamuttu,18/11/2009,Cricklewood  London NW2
BV2064923/1,Razzab Ali,Sarder,04/01/2006,Walworth  London SE17
BV21505229/1,Walter,Sardi,30/11/2008,Westminster  London NW8
BV22508275/1,Barry Edmund,Sargeant,05/01/2025,East Grinstead  Sussex
BV2032772/1,Dorothy,Sargent,03/04/2003,Tooting  London SW17
BV21809417/1,David Michael,Sarkies,04/05/2018,Hastings  East Sussex
BV2053800/1,Janina,Sarnowski,19/12/2004,Wembley  Middlesex
BV21317597/1,Paul,Sass,19/09/2013,Birmingham  West Midlands
BV2058321/1,Lajos Louis,Satmari,08/02/2005,Tamworth  Staffordshire
BV2054892/1,Helen,Saunders,23/05/2005,Clapham  London SW4
BV21106133/1,Nelson Daniel,Saunders,25/09/2010,Ealing  London W5
BV22423608/1,Richard John,Saunders,22/05/2020,Miton Keynes  Buckinghamshire
BV984817/1,William Henry,Saunders,15/08/1997,Hounslow  Middlesex
BV2053691/1,Derek Roy,Savage,04/02/2005,Goodmayes  Essex
BV2062314/1,Frank,Savage,03/12/2005,Birmingham  West Midlands
BV22213448/1,Janice,Savage,17/11/2021,Bristol  Gloucestershire
ESTA26#10677/1,Evdokia,Savani,22/01/2026,Denmark Hill  London SE5
BV21202431/1,Angela,Saviano,14/07/2011,Camden  London
BV21316435/1,June,Saville,16/12/2011,Croydon  Surrey
BV22206865/1,Joseph,Savu,31/01/2017,Thornton Heath  Surrey
BV22501775/1,Adrian John,Sawyer,15/06/2024,Ipswich  Suffolk
BV22015091/1,Ivan,Sawzcuk,11/09/2020,Bognor Regis  West Sussex
BV21706655/1,Sham Behari Lal,Saxena,29/01/2017,Bromley  Kent
BV20510334/1,Gary,Scaddon,12/10/2005,
BV2095436/1,Joseph,Scahill,28/03/2004,Stamford Hill  London N16
BV22422309/1,Julie Marie,Scanlan,25/06/2024,Stockport  Cheshire
BV21412670/1,John,Scanlon,23/05/2014,Portsmouth  Hampshire
BV21210841/1,Edgar,Schattschneider,26/07/2009,Libanus  Powys
BV22515933/1,Anthony,Schembri,01/06/2025,Hammersmith  London W6
ESTA26#13009/1,Christiane,Schenouda,11/04/2024,Isleworth  Middlesex
BV21921431/1,Gabriela Manuela,Scherer,23/12/2018,Bexleyheath  Kent
BV21710417/1,Marco,Schiavo,05/02/2017,Lewisham  London SE13
BV982310/1,Margaret,Schmit,13/03/1998,Holloway  London N7
BV22001269/1,Bernard Albert,Schneider,21/12/2002,Camberwell  London SE5
BV22502883/1,Jan,Schneider,06/11/2020,Hackney  London N1
BV995377/1,Harry,Schneiderman,20/05/1999,Birmingham  West Midlands
BV21206633/1,Alexander,Schoenberg,18/05/2008,Hythe  Kent
ESTA26#9439/1,Shefali,Scholefield,25/09/2022,Kingston Upon Thames  Surrey
BV21104496/1,Sheila,Schon,25/11/2010,Westcliff-on-Sea  Essex
BV2041672/1,Josef,Schonborn,27/10/2003,Ipswich  Suffolk
BV2023650/1,Gustav,Schultz,12/09/2000,Norwich  Norfolk
BV2004868/1,John,Schwartz,29/05/2000,Ludlow  Shropshire
BV2085422/1,Karl,Schwartz,25/05/2008,Canterbury  Kent
BV2013599/1,Yetta,Schwartz,25/02/2001,West Hendon  London NW9
BV2010946/1,Anthony Robert,Scoates,30/01/2001,Brompton  London  SW3
BV22411705/1,Brian Andrew,Scott,03/09/2015,Lambeth  London SW2
BV22103914/1,Brian Vivian,Scott,22/03/2020,Leeds  West Yorkshire
BV2014565/1,Eleanor Ellen,Scott,29/09/2001,Tenterden  Kent
BV2035835/1,John,Scott,28/04/2002,Durham
BV2003314/1,Margaret,Scott,27/07/1999,Newcastle Upon Tyne  Tyne & Wear
BV22305953/1,Penelope Susan Teresa,Scott,19/06/2017,Bridport  Dorset
BV22105136/1,Peter,Scott,12/11/2020,Lewisham  London SE13
BV22510902/1,Rose,Scott,10/04/2025,Streatham  London SW16
BV21815333/1,Samuel,Scott,25/01/2014,Westminster  London W2
BV2090694/1,Selina Amy Louisa,Scott,14/01/2009,Hornchurch  Essex
BV22011435/1,Susan,Scott,04/09/2019,Birmingham  West Midlands
BV2050427/1,Rosa,Scott-Smart,05/06/2003,Bradford  West Yorkshire
BV22002635/1,Charles James,Seaborne,30/12/2019,Hereford  Herefordshire
BV21802133/1,Jill Robina,Seaman,01/08/2017,Harwich  Essex
BV22306002/1,Keith,Searle,28/01/2021,Wembley  London HA9
BV21213045/1,Anthony Harry,Secker,21/10/2012,Peterborough  Cambridgeshire
BV21000598/1,Raymond,See,16/07/1997,Daventry  Northamptonshire
BV993940/1,Sidney,Segal,22/06/1999,Leyton  London E15
BV22007716/1,Bernard K,Seho,17/10/2006,Notting Hill  London W11
BV21919763/1,Dennis,Self,30/05/2018,Camden  London NW8
BV22405315/1,Alemia,Selhi,18/08/2022,Southall  Middlesex
BV21000199/1,Mervyn Leslie,Sellick,23/01/2007,Taunton  Somerset
BV992918/1,Agatha,Semak,10/03/1999,Aylsham  Norfolk
BV2004790/1,Ivan,Semcsyszyn,04/08/2000,Stafford Staffordshire
BV2093309/1,Anjali,Sengupta,02/12/2007,Camden  London NW1
BV2057109/1,Hermione,Senn,08/11/2004,Peckham  London  SE15
BV22205914/1,Alessandro,Serena,16/12/2021,Sydenham  London SE26
BV22007091/1,Huseyin Cahit,Serin,21/09/2019,Croydon  Surrey
BV2064585/1,Anna Margaretta,Sernstrom,04/05/2006,Stockton-on-Tees  Cleveland
BV2042341/1,Peter Daemon,Servis,05/10/1999,Brewood Staffordshire
BV976097/1,Anthony John,Seward,28/10/1996,Seaton  Devon
BV976162/1,Joseph,Sezenski,03/08/1997,Blackheath  London SE3
BV21913717/1,Syed Ali,Shah,16/07/2019,Bradford  West Yorkshire
BV22006148/1,Kerloncornelius Munroe,Shallow,08/12/2005,Ingham  Lincolnshire
BV2040818/1,Louisette,Shama,11/12/1996,Kensington  London W8
BV21606774/1,Reza,Shams-Nia,22/03/2016,Ilford  Essex
BV21709128/1,Michael,Shane,08/04/2015,Westminster  London SW1
BV22114119/1,Philippa Noel Priestley,Shanley,11/01/2021,Chertsey  Surrey
BV2074316/1,David Anthony,Shapley,07/01/2007,South Kensington  London SW7
BV22311612/1,Kausar Nawaz,Shariq,19/11/2022,Willesden  London NW2
BV2083992/1,Bhupinder Kumar,Sharma,09/05/2008,Whitechapel  London E1
BV21917930/1,Nicholas,Sharma,18/08/2019,Cardiff  South Glamorgan
BV970963/1,Florence,Sharp,28/01/1997,Archway London N19
BV21517328/1,Jennifer Margaret,Sharp,05/09/2015,Croydon  Surrey
BV22215295/1,Daniel John,Sharpe,13/05/2022,Diss  Norfolk
BV2080462/1,James Fitzroy Alexander,Sharpe,15/07/2000,Leicester  Leicestershire
BV22513095/1,Peter Richard,Sharpe,08/03/2025,St.Leonards-on Sea  Sussex
BV21620518/1,Albert Syon,Shashou,04/12/2012,Kensington  London W8
BV21710414/1,Sabah Edward Jacob,Shashova,03/03/2017,Lewisham  London SE13
BV21206458/1,Joan Marion,Shattock,28/04/1999,East Sussex
BV2048196/1,Constance Marjorie,Shaw,28/05/2004,Camden Town  London NW1
BV2070474/1,Jacquelyn Ann,Shaw,23/04/2005,Kingston upon Hull  East Yorkshire
BV21111841/1,Peter,Shaw,02/02/2010,Whitechapel  London E1
BV22307190/1,Raymond,Shaw,12/06/2021,Milton Keynes  Buckinghamshire
BV22404863/1,Steven,Shaw,13/02/2023,Huddersfield  West Yorkshire
BV22200475/1,Terence Rodney,Shaw,03/10/2020,Reading  Berkshire
BV21817240/1,Thomas,Shaw,24/11/1996,Purbrook  Hampshire
BV2090705/1,James,Sheehan,27/04/2008,Bangor  Gwynedd
BV22413687/1,Herta,Sheen,15/12/2021,Steyning  West Sussex
BV974288/1,Florence,Sheffler,24/01/1997,Cambridge  Cambridgeshire
BV22508392/1,Ng Yau,Shek,22/05/2023,Spout Nailsea  Somerset
BV983124/1,Henry,Sheldon,01/05/1998,Homerton  London E9
BV2012650/1,Edward,Sheldrake,27/05/1998,
ESTA25#3172/1,Lee,Shelton,25/02/2025,Derby  Derbyshire
BV21007284/1,Winifred,Shelton,19/11/2009,Glan Clwyd
BV21009365/1,Penelope,Shendon,21/04/2010,Denmark Hill  London SE5
BV2086452/1,Patricia Ann,Shenton,18/11/2007,Crewe  Cheshire
BV2034276/1,Hildegarde Magdalene Elisabeth,Shepherd,21/04/2003,Maidstone  Kent
BV2024433/1,Kenneth,Shepherd,22/09/2002,Burton on Trent  Staffordshire
BV972375/1,Patrick Desmond,Shepperd,22/01/1997,Kensington  London SW7
BV2095371/1,Harry,Sheridan,13/08/2008,Park Royal  London NW10
BV21604366/1,Peter Wallace,Sherwin,15/06/2014,Birmingham  West Midlands
BV985186/1,Violet Adelaide,Shields,20/08/1998,Croydon  Surrey
BV2066237/1,John,Shiels,18/08/2006,Cardiff  Glamorgan
BV22400694/1,John Paul,Shingleton,11/10/2023,Stockton-On-Tees  Durham
BV21619475/1,James,Shiong,10/05/2016,Camden  London NW1
ESTA25#3059/1,Clive John,Shipton,24/08/2025,Gloucester  Gloucestershire
BV972097/1,Francis William,Shipton,15/02/1997,Hampstead London NW1
BV2085311/1,Dorothy May,Shiret,24/04/2008,Lewisham  London  SE13
BV2000584/1,John Ernest,Shoesmith,25/01/2000,Harrow  Middlesex
BV21506426/1,William Frances,Short,04/03/2015,Slough  Berkshire
BV21916775/1,Clive,Shortell,02/02/2019,Camden  London NW1
BV21109675/1,Brian,Shortman,26/06/2011,Redhill  Surrey
BV2095439/1,Anthony,Shortt,22/02/2000,Highbury London N5
BV2096825/1,Margaret Edith,Shrubb,10/07/2009,Ilford  Essex
BV994484/1,Ahmed,Siad,14/08/1999,Luton Bedfordshire
BV2063174/1,Christopher,Sibley,20/02/2006,Paddington London W2
BV21716672/1,Sydney,Sibley,21/02/2017,Tottenham  London N15
BV22001874/1,Anne,Sibson,30/04/2007,Leicester  Leicestershire
BV21208827/1,Peggy,Sichell,21/07/2012,Lambeth  London  SE1
BV2030443/1,Mohammed,Siddique,06/11/2002,Ealing London W5
BV2094602/1,Gregoria,Sienika,16/12/2008,Stoke-on-Trent Staffordshire
BV2036915/1,Henryk,Siergun,07/10/2003,Westminister  London W9
BV21817704/1,Brian,Siggins,01/08/2018,Stevenage  Hertfordshire
BV2071618/1,Aida,Silva,10/02/2007,Lewisham London SE13
BV2066041/1,Luis Belardo Nunes,Silvano,13/05/2006,Horsham  West Sussex
BV2070722/1,Gloria Ann,Silverthorn,15/10/2006,Eastbourne  East Sussex
BV21412170/1,Marjorie,Simkins,20/01/2014,Darlington Durham
BV2093967/1,Joyce Mabel,Simmonds,21/04/2009,Ascot  Berkshire
BV22513203/1,Kenneth,Simmons,23/03/2004,Haywards Heath  West Sussex
BV20911258/1,Emerson George,Simons,15/11/2006,Hackney london  E8
BV2048225/1,Pauline,Simons,29/07/2004,Halifax  West Yorkshire
BV22516202/1,Annie,Simpkins,18/10/2003,London E13
BV2086928/1,Alexander,Simpson,15/10/2008,Orpington Kent
BV21303279/1,Aston Percival,Simpson,12/03/2011,Camberwell  London SE5
BV2071980/1,Christine,Simpson,15/04/2004,Newcastle upon Tyne  Northumberland
BV21808324/1,David,Simpson,05/01/2018,Stockport  Cheshire
BV22109489/1,David Charles,Simpson,08/01/2021,Newcastle Upon Tyne  Tyne and Wear
BV2071979/1,Joyce,Simpson,11/10/2006,Gosforth  Northumberland
BV2035100/1,Margaret,Simpson,07/07/2003,Ashington Northumberland
BV2066996/1,Michael,Simpson,08/09/2004,Finsbury Park  London N4
ESTA26#17247/1,Michael Alan,Simpson,25/09/2016,Darlington  County Durham
BV966739/1,Vera,Simpson,05/09/1996,Barnsley South Yorkshire
ESTA26#15006/1,Andrew Edward,Sinclair,16/11/2024,Hove  Brighton and Hove
ESTA25#5829/1,Antonio,Sinclair,09/04/2022,Warwick  Warwickshire
BV22015178/1,Cecilia Gertrude,Sinclair,04/05/2020,Lewisham  London SE13
BV2059854/1,Francis,Sinclair,09/12/1998,Wapping  London E1
BV22108262/1,Gaby,Sindic,30/12/2020,Luton  Bedfordshire
BV2072126/1,Balhairo,Singh,18/01/2007,West Bromwich  West Midlands
BV21003120/1,Daljit,Singh,25/12/2009,Birmingham West Midlands
BV21902425/1,Joyce,Singh,15/11/2007,Streatham  London SW16
BV994824/1,Mohinder,Singh,14/01/1999,Gillingham Kent
BV21506049/1,Mohinder Matharu,Singh,05/01/2015,Bradford  West Yorkshire
BV21308778/1,Phulwantjit,Singh,20/05/2013,Golders Green  London NW11
BV2067860/1,Sohan,Singh,04/12/2005,Huddersfield West Yorkshire
BV21421100/1,Surjit Kumar,Singh,07/08/2014,Leeds  West Yorkshire
BV2073879/1,Surugebal,Singh,01/03/2007,Redhill  Surrey
BV21417823/1,Vijay,Singh,04/06/2014,Daventry  Northamptonshire
BV21111116/1,Dev,Singh (Sohal),29/12/2010,Birmingham
BV2095442/1,Inge,Singleton,21/08/2001,Broadstairs Kent
BV2025832/1,Violet  Maud,Sinha,07/09/2002,North Finchley  London  N12
BV22010943/1,Sinnathambi,Sinnapillai,11/04/2020,Milton Keynes  Buckinghamshire
BV21815617/1,Mercury,Sir Ivan Hoe,26/12/2017,Worthing  West Sussex
BV995270/1,Abeysundara,Sirisena,09/09/1999,Chelsea London SW10
BV21915976/1,Kathleen Mary,Sisterson,08/09/2018,Hexham  Northumberland
BV2056373/1,Sandrasegara,Sivanseyal,04/02/2005,Hammersmith London W6
ESTA26#4108/1,Derick,Skelly,18/10/2025,Barnstaple  Devon
BV993187/1,Patricia  Margaret,Skelton,11/04/1999,Middlesbrough  Cleveland
BV21100389/1,William,Skerrett,19/11/2010,Hackney  London E9
BV2041490/1,Irena,Skibinski,21/04/2003,Islington  London N1
BV2060596/1,Robin Anthony John,Slaney,22/03/2004,Weston-Super-Mare  North Somerset
BV22016502/1,Theresa Elizabeth,Slark,08/09/2020,Slough  Berkshire
BV2071066/1,William Forster,Slater,23/07/2006,Blaydon  Tyne & Wear
BV21617794/1,Michael,Slawycz,10/03/2016,Whipps Cross  London E11
BV22305437/1,Robin Leonard,Sleap,02/11/2022,Bournemouth  Dorset
BV21800104/1,Gintaras,Slepikas,15/08/2012,Brent  London NW10
BV22205296/1,Ursula Blandine Laura Adelheid,Slevogt-Clark,05/02/2022,Watlington  Oxfordshire
BV22421861/1,Christine Ann,Slinger,30/09/2024,Leicester  Leicestershire
BV2095445/1,V,Slizys,15/09/2003,Derby Derbyshire
BV983410/1,Joseph,Sloan,23/05/1998,Swindon Wiltshire
ESTA25#3629/1,Thomas,Sloane,11/01/2019,Grimsby  Lincolnshire
BV21008913/1,Antoni,Slusarczyk,29/12/2008,Chelmsford Essex
BV2078143/1,Frederick,Small,28/04/2007,Fulham  London SW6
BV22415225/1,Keith,Small,12/05/2023,Hounslow  Middlesex
BV22212468/1,Mary,Small,14/07/2022,Deptford  London SE8
BV21008589/1,Primrose,Smart,09/02/2010,Wolverhampton  West Midlands
BV21409090/1,Irenie,Smart-Buck,08/05/2014,Southampton  Hampshire
BV21915410/1,Anna Ewa,Smialek,07/04/2017,Wakefield  West Yorkshire
BV2004216/1,Adrianna,Smith,11/07/2000,Barnet  Hertfordshire
BV2040451/1,Alice,Smith,25/02/2003,Norwich Norfolk
BV21618463/1,Anthony John,Smith,08/10/2016,Redhill  Surrey
BV22517205/1,Anthony Leonard,Smith,29/07/2025,Halstead  Essex  CO9
BV975167/1,Arthur,Smith,24/07/1997,Cardiff  Vale of Glamorgan
BV2014947//1,Arthur,Smith,18/07/2001,Exeter  Devon
BV21516808/1,Barbara,Smith,06/11/2014,Bradford
BV22010607/1,Barry Martin,Smith,07/09/2014,Newport  Isle of Wight
BV21302314/1,Bernard John,Smith,05/12/2012,Birkenhead  Wirral
BV21209654/1,Catherine,Smith,24/01/2010,Whitechapel  London E1
BV21814411/1,Celia,Smith,10/05/2017,Carshalton  Surrey
BV2055819/1,Charles,Smith,18/02/2004,Oxford Oxfordshire
BV2030119/1,Charles,Smith,23/10/2002,Lewisham  London SE13
BV991271/1,Charles,Smith,09/01/1999,Leeds  West Yorkshire
BV2057126/1,Charles Harold,Smith,15/03/2005,Bromley  Kent
BV2002009/1,Charlotte,Smith,15/12/1999,Leytonstone London E11
BV21919461/1,Christopher Dennis,Smith,15/09/2019,Gloucester  Gloucestershire
BV22319275/1,Clive John,Smith,07/12/2019,Clapham  London SW4
BV21304252/1,Colin Ernest,Smith,26/01/2013,Nottingham  Nottinghamshire
BV983994/1,David,Smith,01/07/1998,Farnborough  Kent
BV2020953/1,David Andrew,Smith,24/07/1999,Redditch  Worcestershire
BV21915965/1,Dolores Zambrana Ramos,Smith,27/12/2012,Battersea  London SW11
BV2081950/1,Dorothy,Smith,05/04/2007,Clacton-on-Sea Essex
BV2080624/1,Dorothy Joan,Smith,20/12/2006,Bromley  Kent
ESTA25#3459/1,Dorothy Maud,Smith,01/08/2025,Hengoed  Caerphilly
ESTA26#11463/1,Edmund George,Smith,19/03/2024,Portsmouth  Hampshire
BV21008128/1,Edwin R,Smith,31/08/2009,Sutton Coldfield
BV2071180/1,Elizabeth,Smith,08/12/2006,Leeds West Yorkshire
BV2047599/1,Elizabeth,Smith,27/08/2002,Gloucester Gloucestershire
BV22507997/1,Ellen Mary,Smith,01/10/2021,Halifax  West Yorkshire
BV2062009/1,Emma,Smith,26/04/2005,Hemel Hempstead  Hertfordshire
BV2023086/1,Evelyn Mary,Smith,17/03/2002,Whitchurch Shropshire
BV21502300/1,Frederick,Smith,05/08/2014,Kent  Medway
BV2001657/1,Frederick,Smith,22/03/1999,Chatham  Kent
BV21401946/1,Geoffrey,Smith,06/03/2013,Camden  London  NW1
BV2011256/1,Geoffrey Charles,Smith,13/02/2001,Battersea London SW1
BV2066021/1,George,Smith,08/08/2006,Bradford West Yorkshire
BV22014914/1,George Cecil,Smith,12/06/2020,Harrow  Middlesex
BV2077110/1,Harry,Smith,29/08/2007,
BV2013797/1,Hilda,Smith,18/04/2001,Hampstead  London  NW3
ESTA26#18644/1,Horace,Smith,18/04/2014,Nottingham  Nottinghamshire
BV22403868/1,Ian,Smith,28/01/2024,Stafford  Staffordshire
BV21105963/1,Jack,Smith,13/02/2011,Oxon
BV21813672/1,Jacqueline,Smith,01/05/2012,Romford  Essex
BV21114212/1,James,Smith,28/07/2011,Chichester  West Sussex
BV22003346/1,James John,Smith,31/01/2019,Gillingham  Kent
BV22005019/1,Jamil,Smith,10/09/2014,Nottingham  Nottinghamshire
BV21006667/1,Jimmy,Smith,21/02/2010,Dartford  Kent
BV995581/1,Joan,Smith,07/08/1999,St John's Wood  London NW8
BV2070806/1,John Geoffrey,Smith,14/01/2007,Ashton-Under-Lyne  Lancashire
BV22404283/1,John Gilbert,Smith,30/10/2023,St Leonards On Sea  Sussex
BV21716533/1,John Leslie,Smith,08/01/2017,Birmingham  West Midlands
BV2065377/1,Jonathan,Smith,25/12/1999,Clevedon  Bristol
BV975808/1,Joseph,Smith,05/11/1996,Hillingdon  Middlesex
BV980910/1,Josephine,Smith,11/02/1998,Colindale  London NW9
BV22519246/1,Julia,Smith,30/04/2020,Darlington  County Durham
BV22207784/1,Kathleen,Smith,09/11/2012,Abergavenny  Gwent
BV21111114/1,Kenneth,Smith,12/06/2011,Birmingham
BV2063678/1,Leslie,Smith,10/02/2006,Swansea  Glamorgan
BV2073611/1,Lester Chauncey,Smith,19/11/2006,London N18
BV22502193/1,Lucean,Smith,27/09/2024,Walsall  West Midlands
BV983941/1,Lucille Lucien,Smith,09/07/1998,Bromley-by-Bow  London E3
BV984616/1,Madelene,Smith,01/09/1998,Southend on Sea  essex
BV21709010/1,Mareanthe,Smith,20/08/2015,Maida Vale  London W9
BV21519029/1,Maria Theresa,Smith,02/01/2015,Peterborough  Cambridgeshire
BV2044224/1,Mary,Smith,12/06/2004,Watford  Hertfordshire
BV21703809/1,Mary Agnes,Smith,11/10/2012,Bradford  West Yorkshire
BV21901577/1,Mary Eileen,Smith,15/01/2018,Oldbury  West Midlands
BV21112095/1,Maureen,Smith,04/02/2008,Highgate Hill  London
BV21604280/1,Maureen,Smith,28/12/2015,Kirklees  West Yorkshire
BV22309994/1,Michael,Smith,16/04/2023,Leytonstone  Essex
BV22104599/1,Patricia Mary,Smith,11/01/2021,Petersfield  Hampshire
BV22414855/1,Peter John,Smith,26/04/2023,Colchester  Essex
BV22000908/1,Philip,Smith,11/04/2007,Dewsbury  West Yorkshire
BV21721136/1,Philip,Smith,30/05/2017,Barnsley  South Yorkshire
ESTA26#14890/1,Raymond Charles,Smith,24/02/2025,Portsmouth  Hampshire
BV2015139/1,Richard,Smith,04/08/2001,Swindon  Wiltshire
BV22107147/1,Richard John,Smith,10/03/2020,Woking  Surrey
BV990129/1,Ronald,Smith,04/09/1998,Horncastle  Lincolnshire
BV975136/1,Semek Binti,Smith,09/05/1997,Bristol
BV22422768/1,Shirley,Smith,22/09/2024,Romford  Essex
BV981660/1,Silvana Maria,Smith,15/01/1998,Milton Keynes  Buckinghamshire
BV2064113/1,Simon,Smith,06/03/2006,Standford in the Vale  Oxfordshire
BV977066/1,Stanley Arthur,Smith,19/10/1997,London SE1
BV2051646/1,Stefan,Smith,17/12/2004,Huddersfield  West Yorkshire
BV2047546/1,Stephen,Smith,04/10/2004,Nottingham  Nottinghamshire
BV21810060/1,Stephen,Smith,31/10/2017,Bradford  West Yorkshire
BV21619992/1,Syra,Smith,27/09/2016,Orpington  Kent
BV2090923/1,Thomas,Smith,03/02/2009,Pembroke Dock  Pembrokeshire
BV2081801/1,Thomas Bryan,Smith,15/10/2007,Worthing  West Sussex
BV992594/1,Thomas Michael,Smith,15/02/1999,Lambeth  London SE1
BV21514752/1,Trevor,Smith,16/02/2015,Luton Bedford
BV2090668/1,Violet Ann,Smith,22/12/2008,Brighton  East Sussex
BV22109111/1,William,Smith,12/06/1998,Leeds  West Yorkshire
BV2010792/1,William,Smith,06/02/2001,Purley  Surrey
BV991073/1,Winifred,Smith,22/09/1998,Northfleet Kent
ESTA26#15220/1,Aaron,Smith-Elliot,25/06/2022,Aldershot  Hampshire
BV21010300/1,Robert,Smith-Simpson,28/06/2009,Brighton  East Sussex
BV2013764/1,William,Smyth,12/11/2000,Sutton  Surrey
BV980855/1,George,Smythe,10/12/1996,Banbury Oxfordshire
BV992804/1,Helen,Smythe,23/12/1998,Portsmouth  Hampshire
ESTA25#4000/1,Regina,Snell,23/03/2024,Northwood  Middlesex
BV21201725/1,Gertrude,Snelling,08/02/2005,East Horsley  Surrey
BV22110147/1,John Vincent,Snelling,04/08/2019,Denmark Hill  London SE5
BV21410386/1,Philip,Snowden,24/05/2014,Retford  Nottinghamshire
BV2050449/1,Chung Chim,So,29/07/2004,Homerton  London  E9
BV981303/1,Peter,Soames,23/06/1997,Colchester  Essex
BV2090972/1,Jose Maria,Soares,13/01/2009,Croydon Surrey
BV21419057/1,Harold John,Sobelson,07/10/2014,Romford
BV2059397/1,Marie,Sobelson,10/01/2003,Plaistow  London E13
BV980039/1,Ann,Solomon,05/10/1997,Croydon London CR0
BV21004585/1,Angela,Solomons,05/10/2006,Portsmouth Hampshire
BV21407455/1,Clive,Somerfield,13/02/2014,Watford  Hertfordshire
BV22202233/1,Maria,Somodi,25/05/2019,Banbury  Oxfordshire
BV2012229/1,Antonina,Soms,07/03/2001,West Bromwich  West Midlands
BV2064038/1,Heldur,Soode,21/06/2005,Streatham London SW16
ESTA26#12876/1,Clara Placido,Sotto,22/04/2026,Basildon  Essex
BV21115975/1,Carole Anne,South,09/11/2011,Sutton Coldfield  West Midlands
BV2077884/1,Paul A'Becket,Southey,21/08/2007,Edmonton  London  N18
BV22004337/1,Derek Nigel,Southgate,31/12/2018,Frimley  Surrey
BV21415314/1,Kenneth Walter,Southorn,25/07/2014,Rotherham  South Yorkshire
ESTA26#17268/1,Zillah Amelia,Sowerby,04/06/2020,Darlington  County Durham
BV980607/1,Stefan,Sowko,07/12/1997,Coventry West Midlands
BV22004210/1,Dennis,Spalding,22/12/2018,Gillingham  Kent
ESTA26#14873/1,Robert Steven,Sparks,27/03/2026,Oakley Square  Camden London NW1
BV2013017/1,Elsie,Sparrow,17/12/2000,Newcastle Upon Tyne  Tyne and Wear
BV2020805/1,John,Spence,27/11/2001,Oxford Oxfordshire
ESTA26#17400/1,Ronald,Spence,09/07/2022,Margate  Kent
BV2040878/1,Arthur James Nelson,Spencer,04/08/2003,Guildford  Surrey
BV21212057/1,Mary,Spencer,17/09/2012,Lincoln  Lincolnshire
BV2041240/1,Phyllis Doreen Patricia,Sperling,29/11/2002,Dorking  Surrey
BV21106501/1,Brian,Spiers,15/01/2008,Gt. Bookham  Surrey
BV2001209/1,Brenda,Spiller,26/09/1999,Westminster  London SW1
BV2065066/1,Audrey,Spilling,28/06/2006,Ilfracombe  Devon
BV20510318/1,Frank,Spiteri,21/09/2005,Cardiff
BV2012797/1,Edith,Spratt,06/11/2000,Macclesfield Cheshire
BV2001177/1,Evelyn Mary,Spray,30/07/1998,Nottingham  Nottinghamshire
BV21517542/1,Labeebah,Spridgen,08/05/2015,Romford  Essex
BV2087925/1,Arthur Ian,Springfield,03/10/2008,Hull East Riding of Yorkshire
BV2086152/1,Roger,Springham,21/05/2008,Isleworth Middlesex
BV21817250/1,Louisa May,Squibb,19/08/2012,Salisbury  Wiltshire
BV2062718/1,Gordon,Squier,07/11/2004,Letchworth  Herts
BV2061681/1,Robert,Squires,15/02/2006,Wincanton  Somerset
BV22513168/1,Aleksander,Sredanovic,16/02/2024,Weston-super-Mare  North Somerset
BV21004116/1,Mary Joan,Stacey,17/02/2010,Dartford  Kent
ESTA25#3284/1,David,Stafford,05/09/2025,Stockport  Cheshire
ESTA26#18647/1,Marjorie May Valerie,Stainer,26/05/2026,Farnborough  Hampshire
BV22317093/1,Matthew,Standley,12/05/2023,Birmingham  West Midlands
BV21513825/1,Maximillian,Stanford,09/06/2015,Ryde Isle of Wight
BV2025496/1,Terence,Stanford,08/08/1999,Carshalton  Surrey
BV21708587/1,Adam Justyn,Staniek,12/10/2016,Bristol
BV21308429/1,Paul Martin,Staniforth,05/03/2013,Sheffield  South Yorkshire
BV2052973/1,Stojan,Stankovic,14/08/1999,Palmers Green  London  N13
BV2084586/1,Patricia,Stanley,22/04/2008,Bloomsbury  London WC1
BV21301875/1,Peter Ronald,Staples,19/04/2012,Penarth  Vale of Glamorgan
BV2023784/1,Constance,Stapleton,18/03/2000,
BV2055956/1,Agnes,Star,19/06/2005,Chadwell Heath Essex
BV976928/1,Javo,Starisavlijevic,24/07/1997,Stoke on Trent  Staffordshire
BV21811103/1,Michael Nelson,Starling,13/04/2018,Lambeth  London SW16
BV21404570/1,Nina,Staroselska,22/11/2013,Stevenage  Hertfordshire
BV2055720/1,Walter George,Starr,24/06/2005,Southend-on-Sea  Essex
BV2033788/1,Jonas,Stasiulis,14/08/2002,Nottingham Nottinghamshire
BV2080527/1,Kazimierz,Stec,09/12/2007,Nottingham Nottinghamshire
BV2024194/1,Irene,Steele,29/05/2002,Stoke-on-Trent  Staffordshire
BV21900447/1,Sergio,Stefanini,19/01/2011,Romford  Essex
BV21913251/1,Alfred Rodney,Stelfox,25/04/2019,Tavistock  Devon
BV21618180/1,Sheila,Stemp,30/12/2014,Colchester  Essex
BV22411823/1,Anna Marie,Stenson,08/04/2024,Cwmbran  Gwent
BV21518560/1,Nicholas John,Stent,24/01/2015,Kingston upon Thames  Surrey
BV2079301/1,Lucie,Stepanski,18/11/2002,Upper Holloway  London N19
BV2034409/1,Margaret,Stephens,23/03/2003,Newcastle  Northumberland
BV22510702/1,Noelle Elizabeth,Stephens,23/11/2016,Southampton  Hampshire
BV22106011/1,Sheila June,Stephens,06/04/2021,Reading  Berkshire
BV21911915/1,Terence Philip,Stephens,24/09/2018,New Malden  Surrey
BV21918714/1,Lowhen,Stephenson,12/01/2018,Westminster  London W2
BV21816689/1,Richard,Stephenson,27/05/2017,Bury St Edmunds  Suffolk
BV22507999/1,Sharon Teresa,Stephenson,28/11/2021,Wolverhampton  Staffordshire
BV2077985/1,Alice,Stern,05/09/2005,Ilford  Essex
BV972942/1,Anthony Peter,Stevens,25/02/1997,
BV983427/1,Bryan,Stevens,28/04/1998,Kingston upon Thames  Surrey
BV2053649/1,Darryl Keith,Stevens,26/02/2005,Birmingham  West Midlands
BV21307449/1,Doreen,Stevens,09/04/2013,Hornsey  London N8
BV22417412/1,Hilary,Stevens,27/11/2022,Wanstead  London E11
BV21304637/1,John Stanley,Stevens,11/03/2013,Bristol  South Gliucestershire
BV21806284/1,Robert Pomeroy,Stevens,30/05/2017,Sidmouth  Devon
BV2020456/1,Walter,Stevens,24/11/2001,St. Leonards-on-Sea  East Sussex
BV21207330/1,Amanda,Stevenson,10/05/2012,Harrogate  North Yorks
BV995730/1,Anna,Stewart,19/10/1999,Southampton  Hampshire
BV2060642/1,Elizabeth,Stewart,08/10/2005,Morpeth  Northumberland
ESTA26#12723/1,Eric Robin,Stewart,21/01/2026,Cramlington  Northumberland
BV22516133/1,Ian,Stewart,03/05/2025,Leytonstone  London E11
BV22413588/1,John,Stewart,30/06/2021,Haywards Heath  Sussex
BV2025673/1,Oswald,Stewart,16/03/1998,Leeds  West Yorkshire
BV980182/1,Phillip John,Stewart,26/04/1998,Barnet  Hertfordshire
BV21518140/1,Richard,Stimpson,23/09/2015,St Leonards -on -Sea  East Sussex
BV22108837/1,Robert,Stinson,15/04/2020,Leeds  West Yorkshire
BV2098009/1,Elizabeth Robson,Stirling,09/07/2009,Hounslow  Middlesex
BV2022384/1,Jean Mary,Stirrups,25/04/2002,Bath  Somerset
BV2004922/1,Norman,Stobbs,21/08/2000,Gateshead  Tyne & Wear
BV21513192/1,John Anthony,Stoddard,06/01/2015,Southall  London UB1
BV2021727/1,Samuel,Stoddard,02/03/2002,New Malden  Surrey
BV2003125/1,Ruby Monica,Stokes,12/03/2000,Lewisham  London SE13
BV22109120/1,Zhamal,Stokes,04/02/2021,Letchworth Garden City  Hertfordshire
BV993715/1,Annie,Stone,28/05/1999,Whitechapel  London E1
BV22311561/1,Anthony William,Stone,02/02/2023,Torquay  Devon
BV2060399/1,George,Stone,12/08/2005,Park Royal  London  NW10
BV22515925/1,Ian,Stone,25/12/2024,Mansfield  Nottinghamshire
BV2033355/1,Robert Richard,Stone,22/04/2003,Dover  Kent
BV2057178/1,Sylvia,Stone,23/08/2000,Birkenhead  Mersyside
BV21314090/1,George Christopher,Stoney,25/04/2009,Knaresborough  North Yorkshire
BV2066145/1,Melvyn John,Stopher,11/09/2006,Stowmarket  Suffolk
BV2002787/1,Barbara Evelyn Wickham,Storey,03/02/2000,Birmingham  West Midlands
BV21819828/1,John Gordon,Storey,21/07/2018,Grimsby  Lincolnshire
BV2090795/1,Vera,Storey,20/01/2009,Bradford  West Yorkshire
BV22302773/1,Helen,Storm,21/12/2022,Frome  Somerset
BV22117391/1,Helen Clare,Storm-Clark,10/10/2020,Chertsey  Surrey
BV22415241/1,Christina Joan,Stott,15/12/2023,Chelmsford  Essex
BV21620662/1,Patricia Thornburn,Stott,18/10/2015,Solihull  West Midlands
BV22105997/1,Rose Esther Marie,Strachan,20/12/2020,Bedford  Bedfordshire
BV22413699/1,Christian Mark,Stratta,17/03/2023,Westminster  London W2
BV21902429/1,Phyllis Nanette,Streames,13/04/2007,Dorchester  Dorset
BV2078723/1,Gloria May,Strong,06/10/2007,Halesowen  West Midlands
BV994075/1,Dorothy Selina,Stroud,14/07/1999,Okehampton  Devon
BV21411721/1,Kazimerz,Struzik,25/12/2009,Alfreton  Derbyshire
BV2064191/1,Dorothy,Stuart,17/06/2006,Lambeth  London SE1
BV21611466/1,Stephen,Stuart-Younger,09/04/2016,Guildford  Surrey
BV2010575/1,Anton,Stucers,19/10/1998,Aylesbury  Buckinghamshire
BV21612372/1,Maria Delia,Styler,10/02/2016,Woolwich  London SE18
BV21713598/1,Abdul,Subhan,27/01/2017,Bradford  West Yorkshire
BV985130/1,Subhi,Subhedar,16/07/1998,Lambeth  London SE1
BV21611242/1,Ginankumarn Karthiygen,Subramaniam,03/04/2016,Sydenham  London SE26
BV21915973/1,Irene Sinclair,Succamore,04/01/2017,Braintree  Essex
BV2093189/1,Avinash,Suchak,17/10/2008,Carshalton  Surrey
BV21910785/1,John Joseph,Suckling,28/03/2016,Sudbury  Suffolk
BV2000337/1,Santuran,Suemangal,25/09/1999,Hackney  London E8
BV973001/1,Mary,Suffield,08/05/1997,Harrogate  North Yorkshire
BV2000429/1,Khairy,Sukhon,25/10/1999,Ilford  Essex
BV971232/1,Karus,Sulcs,04/01/1997,Bedford  Bedfordshire
BV22000829/1,Daniel,Sullivan,22/03/2004,Stanwick  Northamptonshire
BV2078147/1,Daniel Malachy,Sullivan,23/09/2007,Birmingham  West Midlands
BV2014607/1,Denis,Sullivan,27/02/2001,Kenton  Middlesex
BV21317636/1,Elene,Sullivan,06/03/2013,Goodmayes  Essex
BV22319330/1,James,Sullivan,10/10/2022,Tooting Bec  London SW16
BV22000072/1,Jean,Sullivan,17/04/2005,Camden  London WC1
BV2068002/1,John,Sullivan,20/01/2001,Aylesbury  Buckinghamshire
BV21911852/1,John Joseph,Sullivan,27/05/2019,Swindon  Wiltshire
BV22503273/1,Michael,Sullivan,03/10/2020,Shrewsbury  Shropshire
BV21505859/1,Paul Dennis,Sullivan,16/08/2013,Bristol  Avon
BV22007928/1,Raphael Robert,Sullivan,11/03/2020,Fareham  Hampshire
BV2083472/1,Thomas Joseph,Sullivan,01/02/2008,Oxford  Oxfordshire
BV21306652/1,Gerda,Sumray,04/05/2013,Brighton  East Sussexx
BV22115597/1,Acin,Supriatna,12/04/2020,Finchley  London N12
BV2030448/1,Gladys Evelyn,Surgey,13/12/2002,Caterham  Surrey
BV992687/1,Leon,Sushko,06/05/1999,Darlington  Co. Durham
BV21302909/1,Kenneth,Sutherland,24/05/2010,Denmark Hill London SE5
BV2086614/1,Teresa,Suto,01/03/2008,Sidcup  Kent
BV2010480/1,Archibald Robert,Sutton,05/10/2000,Hounslow
BV21900455/1,Dorothy,Sutton,05/09/2013,Clapham  London SW4
BV21203872/1,John David,Sutton,18/11/2011,Romford  Essex
BV21716730/1,Henry,Svaluck,03/12/2016,Ealing  London W5
BV973563/1,Mary,Swan,26/10/1996,Newcastle upon Tyne  Northumberland
BV976164/1,Peter John,Swanborough,06/10/1997,Issoire  France
BV21919538/1,Heindrich,Swanepoel,03/10/2012,Marrakech  Morocco
BV2093313/1,Leslie James,Swann,31/03/2008,Tooting  London SW17
BV973470/1,Mary Eileen,Swanton,12/09/1996,Barnet  Hertfordshire
BV21815123/1,Tucker Emmanuel Ian,Swartz,11/07/2018,Houghton le Spring  Tyne and Wear
BV2078527/1,Frank,Swebodzinski,07/07/2007,Bournemouth  Dorset
BV21413732/1,Sidney,Swift,11/10/2013,Stepney Green  London  E1
BV2013403/1,Kathleen,Swords,16/03/2001,Hillingdon  Middlesex
ESTA26#17254/1,Elizabeth,Sykes,19/05/2026,Bradford  West Yorkshire
BV993180/1,Iris Helen,Syme,17/06/1999,Clapham  London SW4
BV21010039/1,Jean,Symonds,28/07/2010,Stafford  Staffordshire
BV22500330/1,Philip Fredrick,Symons,16/06/2024,Salisbury  Wiltshire
BV2058823/1,Wladyslaw,Synowiec,27/09/2005,Dartford  Kent
BV21007570/1,Stephen,Szabadi,30/05/2010,Chelsea  London SW10
BV2004176/1,Jon,Szabat,18/10/1999,High Wycombe  Buckinghamshire
BV2064042/1,Leslie,Szabo,30/04/2006,Highgate  London N6
BV2032219/1,Steven,Szabo,17/09/2002,Birmingham  West Midlands
BV22405313/1,Teresa Abonyl,Szamosy,13/12/2021,Hounslow  Middlesex
BV2066173/1,Anna,Szczerbaj,29/01/1997,Newton Abbot  Devon
BV22108467/1,Zofia,Szeliga,30/09/2019,Westminster  London W9
BV21509979/1,Piotr,Szopa,02/05/2011,Hackney  London  E5
BV22005374/1,Stanislaw,Szostak,11/07/1997,Leeds  West Yorkshire
BV2043329/1,Alice Gertrude,Szoun,26/10/1998,
BV2000592/1,Ignacy,Szpak,20/11/1999,Bristol
BV2092036/1,John Henry,Szubert,04/08/2008,Barnet  Hertfordshire
BV2065671/1,Jan,Szulc,16/01/2006,Coventry  West Midlands
BV22101793/1,Kekesharu,Taback,08/11/2020,Acton  London W3
ESTA25#3620/1,Robert,Taindag,24/06/2009,Cardiff  South Glamorgan
BV22321133/1,Craig Anthony,Talbot,28/10/2022,Newport  Gwent
BV2021068/1,Maeve Veronica,Talbot,25/09/2001,Kingston upon Thames  Surrey
BV21406169/1,Peter Allan,Talbot,10/03/2014,Colwyn Bay
BV2030449/1,Rose,Talbot,03/01/2001,Oxford  Oxfordshire
BV2005143/1,Bernhard,Tallmeister,16/09/2000,Cardiff  South Glamorgan
BV2040548/1,Anton,Tamm,03/04/2001,Birmingham  West Midlands
BV21907103/1,Shaan,Tandon,19/02/2019,Camden  London NW6
BV976433/1,Wladyslav,Tanistra,12/10/1997,Aylsham  Norfolk
BV22510853/1,Mihaly,Tankzos,11/10/2021,Hackney  London E5
BV21208252/1,Julian David,Tanner,04/05/2012,Woking  Surrey
BV21211251/1,Max Jean,Tanner,05/05/2012,Burgess Hill  West Sussex
BV22315858/1,Wacharapon,Tapaniyavong,02/01/2023,Westminster  London W2
BV22507034/1,Alexandra Clair,Tapp,29/06/2024,Worthing  Sussex
BV2059399/1,Paula,Tapper,02/02/2005,
BV2032163/1,Zigmunt,Tarasiewicz,18/02/2003,Chesterfield  Derbyshire
BV21106273/1,William Albert,Tarbitt,06/12/2010,Stevenage  Hertfordshire
BV21509274/1,Lilian Violet,Tatum,05/02/2015,Woolwich London
BV994804/1,Barbara,Taylor,08/10/1999,London W2
BV2025615/1,Bertie Edward,Taylor,06/11/2002,Bristol
BV2076550/1,David,Taylor,26/07/2007,Homerton  London E9
BV2036208/1,Edna Walsh,Taylor,25/06/2003,Leeds  West Yorkshire
BV21402984/1,Eileen,Taylor,05/06/2013,Holloway  London N7
BV2015077/1,Eileen,Taylor,31/07/1999,Leeds West Yorkshire
BV2091561/1,Elizabeth,Taylor,23/11/2007,Maida Vale  London  W9
BV21816098/1,Eric Roger,Taylor,04/06/2018,Sheffield  South Yorkshire
BV22013971/1,Geoffrey,Taylor,23/02/2020,Sutton in Ashfield  Nottinghamshire
BV2021388/1,George,Taylor,15/12/2001,Tooting  London SW17
BV21010148/1,Gordon,Taylor,06/02/2010,St Leonards on Sea  East Sussex
BV2072615/1,Henry,Taylor,18/05/2001,Lambeth  London SW16
BV2077793/1,Henry George Babatunde,Taylor,05/12/2006,St Pancras  London  WC1
BV2096206/1,Ivy,Taylor,16/12/2008,Lambeth London SW4
BV21201110/1,James,Taylor,02/04/2010,
BV21214175/1,John,Taylor,12/05/2012,Camberwell  London SE5
BV972010/1,John Patrick,Taylor,18/12/1996,Cheadle  Cheshire
BV21305921/1,Joseph Neil,Taylor,02/03/2013,Sheffield  South Yorkshire
BV21909106/1,Leslie James,Taylor,21/01/2017,Norwich  Norfolk
BV2005174/1,Louis,Taylor,24/02/1999,Carshalton  Surrey
BV22002994/1,Marguerite,Taylor,16/12/2019,Dagenham  Essex
BV22422726/1,Marion,Taylor,17/03/2024,Romford  Essex
BV990263/1,Mary,Taylor,01/02/1998,Peacehaven East Sussex
BV2097700/1,Noreen Inez,Taylor,20/08/2009,Hull  Humberside
BV2078055/1,Owen Lloyd,Taylor,24/07/2007,Lambeth London SW12
BV22403144/1,Peter John,Taylor,04/06/2023,Abergavenny  Gwent
BV2046775/1,Peter William,Taylor,10/07/2004,Birmingham West Midlands
BV2080241/1,Sarah,Taylor,13/10/2007,Berkeley  Gloucestershire
BV2022078/1,Walter,Taylor,24/03/2002,Saltburn  Redcar & Cleveland
BV2012706/1,Edward Peter,Teague,23/05/2001,New Milton  Hampshire
BV22400326/1,Rosemary,Teague,10/11/2023,Margate  Kent
BV22407627/1,Michael,Tehrani,04/04/2023,Birmingham  Warwickshire
ESTA25#5827/1,Sardar,Tejendrashingh,22/04/2024,Cambridge  Cambridgeshire
BV21305384/1,Adolfo,Telleria,30/03/2013,Southampton  Hampshire
BV990383/1,Terence Richard,Terander,01/11/1998,Lambeth  London SW8
BV21300961/1,David,Terry,20/06/2011,Durham   County Durham
BV21404019/1,Helen Fisher,Thayre,26/12/2013,Cambridge  Cambridgeshire
BV2011382/1,Barbara Nellie,Theinert,13/03/2000,Braintree  Essex
BV21411202/1,Andreas,Theodorou,11/01/2014,Peckham  London SE15
BV2079568/1,Erini,Theodorou,02/11/2004,Kentish Town  London NW5
BV22202440/1,Costas,Theori,18/01/2017,Westminster  London W2
BV21721504/1,George Albert,Thirion,20/11/2017,Bournemouth  Dorset
BV21919659/1,Arulayah Sinnayah,Thiruchelvam,12/08/2019,Westminster  London W2
BV22414431/1,Alan,Thomas,14/02/2024,Criccieth  Gwynedd
BV22001001/1,Dennis,Thomas,28/02/2012,Rhyl  Denbighshire
BV2061669/1,Freda,Thomas,06/12/2005,
BV21206194/1,Frederick,Thomas,18/04/2010,Cardiff
BV22117962/1,Frederick Alwin,Thomas,21/05/2019,Hackney  London E9
BV2002370/1,Glyndwr,Thomas,20/03/2000,Bristol
BV2013359/1,Helja Gemina,Thomas,13/03/2001,Plymouth  Devon
ESTA26#10695/1,John James,Thomas,24/06/2023,Swansea  West Glamorgan
BV2057952/1,John Norman,Thomas,30/04/2005,Croydon  Surrey
BV21903199/1,Joseph Albert,Thomas,07/10/2017,Birmingham  West Midlands
BV22414414/1,Louise Vaughan,Thomas,18/05/2023,Hereford  Herefordshire
BV21012083/1,Margaret Sheila,Thomas,03/04/2009,Dover  Kent
BV21201682/1,Marion,Thomas,17/10/2010,Croydon  Surrey
BV22006364/1,Matthew,Thomas,30/10/2012,Edmonton  London N18
BV2040842/1,Melba,Thomas,01/08/2003,Southsea  Hampshire
BV2024155/1,Michael,Thomas,02/10/2001,Uxbridge  Middlesex
BV21910840/1,Norman,Thomas,04/12/2018,Lewisham  London SE13
BV2055396/1,Reginald,Thomas,11/02/2002,Bristol
BV22102947/1,Rita Joyce,Thomas,22/12/2019,Kensington  London W10
BV21506040/1,Robert Vivian,Thomas,31/05/2013,Bangor  Gwynedd
BV22217857/1,Sheila Mary,Thomas,09/07/2020,Cardiff  South Glamorgan
BV21815667/1,Suzie,Thomas,19/04/2017,Lambeth  London SE1
BV21304678/1,Trevor Augustine,Thomas,24/09/2012,North Finchley  London N12
BV22420616/1,Christopher John,Thompson,09/02/2019,Brighton  Sussex
BV21514416/1,Clifford Aloysius,Thompson,02/02/2015,Hackney  London E8
BV21517245/1,Cyril,Thompson,08/01/2015,York  North Yorkshire
BV700528/1,Enid Mary,Thompson,27/04/1980,Sutton  Surrey
BV22205288/1,James,Thompson,24/12/2020,Colliers Wood  London SW19
BV22309482/1,Keeley Louise,Thompson,03/07/2020,Weston-super-Mare  Somerset
BV21803938/1,Lydia,Thompson,19/01/2018,Prudhoe  Northumberland
BV2093098/1,Marjorie,Thompson,03/04/2009,Trimdon Station  Co Durham
BV22300378/1,Monserrat Gabarro,Thompson,06/12/2021,Battersea  London SW11
BV9700180/1,Thomas,Thompson,18/11/1996,Isleworth  London TW7
BV2048339/1,Thomas Wilks,Thompson,16/10/2004,Berwick upon Tweed  Northumberland
BV2022571/1,William,Thompson,19/02/2002,Leeds  West Yorkshire
BV2085006/1,Frederick,Thomsett,18/04/2001,Redhill  Surrey
BV22108694/1,Hugh,Thomson,28/03/2006,Burton upon Trent  East Staffordshire
BV2072681/1,John David,Thomson,03/10/2006,Cricklewood  London NW2
BV22410334/1,Pamela,Thomson,15/02/2024,Sunderland
BV21603671/1,Stephen,Thomson,25/05/2015,Bentley  Hampshire
BV22307330/1,Richard James,Thorn,30/12/2022,Cambridge  Cambridgeshire
BV22515922/1,David Malcolm,Thornton-Soothill,06/12/2024,Leeds  West Yorkshire
BV21913254/1,William,Thoroughgood,19/04/2019,Acton  Ealing  W3
ESTA26#14474/1,Frederick Barrie,Threlfall,17/11/2024,Wigan  Greater Manchester
ESTA25#3591/1,Hugo,Thurnes,25/07/2023,Romford  Essex
BV990060/1,Raymond Julien Van,Thuyne,05/01/1999,
BV21107675/1,Sean,Tighe,26/05/2011,Poole  Dorset
BV2043758/1,Frederick,Tilley,21/04/2004,Ringwood  Hampshire
ESTA26#10629/1,Richard,Tilley,27/12/2025,Bedford  Bedfordshire
BV2071955/1,Howard,Tingle,04/09/2006,Caterham  Surrey
BV2011365/1,Marie,Tinmay,23/02/2000,Barnet  Hertfordshire
BV22119663/1,Nancy,Tippen,13/04/2021,Eastbourne  East Sussex
BV22504814/1,Caroline Jane,Tippin,28/06/2023,Upper Norwood  London SE19
BV22108087/1,Yvonne Joan,Tivey,27/04/2021,King's Lynn  Norfolk
BV990975/1,Wladyslaw,Toborek,05/01/1999,Bedford  Bedfordshire
BV21905876/1,Concepcion,Todd,28/12/2018,Battersea  London SW11
BV992270/1,John,Todd,02/01/1999,Leeds  West Yorkshire
BV22417301/1,Nicholas,Todd,14/08/2024,Bedford  Bedfordshire
BV21409419/1,Keith Richard,Tolfree,14/03/2014,Bromley  Kent
BV2066153/1,Rafal,Tomaszewicz,02/04/2003,Llandudno  Conwy
BV2035134/1,Wlodinierz,Tomaszewicz,08/04/2003,Birmingham  West Midlands
BV22213793/1,Evaristo Gomes,Tomaz,17/10/2021,St Leonards on Sea  Sussex
BV21009367/1,Michael,Tomkinson,07/03/2006,Stoke on Trent  Staffordshire
BV2087996/1,Ronald,Tomkinson,26/09/2008,Stoke-on-Trent  Staffordshire
BV2059406/1,Evelyn,Tomlinson,27/06/2002,Handsworth  West Midlands
BV2024328/1,Evelyn,Tomlinson,04/03/2002,Histon  Cambridgeshire
BV22417575/1,Stephen,Toner,09/09/2014,Hammersmith  London NW10
BV21514419/1,Victor,Tooley,27/07/2015,Whittlesey  Cambridgeshire
BV21011900/1,John,Torkildfen,22/03/2003,Hounslow  Middlesex
BV21807077/1,Chun,Torode,11/01/2018,Plymouth  Devon
BV2098733/1,Magdelaina,Tosheva,30/03/2009,Camden  London NW6
BV2084055/1,Lawrence,Toth,29/04/2008,Bradford  West Yorkshire
BV21811705/1,John,Toumey,29/05/2017,Radlett  Hertfordshire
BV2098369/1,Beatrix,Towers,10/01/2009,Croydon  Surrey
ESTA26#12578/1,Malveen,Towers,01/12/2025,South Cave  East Riding of Yorkshire
BV2065222/1,Peter George,Towns,09/06/2006,Westcliff- on Sea  Essex
BV21108821/1,George Alexander,Townsend,26/04/2006,London NW8
ESTA26#10560/1,William,Townsley,14/04/2025,Scunthorpe  Lincolnshire
BV22001434/1,Patrick,Tracey,13/10/2001,Tooting  London SW17
BV22106386/1,Maurice John,Trainer,10/01/2020,Birmingham  West Midlands
BV21914165/1,Stephen,Trainor,31/12/2009,Maida Vale  London W9
BV2035906/1,Stojan,Trajkovic,11/03/2003,Derby  Derbyshire
BV2021791/1,Michael Vincent,Tran,07/04/2002,Tower Hamlets  London E1
BV21210185/1,Xuan Cheung,Tran,15/08/2011,Colchester  Essex
BV2063396/1,Anneliese,Tranter,07/09/2005,Nottingham  Nottinghamshire
BV2001914/1,Beryl Joyce,Tranter,29/03/2000,Birmingham  West Midlands
BV21507357/1,Gordan Alan,Tranter,01/11/2014,Wolverhampton  West Midlands
BV21504465/1,Cyril James,Travers,18/02/2014,Rochester  Kent
BV971756/1,Milan,Trbojevic,20/01/1997,Bradford  West Yorkshire
BV22313994/1,Hilda Grace,Treadway,13/09/2022,Harrow  Middlesex
BV22217658/1,David John,Treddinick,13/11/2019,Sheffield  South Yorkshire
BV2001033/1,Lisselotte,Tremmel,08/12/1999,
BV22310745/1,Leslie,Treu,24/09/2022,Doncaster  South Yorkshire
BV21606704/1,John William Leslie,Trickett,02/01/2016,Birmingham  West Midlands
BV22217831/1,Lai Duc,Trieu,03/04/2020,Southwark  London SE1
ESTA26#10640/1,John Raymond,Trott,21/08/2024,Hensingham  Cumbria
BV2014971/1,Mr Mouth of,Truth,11/09/2001,Weymouth Dorset
BV22100353/1,Sau Kwan,Tsang,08/02/2019,Camden  London NW3
BV22314168/1,Sau Nin,Tsang,03/02/2022,Hackney  London E5
ESTA26#14981/1,Yau Fat,Tse,21/12/2020,Denmark Hill  London SE5
BV22005892/1,Maria,Tucholska,16/12/2010,Islington  London N7
BV982330/1,Betty Annie,Tuck,18/02/1998,Swansea  Glamorgan
BV972926/1,Frederick William,Tucker,11/01/1997,Chard  Somerset
BV22015879/1,Valerie Mary,Tucker,23/08/2020,Clevedon  Somerset
BV21919793/1,James John,Tuckwell,17/10/2019,Andover  Hampshire
BV2057888/1,Anthony,Tuitt,29/05/2005,Highgate  London N6
BV21707300/1,Kay,Tully,09/02/2017,Withernsea  East Riding of Yorkshire
BV21003738/1,Vicente Alfonso,Tunas-Fontan,13/11/2009,Kingston upon Thames  Surrey
BV2041073/1,Aksel,Tungas,01/11/2003,Leicester  Leicestershire
BV21506434/1,Maud,Tuohy,10/11/2013,Islington   London N7
BV2032657/1,Cyril George,Tupp,06/10/2001,Westminster  London SW1
BV2084935/1,John,Turfitt,02/06/2008,Hammersmith  London W6
BV21409575/1,Alice Eugenie,Turmaine,23/01/2012,Dover  Kent
ESTA26#12722/1,Alfred Sylvanus Ayo,Turner,29/11/2025,Westminster  London W2
BV21200254/1,Barbara Doreen,Turner,18/01/2011,Southwark
BV21314078/1,Eva Mary,Turner,07/08/2002,Twickenham  Middlesex
ESTA25#3426/1,Evelyn,Turner,15/12/2022,Rochford  Essex
BV21203980/1,Gladys,Turner,11/03/2012,Bristol  North Somerset
BV2067854/1,Hilda,Turner,03/04/2001,South Ockendon Essex
BV22106182/1,John Joseph,Turner,03/04/2020,Westminster  London W2
ESTA25#3432/1,Joyce Evelyn,Turner,14/08/2024,Orpington  Kent
BV20911257/1,Lily,Turner,29/06/2009,Hartshill  Staffordshire
BV2082598/1,Mark Anthony,Turner,15/03/2008,Durham
BV2067111/1,Rose,Turner,08/07/2006,Nottingham Nottinghamshire
BV22414663/1,Pavel,Turtak,09/04/2024,Southampton  Hampshire
BV21918436/1,Gernimo Jorge,Tusus-Platis,21/06/2019,Bristol  North Somerset
BV2022373/1,Catharine Elizabeth,Tweedale,24/11/2001,Newport  Isle of Wight
BV2060783/1,Molly,Tweedle,03/11/2002,Dulwich London SE22
BV21103645/1,Robert David,Twigg,24/01/2011,Solihull  West Midlands
BV2064147/1,Stephen,Twomey,24/05/2006,Slough  Berkshire
BV22115171/1,Alfred Arthur Thomas,Tye,10/12/2019,Ramsgate  Kent
BV973498/1,Beatrice,Tyler,08/05/1997,
BV2058685/1,Petro,Tymkiw,01/08/2005,Kings Lynn Norfolk
BV21205590/1,Pauline,Tymoszcuk,22/10/2007,Newham  London E12
BV2024030/1,John Aloysius,Tynan,25/07/2002,Battersea  London  SW11
BV21007982/1,James,Tyrone,06/12/2009,Kennington London SE11
BV21315126/1,Alan,Tyson,16/06/2013,Cuneo  South Turin  Italy
BV21714000/1,Andrej,Uchanski,23/02/2017,Southall  Middlesex
BV2081242/1,Muti,Ullah,16/01/2008,Leytonstone  London  E11
BV21004390/1,Johannes Marcus,Ullman,06/08/2010,Ashtead  Surrey
BV21212446/1,Anne,Ulrich,09/02/2002,Stockwell  London  SW9
BV22311590/1,Yoshimi,Umeda,02/06/2023,Harlow  Essex
BV2067247/1,Donald,Underhill,11/10/2006,Dorchester Dorset
BV21910898/1,Yatirlyalga,Upasena,03/01/2015,Chelsea  London SW10
BV2066530/1,Martha,Upchurch,17/09/2006,Peterborough Cambridgeshire
BV21111281/1,John Francis,Upton,21/07/2011,Dartford  Kent
BV22421269/1,Susanna,Urszovics,12/11/2023,Worksop  Nottinghamshire
BV21815461/1,John,Uzoma,14/07/2016,Camden  London NW3
BV2021203/1,Victor,Vabalas,06/02/2002,Redhill Surrey
BV22509026/1,Alexey,Vagin,25/03/2023,Oxford  Oxfordshire
BV21710462/1,Atul,Valia,29/12/2015,Barnet  Hertforshire
BV21614186/1,Jose Penas,Valino,15/03/2013,Tooting  London SW17
BV21911044/1,Louis Alberto,Valle-Jos,13/06/2019,Ealing  London W5
BV21515489/1,Mercedes,Valverde Ranchal,15/08/2015,Westminster London W2
BV21715455/1,Wilhelmina,Van Deenen,16/01/2017,Camden  London NW3
BV22420599/1,Jean Pierre,Van Der Krieken,25/09/2023,Bermondsey  London SE1
BV2020666/1,Margaret,Van Klingeren,05/01/2002,Earls Court London SW5
BV21701333/1,Thomas Waldemar,Van Wirdum,02/12/2016,Bath North East Somerset
BV21202970/1,Jeanette,Van Zyl,08/07/2008,Southampton  Hampshire
BV21007980/1,Thomas,Vance,13/04/2010,Park Royal London NW10
BV2010341/1,Sally,Vandyke,01/06/1998,Wirral
BV21916600/1,Millicent,Van-Edon,22/11/2018,Camden  London NW1
BV21911861/1,Marcelle,Vanruymbeke,01/04/2019,Bexleyheath  Kent
BV21214110/1,Peter,Vansittart,04/10/2008,Ipswich  Suffolk
BV967247/1,Idalena,Varella,17/09/1996,Braintree Essex
BV2091153/1,May,Vasello,11/12/2006,Tottenham London  N17
BV22318256/1,Peter Ivanov,Vasilev,11/12/2021,Winson Green  Warwickshire
BV976141/1,Mahinder Singh,Vason,16/10/1997,Croydon  Surrey
BV2094507/1,Thomas,Vaughan,04/02/2009,Southampton Hampshire
BV21000281/1,William,Vaughan,13/08/2009,Chepstow Monmouthshire
BV2075899/1,Jose Chacon,Vazquez,23/07/2006,Leicester  Leicestershire
BV22109758/1,Lenita,Vecchia,02/04/2020,Clapham  London SW4
BV2065491/1,Michael,Veder,14/08/2006,Hemel Hempstead  Herts
BV21806183/1,Periathambi,Veerappan,20/05/2017,Gillingham  Kent
BV2036927/1,Phillip,Veit,06/03/2001,
BV21702007/1,Audrey Patricia,Veitch,07/11/2016,Henfield  West Sussex
BV21403976/1,Ivar,Vejs,18/02/2014,Bath  Somerset
BV21910612/1,Anthony Frederick,Vella,01/05/2019,Cardiff  South Glamorgan
BV22510863/1,Lidia,Venegas,03/01/2023,Camden  London NW5
BV2036548/1,Dorothy,Venn,14/08/2003,Weston-super-Mare  North Somerset
ESTA26#10632/1,David,Venray,08/03/2024,Redhill  Surrey
BV22012507/1,Antonio Richardo,Verace,31/01/2019,Portsmouth  Hampshire
BV21114891/1,Clifford Leonard,Verity,22/09/2011,Halifax  West Yorkshire
ESTA26#17260/1,Paul,Vessey,14/01/2025,Scunthorpe  Lincolnshire
BV21004455/1,Maureen Margaret,Vick,28/10/2009,Rugby  Warwickshire
BV982468/1,Angela Mary,Vickery,10/05/1999,Northampton Northamptonshire
BV971571/1,Mabel Evelyn,Vickery,07/01/1997,Lee  London  SE22
BV2080638/1,Nickolas,Vicoras,01/10/2007,Pontypool  Gwent
BV2091123/1,Mary May,Vidler,18/01/2009,Lewisham London SE13
BV21204820/1,Rorie Alexander,Vieke,24/04/2011,Bristol
BV2065118/1,Alfred,Vigants,13/07/2006,Watford Hertfordshire
BV21702543/1,Janaki,Vijayatunga,30/08/2016,Uxbridge  Middlesex
BV2030451/1,Peter,Villacs,11/12/2002,Middlesbrough  Cleveland
BV2053309/1,Rosa Regoyos,Villalain,07/03/2005,Paddington London W2
BV21918249/1,Anthony,Villier,24/08/2019,Torquay  Devon
ESTA26#10615/1,Linus,Virginie,26/05/2025,Lambeth  London SE1
ESTA26#13339/1,David Ronald,Virgo,20/03/2026,Abergavenny  Gwent
BV21704172/1,Shanti,Virji,27/11/2006,Kettering  Northamptonshire
BV990011/1,Vivian Lancaster,Virtue,17/12/1998,Forest Hill London SE23
BV2081055/1,David Brian,Vivian,08/01/2008,Maidenhead  Berkshire
BV2033168/1,Maria,Volturale,19/12/2002,Lambeth  London SE1
BV21610550/1,Hanzt,von Muller,23/04/2016,Weston-super-Mare  North Somerset
BV21406820/1,Patricia,Von Webber,08/11/2012,Redhill  Surrey
BV21810341/1,Karl Ludvic Anthony,Von-Stroheim,18/04/2018,Finchley  London N12
BV2005903/1,Sevasti Catherine,Voulgaris,28/08/2000,Leeds  West Yorkshire
BV21906220/1,Bratislav,Vulovie,19/12/2006,Luton  Bedfordshire
BV970637/1,Anya,Vuls,04/01/1997,Southampton Hampshire
BV21301641/1,Janina,Wachowska,15/11/2006,Halifax  West Yorkshire
BV2074447/1,Kathleen Mary,Waddon,04/05/2007,Taunton  Somerset
BV21203353/1,Philip Haddon,Wade,04/12/2011,Newcastle upon Tyne  Northumberland
BV22416686/1,Valerie Gloria,Wade,07/09/2022,Scarborough  North Yorkshire
BV22411857/1,Alan,Wadkin,19/12/2022,Thornton Heath  Surrey
BV22309805/1,Sue,Wah Lim,19/12/2017,Slough  Berkshire
BV22318789/1,Zaharatulain,Wahab,26/07/2023,Westminster  London W2
BV21817760/1,Abdul,Wahed-Syed,05/09/2018,Camden  London NW1
BV2072475/1,Audrey Waring,Wainwright,25/09/2006,Sheffield  South Yorkshire
BV2003269/1,Una,Waite,13/03/1999,Lewisham London SE13
BV2061017/1,Winifred Mary,Waite,06/09/2005,North Kensington  London  W10
BV22406517/1,Annabelle,Walby,04/07/2021,Kidderminster  Worcestershire
BV2079404/1,Tadeuesz Dubno,Waleryan,27/10/2007,Wembley  Middlesex
BV21402524/1,Rosa,Walichnowski,08/07/2013,Peterborough  Cambridgeshrie
BV21306728/1,Ian,Walkden,21/01/2013,Stoke on Trent  Staffordshire
BV22216683/1,Brian,Walker,27/06/2021,Hackney  London E8
BV2065195/1,Christine,Walker,18/04/2005,Bromley Kent
BV981906/1,Dorothy,Walker,05/02/1998,Sheffield South Yorkshire
BV21307960/1,Jean Ann Barber,Walker,25/11/2012,Cleethorpes  North East Lincolnshire
BV2070609/1,Samuel,Walker,20/01/2005,Tipton  West Midlands
BV22017080/1,Stewart,Walker,05/04/2018,Coventry  West Midlands
BV985652/1,James,Walker-Smith,24/09/1998,Basingstoke  Hampshire
BV21714546/1,Naomi Helen,Wall,04/04/2017,St Leonards on Sea  East Sussex
BV2015384/1,Susan Christine Minna,Wallace,16/03/2001,West Bromwich  West Midlands
BV2022357/1,Cyril,Wallis,26/02/2002,Hackney  London E5
BV21004555/1,Toni,Wallis,19/06/2009,Brighton  East Sussex
BV21000516/1,Alan Michael,Walsh,25/12/2009,Wolverhampton  West Midlands
BV22301453/1,Alice,Walsh,18/09/2022,Taunton  Somerset
BV21718512/1,Ann,Walsh,18/08/2016,Birmingham  West Midlands
BV22001351/1,Anthony,Walsh,30/10/2019,Clapham  London SW4
BV21519021/1,Barbara,Walsh,09/11/2015,Swindon  Wiltshire
BV22116609/1,David,Walsh,02/12/2019,Tooting  London SW17
BV2064610/1,Gerald Bernard,Walsh,16/05/2006,Oxford  Oxfordshire
BV21201496/1,Graham Robert,Walsh,20/07/2009,Hornchurch  Essex
BV22306682/1,John,Walsh,14/02/2023,Ealing  London W5
BV992024/1,Mary,Walsh,26/02/1999,Stoke Newington  London  N16
BV2086413/1,Michael,Walsh,05/12/2006,Gateshead Tyne & Wear
BV2036774/1,Noel,Walsh,07/06/2003,Hammersmith London W6
BV2090975/1,William,Walsh,03/02/2009,Cardiff  Glamorgan
BV22421288/1,Brigid Mary Selena,Walshe,23/10/2024,Kingston Upon Thames  Surrey
BV22217106/1,David John,Walshe,08/09/2006,Westminster  London W2
BV2075197/1,Dudley,Walters,03/10/2006,Gilwern Monmouthshire
BV2072931/1,Mary,Walters,27/01/2006,Amersham  Buckinghamshire
BV2024213/1,Reginald Percy,Walters,03/06/2000,Bristol  NE Somerset
BV21013660/1,Richard Desmond,Walters,26/11/2009,Llangennech  Wales
BV2098812/1,Michele,Walton,08/08/2009,Leyton  London E10
BV21817924/1,Mao Gen,Wang,08/01/2017,Lambeth  London SE1
BV2045174/1,Po,Wan-Wan,19/04/2002,
BV21006102/1,Dorothy,Warcup,11/03/2010,Hull  East Riding of Yorkshire
ESTA26#12854/1,Peter,Warcup,11/02/2026,Hull  East Riding of Yorkshire
BV21004647/1,Arthur  Dennis,Ward,09/03/2010,Greenwich  London SE10
BV2093201/1,David John,Ward,27/04/2009,Borehamwood  Hertfordshire
BV21714301/1,Dereck,Ward,26/04/2017,Hull
BV2021268/1,Derek,Ward,22/01/2002,Northampton  Northamptonshire
BV2098442/1,Diana Clare,Ward,11/09/2009,North Shields  Tyne & Wear
BV2098962/1,Ilin,Ward,09/07/2009,Lewisham  London  SE13
BV21907855/1,Jean,Ward,08/02/2018,Gloucester  Gloucestershire
ESTA26#6526/1,John,Ward,10/12/2024,Birmingham  West Midlands
BV22217885/1,Keith Gary,Ward,11/07/2018,
BV22119652/1,Loretta Yvonne,Ward,12/04/2016,Hackney  London N1
BV22010730/1,Max Anthony Michael,Ward,01/10/2019,Bromley  Kent
BV20911993/1,Michael,Ward,20/07/2009,Newcastle Upon Tyne  Northumberland
BV2058650/1,Roger,Ward,08/11/2003,Taunton  Somerset
BV2073742/1,Susan,Ward,15/08/2006,Stanmore  Middlesex
BV984459/1,Victor John,Ward,24/05/1998,Coventry  Warwickshire
BV21001979/1,Patrick,Wardell,26/01/2010,Cottington  East Yorkshire
BV22106813/1,Dara,Warden,24/06/2017,Westminster  London W2
BV2066665/1,Edmund,Wardle,26/04/2006,Brighton  East Sussex
BV21620437/1,John Clemence George,Warman,23/11/2015,Bromley
BV22305623/1,Mavis,Warmington,23/09/2021,Hackney  London E9
BV2036064/1,David,Warne,10/07/2003,East Dulwich  London SE22
ESTA26#4832/1,Ruth Mary,Warne,08/11/2024,Clacton-On-Sea  Essex
BV2062017/1,Berestine,Warner,13/01/2006,Birmingham  West Midlands
BV2033981/1,Phyllis,Warner,23/04/2003,Harrow  Middlesex
ESTA25#2449/1,John Murray,Warren,30/04/2021,Clacton-On-Sea  Essex
BV22502665/1,Graham Michael,Warrender,22/10/2024,Boston  Lincolnshire
BV21304669/1,Vincent,Warwas,14/08/2009,Warwick  Warwickshire
BV2066344/1,Arthur,Warwick,15/05/2006,Southampton  Hampshire
BV21508714/1,Dorothy,Warwick,23/05/2015,Polegate  East Sussex
BV21513398/1,Raymond,Warwick,02/04/2013,Hammersmith  London   W12
BV982610/1,Genowefa,Was,14/05/1998,Derby Derbyshire
BV2095496/1,Kazimierz,Wasnieswski,14/05/2009,Denmark Hill London SE5
BV21600408/1,Sylvia Mary,Wassell,20/08/2015,Birmingham  West Midlands
BV2059326/1,Andrew,Wassilensky,01/12/2004,Birmingham West Midlands
BV2001192/1,Lateena,Wassmuth,21/12/1999,Finchley London N3
BV973652/1,Joseph,Wasylak,24/11/1996,Leicester Leicestershire
BV22113469/1,John,Waters,31/12/2020,Fulham  London W6
BV22202698/1,Barry,Watkins,23/02/2017,Chester  Cheshire
BV2065821/1,Imogen Florence,Watkins,06/08/2006,Woolwich  London  SE18
BV2013765/1,James,Watkins,03/02/2001,Bristol
BV21307877/1,Leonard,Watkins,09/01/2013,Bradford  West Yorkshire
BV21306406/1,Brian Dixon,Watkinson,09/01/2005,Grimsby  Lincolnshire
BV22002462/1,Anthony Joseph,Watson,26/03/2011,Southampton  Hampshire
BV2042117/1,Betty Sheldon,Watson,04/02/2004,Sheffield  South Yorkshire
BV21305116/1,David John,Watson,17/01/2013,Sheffield
BV2065380/1,Dorothy,Watson,21/05/2006,Croydon  Surrey
BV21706977/1,Geoffrey,Watson,19/01/2017,Carlisle  Cumbria
BV20911907/1,George,Watson,07/12/2006,Hackney  London E5
ESTA26#10628/1,Irene,Watson,16/03/2025,Rowlands Gill  County Durham
BV2001450/1,Kathleen,Watson,26/12/1999,Barnet  Hertfordshire
BV2022041/1,Michael Thomas,Watson,06/02/2002,Hanwell  London  W7
BV22303601/1,Miriam,Watson,12/08/2022,Leeds  West Yorkshire
BV2098606/1,Sarah,Watson,14/05/2009,Denham  Middlesex
BV2021864/1,Veronica,Watson,19/02/2002,Nottingham  Nottinghamshire
BV2047861/1,John George,Watt,29/10/2004,Bury St Edmunds  Suffolk
BV2046773/1,J,Watters,,
BV22514460/1,John,Watthey,17/01/2020,Hucknall  Nottinghamshire
BV22006692/1,Gertrude Elizabeth,Watts,03/09/2018,Woolwich  London SE18
BV22104638/1,Raymond,Watts,27/12/2018,Canterbury  Kent
BV982293/1,Violet,Watts,19/02/1998,Upper Holloway  London  N19
BV2083837/1,Christopher Thomas,Waugh,12/03/2008,East Finchley  London N2
BV21515423/1,Mary Lindsay,Waugh,21/02/2015,North Shields  Tyne and Wear
BV21108963/1,Betty,Way,13/01/2004,Holsworthy Devon
BV21303281/1,Mohammed,Wazir,21/10/2004,Sheffield  Yorkshire
BV2001833/1,George,Wearn,13/01/2000,St Pancras  London NW1
BV2041254/1,David,Weatherston,28/10/2003,Hackney  London  E8
BV21806907/1,Alan Frederick,Weaver,08/11/2017,Bristol
BV2070577/1,Anna Louise,Webb,06/11/2006,Stockton on Tees  Cleveland
BV21515229/1,Everil Pauline,Webb,01/09/2015,Redditch  Worcestershire
BV21013712/1,Juliet,Webb,27/07/2010,Putney  London SW15
BV22001368/1,Stephen Michael,Webb,12/11/2000,Torquay  Devon
BV21208539/1,Dennis,Webber,29/03/2012,Taunton  Somerset
BV2024437/1,Betty Doreen,Webster,26/06/2002,Ashford  Kent
BV2095057/1,David Peter,Webster,10/05/2008,Southampton  Hampshire
BV2056354/1,Joseph,Wedderburn,28/04/2005,Birmingham West Midlands
BV21405929/1,Margaret Laurie,Wedderburn,09/02/2014,Southampton  Hampshire
BV2076042/1,William,Wee,20/10/2006,Buckley  Clwyd
BV2090657/1,Margaret Christine,Weedy,08/06/2002,Camden London NW3
BV21709065/1,Roy Everton,Weekes,14/02/2017,Deptford  London SE8
BV2002804/1,Barbara,Weese,09/01/1999,Acton  London  W3
BV21615792/1,Daniel,Wee-Tarit,15/06/2016,Tooting  London SW17
BV2001413/1,Johan John,Weger,30/12/1999,Chelsea  London SW3
BV21202933/1,Ronald Calder,Weightman,15/12/2011,Whitehaven  Cumbria
BV2056499/1,Josephine,Weir,02/02/2005,Maidstone  kent
BV976684/1,Henryk,Weksner,04/10/1997,London N2
BV21910082/1,Pauline Hilda,Welch,10/02/2019,Epsom  Surrey
BV22413361/1,Raymond,Wella,01/03/2024,Ilford  Essex
BV2025577/1,Bridget,Weller,09/06/2002,Grimsby Lincolnshire
BV2022583/1,Albert William,Wells,19/05/2002,Telford  Shropshire
BV22200111/1,Alfred Daniel,Wells,22/07/2016,Derby  Derbyshire
BV2042988/1,Joan,Wells,26/02/2003,Ilfracombe Devon
BV2093308/1,Lyla Elizabeth,Wells,03/04/2009,Camden London NW3
ESTA26#6358/1,Jane Ferguson,Welsh,06/12/2025,Gorleston  Norfolk
BV2012028/1,Andrij,Werenicz,04/04/2001,Huddersfield  West Yorkshire
BV22005970/1,Barbara Catherine,West,02/04/2014,Langport  Somerset
BV22508065/1,Frank,West,02/12/2023,Wootton Bridge  Isle of Wight
BV985400/1,Gwendoline May,West,11/09/1998,Catford  London SE6
BV21516005/1,John Frederick,West,26/06/2015,Barnstaple  Devon
BV21015276/1,Ron,West,06/11/2010,Putney London SW15
BV21306243/1,Sid,West,13/09/2006,Luton  Bedfordshire
BV22508938/1,Vanessa Jancis,West,08/02/2024,Ramsgate  Kent
BV985338/1,Kenneth,Western,25/10/1998,Carlisle
BV981154/1,Brian Francis,Weston,31/12/1997,Horley  Surrey
BV22016788/1,Carlene Dallas,Weston,04/11/2020,Norwich  Norfolk
BV21014363/1,Clive Alfred,Weston,26/10/2010,Smethwick  West Midlands
BV2093452/1,Edison Lincoln,Weston,03/04/2009,Hammersmith  London  W6
BV2037695/1,Lillian,Weston,03/09/2003,Oxford Oxfordshire
BV22418681/1,Yvonne,Weston,30/01/2024,Westbury  Wiltshire
BV22514065/1,Jill,Whale,10/02/2025,Retford  Nottinghamshire
BV2011050/1,Kathleen Marion,Whalley,07/12/2000,Westminster  London  SW1
BV22422711/1,Geoffrey,Wharton,17/08/2020,Darlington  County Durham
BV21308056/1,Margaret Nancy,Wheatcroft,03/04/2013,Sheffield  South Yorkshire
BV2058267/1,Henrietta Jane,Wheatland,02/07/2005,Worthing West Sussex
BV22000018/1,Charles Joseph,Whelan,01/02/1996,London Borough of Ealing
BV2003658/1,Luke,Whelan,17/12/1998,Leeds  West Yorkshire
BV22503323/1,Madeline,Whelan,02/09/2017,Isleworth  Middlesex
BV2092977/1,Michael John,Whelan,01/04/2009,Denmark Hill  London SE5
BV21013497/1,Nancy Nora,Wheldale,25/10/2010,Leicester Leicestershire
BV21814257/1,Raymond Desmond,Whitcher,29/08/2000,Bristol  
BV22409852/1,Carol Ann Lilian,White,20/01/2021,Tipton  Staffordshire
BV2014691/1,Catherine,White,14/08/1998,Ealing  London W5
BV2030331/1,Christopher,White,26/10/2002,
BV2084695/1,Clarence,White,21/03/2008,Chester
BV971930/1,David,White,01/01/1997,Bedford  Bedfordshire
BV21700979/1,David Jack,White,23/10/2016,Swindon  Wiltshire
BV2076490/1,Dorothy,White,19/03/2007,Stockport
BV2077986/1,Elizabeth,White,05/09/2007,Margate  Kent
BV2091878/1,Elizabeth,White,19/06/2007,Luton  Beds
BV993457/1,Emma Anna,White,03/06/1999,Portsmouth Hampshire
BV2070055/1,Florence,White,15/06/2006,Carterton  Oxon
BV21104001/1,Freda Pamela,White,28/06/2010,Putney  London SW15
BV991551/1,George,White,20/11/1998,
BV21210628/1,Jean Pauline,White,07/03/2011,Chelsea  London SW10
BV21202962/1,John George,White,12/01/2010,Sutton
BV21412775/1,Lebert James,White,29/08/2011,Birmingham  West Midlands
BV21905768/1,Lewis,White,06/12/2006,Hornchurch  Essex
BV21203794/1,Phyllis Florence,White,11/10/2011,Goodmayes  Essex
BV21212612/1,Rosemary Victoria,White,29/08/2012,Shepherds Bush London W12
BV2081354/1,Nora Frances,Whitehall,20/08/2007,Stoke on Trent  Staffordshire
BV991426/1,George,Whitehead,26/05/1998,Ramsgate Kent
BV2073739/1,Margarete,Whitehead,07/10/2006,Eastborne East Sussex
ESTA26#3045/1,Mary,Whitehead,17/07/2025,Barnstaple  Devon
BV22410736/1,Peggy-Anne,Whitehead,08/10/2023,Yeovil  Somerset
BV22318318/1,John,Whitehouse,09/06/2023,Wolverhampton  West Midlands
BV22108419/1,Nathaniel Krisstoffer,Whitehouse,03/01/2021,Swansea  Glamorgan
BV22405663/1,Peter James,Whitehouse,06/02/2023,Sutton Coldfield  Warwickshire
BV2077862/1,Ronald,Whiteside,08/03/1999,Kingston upon Thames Surrey
BV21410573/1,Alphonso,Whitfield,31/03/2013,Bradford  West Yorkshire
BV22014693/1,John,Whitfield,29/03/2020,Rotherham  South Yorkshire
BV21715412/1,Hazel,Whiting,18/07/2017,Saxmundham  Suffolk
BV21102166/1,Mair,Whiting,20/09/2010,Newport  Gwent
BV2062221/1,Ann Mary,Whitlam,30/11/2005,Nottingham Nottinghamshire
BV2003717/1,Elfriede Theresia,Whitman,25/05/2000,Wolverhampton West Midlands
BV21512438/1,Ossi,Whitney,14/01/2011,Clapham London SW4
BV2065963/1,Elsie May,Whittaker,01/08/2005,Blandford Forum  Dorset
BV22422996/1,Clive,Whittington,03/11/2023,Uxbridge  Middlesex
BV2005033/1,Joan Joyce,Whittles,24/07/2000,
BV21204562/1,Anne Margaret,Whitwam,30/11/2011,Huddersfield  West Yorkshire
BV2084593/1,Audrey,Whooton,10/05/2007,Doncaster South Yorkshire
BV21710194/1,Denis,Whyte,13/11/2016,Maida Vale  London W9
BV21208733/1,Henry,Whyte,28/11/2011,Bermondsey  London SE16
BV21009683/1,Gerhard,Wichary,19/02/2010,Wendover  Buckinghamshire
BV21811050/1,Peter,Wickenson,03/04/2017,Portsmouth  Hampshire
BV2030627/1,Harry,Wictorowicz,29/10/2002,Wilesden  London  NW10
BV21306162/1,Henry,Wieczorek,22/12/2010,Coventry  West Midlands
BV975436/1,Alex,Wiedner,14/08/1997,Holloway London N19
BV2031885/1,Karol,Wiglasz,27/12/2002,Bristol
BV21601407/1,Anthony,Wilcock,31/10/2013,Tower Hamlets  London E1
BV2060712/1,Wena,Wilcox,08/02/2001,Sydenham London SE26
BV2063294/1,Marian,Wilczynski,01/04/2006,Porthmadog  Gwynedd
BV2032170/1,Peter,Wilczynski,30/01/2002,Cheltenham  Gloucestershire
ESTA26#14874/1,John,Wild,04/04/2025,Leigh-on-Sea  Essex
BV2058354/1,Zofia Witkovia,Wilk,01/09/2005,Southall Middlesex
BV21210245/1,Frank,Wilke,02/08/2011,Dunstable  Bedfordshire
ESTA26#17251/1,Joan,Wilkins,24/01/2026,Gillingham  Kent
BV2055134/1,Frederick Arthur,Wilkinson,12/04/2005,Soke on Trent  Staffs
BV2065489/1,John,Wilkinson,03/02/2006,Crowthorne  Berkshire
ESTA26#14595/1,John,Wilkinson,18/02/2026,Hedon  East Riding of Yorkshire
BV2094239/1,Keith,Wilkinson,07/03/2009,Selby  North Yorkshire
BV2076393/1,Laura,Wilkinson,05/05/2007,Redditch  Worcestershire
BV2034118/1,Margaret,Wilkinson,25/04/2003,Bridlington  North Humberside
BV21316365/1,Raymond Alan,Wilkinson,16/06/2013,Hastings  East Sussex
BV21009499/1,Richard Smith,Wilkinson,19/12/2009,Halifax  West Yorkshire
BV21006490/1,John Emanuel,William,05/05/2010,Southall  Middlesex
BV21315131/1,Akinlolu Olaniran,Williams,26/07/2013,Sheffield  South Yorkshire
BV2081939/1,Akinola,Williams,16/02/2008,Northampton Northamptonshire
BV21704383/1,Ashley Charles Howell,Williams,23/02/2013,Pontardawe  West Glamorgan
BV21800747/1,Babtunde,Williams,17/07/2017,Lambeth  London SW8
BV21004629/1,Brenda,Williams,08/12/2009,Wombourne Staffordshire
ESTA26#17329/1,Brenda Joan,Williams,08/12/2025,Southampton  Hampshire
ESTA26#6541/1,David,Williams,11/11/2024,Southsea  Hampshire
ESTA26#6553/1,David,Williams,01/02/2026,Wrexham  Clwyd
BV2090874/1,David Gerald,Williams,03/11/2008,Stoke On Trent  Staffordshire
BV21510270/1,David Richard,Williams,26/01/2012,Bromley Kent
BV22004533/1,Dewi,Williams,03/11/2019,Bristol
BV2022113/1,Dorothy Olive,Williams,18/04/2002,Harrow Middlesex
BV2061115/1,Frances,Williams,24/11/2002,Deeside  Flintshire
BV2070580/1,Ganiyu Somorin,Williams,03/10/2006,Birmingham West Midlands
BV22201796/1,Grace Mamsie,Williams,17/03/2020,Newham  London E13
BV22507710/1,Graham,Williams,17/03/2022,Isleworth  Middlesex
BV2024403/1,Harold,Williams,12/07/2002,Worthing West Sussex
ESTA25#3600/1,Hurbert John,Williams,18/08/2025,Neath  West Glamorgan
BV22301577/1,Jeanette Violet,Williams,07/07/2022,Hayes  Middlesex
BV22107120/1,John,Williams,22/07/2020,Denmark Hill  London SE5
BV2025167/1,John Jacob,Williams,11/05/1997,Ruthin Denbighshire
ESTA26#14921/1,Karen Mary,Williams,25/04/2026,Sutton Coldfield  West Midlands
BV22303490/1,Kevin Leslie,Williams,04/09/2020,Hereford  Herefordshire
BV2061949/1,Leslie Albert,Williams,08/11/2003,Southampton Hampshire
BV2098575/1,Lionel Harris,Williams,22/09/2009,Cardiff  Glamorgan
BV2000615/1,Louisa Angelina,Williams,17/09/1999,Barnet  Hertfordshire
BV22201107/1,Michael Robert,Williams,18/01/2022,Cromer  Norfolk
BV2092299/1,Nathaniel Babatunde,Williams,22/02/2009,Birmingham West Midlands
BV981262/1,Noel John,Williams,25/12/1997,Lichfield  Staffordshire
ESTA26#10486/1,Peter,Williams,05/12/2025,York  North Yorkshire
BV21701977/1,Robert,Williams,19/10/2016,Camden  London NW3
BV2085713/1,Ronald,Williams,29/10/2007,Winchester Hampshire
BV21808988/1,Samuel Ademola,Williams,21/01/2016,Wanstead  London E11
BV22515968/1,Stephen,Williams,04/03/2025,Bristol  Bristol
BV22422051/1,Steven,Williams,30/10/2023,Wirral  Merseyside
BV21306654/1,Susan,Williams,24/11/2010,Lambeth  London SE1
BV2061376/1,Theresa,Williams,28/12/2005,Tower Hamlets London E1
BV22204849/1,Violet,Williams,18/06/2021,Harrow  Middlesex
BV2095403/1,Wilomena,Williams,02/05/2009,Shrewsbury  Shropshire
BV22400153/1,David,Williamson,23/02/2022,Dukinfield  Cheshire
BV2061806/1,Harry Brian,Williamson,05/05/2005,Nottingham Nottinghamshire
BV2085633/1,John,Williamson,15/01/2008,Westgate on Sea Kent
BV2053781/1,June Adey,Williamson,05/04/2005,Bournemouth  Dorset
BV2057094/1,Margaret Lilian,Williamson,03/07/2005,Clwyd
BV22420370/1,Margaret Jean,Willing,25/07/2022,Edmonton  London N18
BV2005828/1,Carlton,Willis,21/03/1999,Bridgend Mid Glamorgan
BV21817788/1,Christopher George,Willis,07/05/2018,Redhill  Surrey
BV2078813/1,Elizabeth,Willis,18/01/2004,New Cross London SE14
BV21610863/1,John,Willis,17/12/2014,Birmingham  West Midlands
BV982336/1,Josef,Willmitzer,17/04/1998,Carlisle  Lancashire
BV22207439/1,Cynthia,Willoughby,02/03/2006,Barnet  Middlesex
BV21106874/1,Irene Paula,Wilmot-Smith,26/09/2010,Alcester  Warwickshire
BV22001285/1,Alan David,Wilson,13/05/2002,Clapham  London SW4
BV2098520/1,Anne,Wilson,17/04/2009,Chesterfield  Derbyshire
BV21803827/1,Colleen,Wilson,07/11/2016,Camden  London NW8
BV2097364/1,Daniel,Wilson,27/08/2008,Islington  London N1
BV991408/1,Dennis Joseph George,Wilson,06/02/1999,Basingstoke  Hampshire
BV2002823/1,Eileen,Wilson,15/08/1999,Peterborough Cambridgeshire
BV21915931/1,Eileen Rose,Wilson,23/06/2019,Coventry  Warwickshire
BV21212269/1,George,Wilson,03/01/2012,Hammersmith London W6
BV2035833/1,George Morris,Wilson,26/05/2002,Whitechapel  London E1
BV21906309/1,Graham,Wilson,24/10/2018,Whitchurch  Bristol
BV991428/1,Herbert,Wilson,26/01/1999,Chelsea London SW3
BV21701127/1,Ida,Wilson,10/01/2017,Carlisle  Cumbria
BV21601797/1,Jacob Kobina,Wilson,30/11/2015,Leytonstone  London  E11
BV2014097/1,John,Wilson,16/03/1998,Plymouth Devon
BV21005195/1,Marie Louise,Wilson,25/02/2010,Euston London NW1
BV22016790/1,Mark Francis,Wilson,12/01/2019,Birkenhead  Merseyside
BV21711917/1,Maureen,Wilson,04/02/2016,Windsor  Berkshire
BV22402627/1,Peter,Wilson,11/12/2020,Lincoln  Lincolnshire
BV2048512/1,Peter John,Wilson,12/12/2004,Gillingham  Kent
BV2033894/1,Richard,Wilson,16/05/2003,Highgate Hill  London N19
BV21708920/1,Rupert Gerald,Wilson,03/10/2014,Harrow  Middlesex
BV21805470/1,Sheila,Wilson,22/10/2017,Farncombe  Surrey
BV22216956/1,Stanley,Wilson,16/11/2021,South Shields  County Durham
BV22217036/1,Thomas Henry,Wilson,11/08/2022,Banstead  Surrey
BV2060415/1,Wallace,Wilson,20/04/2004,Tooting London SW17
BV992412/1,William Flesher,Wilson,20/03/1999,Normanton  West Yorkshire
BV2082748/1,Gerald,Wilton,20/02/2008,Andover  Hampshire
BV991214/1,Jan,Winarski,17/02/1999,Whitechapel London E1
BV21314369/1,Edward Michael James,Winch,23/12/2008,Emsworth  Hampshire
ESTA26#12602/1,John Charles,Windmill,24/02/2026,Stevenage  Hertfordshire
BV22101169/1,Diana Helen,Windsor,16/02/2018,Hammersmith  London W6
BV21502604/1,Richard,Winfield,27/09/2014,Leeds  West Yorkshire
BV22206034/1,Maria,Winkler,17/01/2022,Hammersmith  London W6
BV2078929/1,Gertrude Mary,Winter,03/08/2005,Hemel Hempstead Hertfordshire
BV2023912/1,John Daniel,Winter,08/04/2001,Rickmansworth  Hertfordshire
BV2071185/1,Simon,Winter,21/12/2006,Slough Berkshire
BV22210408/1,Robert,Winwood,31/01/2021,Benfleet  Essex
ESTA26#10643/1,Barbara,Wise,19/02/2026,Harrogate  North Yorkshire
BV21308373/1,Oscar,Wisjeseri,22/09/2012,Broadstairs  Kent
BV2062644/1,Renata Matha,Witzig,21/04/2005,Balham  London  SW12
BV22109408/1,Jerzy,Wojdyr,01/11/2018,Leytonstone  Waltham Forest
BV2014250/1,Thomas Zigmell,Wojick,26/05/2001,Burton-on-Trent  Staffordshire
BV21310726/1,Antoni,Wojtaniec,25/04/2008,Bridgend  Wales
BV22007938/1,Vladimir,Wojtanowski,17/11/2013,Dover  Kent
BV21703910/1,Jan,Wojtkiewicz,16/03/2013,Llanelli  Dyfed
BV21505825/1,Arthur Karl,Wolfraum,21/02/2015,Westminster  London W1G
BV2092525/1,Charlotte Elizabeth Gertrude,Wombell,26/02/2009,Leicester Leicestershire
BV2053022/1,John Sheard,Womersley,15/09/2004,Ckeckheaton  West Yorkshire
BV22114121/1,Herbert Vivian,Wong,17/10/2019,Kensington  London W10
BV21400337/1,Ka Po,Wong,09/08/2013,Stafford  Staffordshire
BV22217956/1,Barbara,Wood,30/05/2021,Bognor Regis  Sussex
BV22207617/1,Dawn Daphne,Wood,10/03/2022,Southampton  Hampshire
BV2077936/1,Elizabeth,Wood,06/09/2007,Paignton  Devon
BV21614666/1,Elizabeth Ellen,Wood,04/01/2016,Salisbury  Wiltshire
BV2005244/1,Geoffrey,Wood,16/08/2000,Sheffield  South Yorkshire
BV2094584/1,Gordon,Wood,16/02/2009,Heckmondwike West Yorkshire
BV2057293/2,Henry,Wood,16/04/2000,Nuneaton  Warwickshire
BV990417/1,Jeanne Victoria,Wood,24/12/1998,Woking Surrey
BV22412954/1,Jill Millard,Wood,23/11/2020,Whitstable  Kent
BV21700977/1,John Arthur,Wood,10/05/2015,Tooting  London SW17
BV2085754/1,Leonard,Wood,04/01/2008,Hillingdon  Middlesex
BV985937/1,Leonard William,Wood,01/12/1998,Aylesbury  Buckinghamshire
BV2083722/1,Michael,Wood,18/04/2008,West Midlands
ESTA25#3173/1,Mildred,Wood,10/05/2025,Hoar Cross  Staffordshire
BV2032551/1,Millicent,Wood,14/03/2002,Stoke on Trent  Staffordshire
BV22310001/1,Stephanie,Wood,29/12/2021,Stoke on Trent  Staffordshire
BV22201325/1,George,Woodfinch,29/05/2021,Westminster  London W2
BV2024095/1,Iris Mary,Woodfine,05/08/2002,Welshpool  Powys
BV21910549/1,Ivy Gwendolene,Woodhams,24/08/2001,Birmingham  West Midlands
BV2082266/1,Elvet John,Woodhouse,07/03/2008,Brixton  London SW2
BV2061567/1,Eric Alphonso,Woodley,23/12/2005,Bristol
BV2043605/1,Edith Dorothea Agnes,Woodrow,26/04/2004,Rochester  Kent
BV21103649/1,Renata,Woods,07/08/2009,Whitstable   Kent
BV21001890/1,Thomas,Woods,16/12/2009,Gillingham  Kent
BV2024584/1,Elizabeth,Woolnough,12/08/2002,Barnet Hertfordshire
BV21107878/1,Ian Robert Bowndford,Woomans,11/03/2011,Solihull  West Midlands
BV2076028/1,Jan,Worobiew,13/04/2007,Westminster  London  SW1
BV2015627/1,Ian Edward Gordon,Worrall,09/11/2001,Isleworth  Middlesex
BV2011407/1,Herbert Fallows,Worsnop,03/03/2001,Aldershot  Hampshire
BV2033079/1,Bruno,Wozinski,14/10/2002,Westminster  London W1
BV2093264/1,Boleslaw,Wozniak,05/01/2009,Bangor Gwynedd
BV22410739/1,James,Wray,07/12/2023,Ashford  Kent
BV20911283/1,Violet,Wrench,10/09/2004,Winsford  Cheshire
BV21602988/1,Anne Bernadette,Wright,27/06/2014,Bexhill  East Sussex
BV21316184/1,Derek,Wright,28/03/2012,Ashford  Kent
BV2072402/1,Egbert Valentine,Wright,26/08/2006,Solihull  Birmingham
BV2043587/1,Elizabeth May,Wright,21/03/2004,Farnborough  Kent
BV21205910/1,Heather Primrose,Wright,16/04/2012,Luton  Bedfordshire
ESTA26#15026/1,Jean Hewgill,Wright,15/06/2020,Darlington  County Durham
BV22106025/1,Michael Karl,Wright,06/02/2021,Lewisham  London SE13
BV2035320/1,Parco Martino,Wright,10/07/2003,Wolverhampton  West Midlands
BV21422057/1,Robert,Wright,09/05/2007,Bristol
BV2082933/1,Ruth,Wright,31/10/2007,Luton  Bedfordshire
BV2020925/1,William James,Wright,23/12/2001,Thetford  Norfolk
BV2085438/1,Winston Anthony,Wright,18/05/2008,Birmingham  West Midlands
BV21210055/1,Joyce Rosemary,Wrigley,19/03/2012,Kingston upon Thames  Surrey
BV21602466/1,Elizabeth,Wyatt,18/12/2014,Kidlington  Oxfordshire
BV2030607/1,John Basil,Wyatt,01/01/2003,Gloucester  Gloucestershire
BV2081420/1,Francieslek,Wyka,10/12/2004,Slough  Berkshire
ESTA25#5816/1,Roger David,Wylde,18/08/2025,Swindon  Wiltshire
BV2013827/1,Delia,Wynne,19/02/2001,Euston   London NW1
BV2026080/1,Jean,Wynne,22/04/1997,Chelsea  London SW10
BV20910456/1,Walter Nathaniel,Wynter,28/12/2007,Hackney  London  E8
BV2057125/1,Michael,Wyse,11/03/2005,Hackney London E5
BV22108683/1,Yong Quin Qian,Xu,03/08/2019,Leyton  London E10
BV975052/1,Bertha,Yaffe,16/08/1997,Luton  Bedfordshire
BV2040117/1,Thi Kim Thanh,Yaffey,02/05/2003,Kingston-upon-Thames  Surrey
BV21910031/1,Kazuhiro,Yamamoto,26/05/2016,Camden  London WC2B
BV993092/1,John Yang,Yamazaki,20/06/1999,York North Yorkshire
BV22209497/1,Lawrence,Yao,16/04/2020,Romford  Essex
BV2020960/1,Alfred Donald,Yates,06/12/2001,Sheffield  South Yorkshire
BV21408963/1,Frederick Joseph,Yates,07/07/2008,Camden  London NW1
BV2033180/1,Marjory,Yates,13/01/2003,Maidenhead  Berkshire
BV2002420/1,Ronald,Yates,23/03/2000,Camden  London NW5
BV21206058/1,So,Yau,29/01/2012,Camberwell  London SE5
BV22409683/1,John Allen,Yearsley,12/04/2024,Westminster  London W2
BV2036019/1,David Anthony,Yeubrey,24/05/2003,Wolverhampton  West Midlands
BV2047450/1,Yung Tai,Yi,18/08/2004,Tower Hamlets  LondonE2
BV2061380/1,Amin Bin,Yoap,01/11/2005,Hammersmith  London  W6
BV22408331/1,James,Yorke,16/08/2023,Ramsgate  Kent
BV2015044/1,Anna,Young,30/10/2001,Bournemouth  Dorset
ESTA26#7800/1,Anthony Charles,Young,07/09/2024,Paignton  Devon
BV2002321/1,Ingeborg Dorothea Hilde,Young,25/12/1999,Sunderland  Tyne & Wear
BV21802668/1,Kenneth,Young,25/04/2017,Wokingham  Berkshire
BV21619282/1,Lawrence Robert,Young,26/08/2016,Weston-super-Mare  Somerset
BV2030929/1,Mabel Gertrude,Young,26/11/1999,Hackney  London  E8
BV21904087/1,Margaret,Young,10/04/2009,Camden  London NW1
ESTA25#3427/1,Philip John,Young,18/12/2023,Eastbourne  East Sussex
BV2013286/1,Robert,Young,21/11/1999,Clapham  London
BV22217320/1,Sharon,Young,07/11/2021,Denmark Hill  London SE5
BV21104295/1,William Joseph,Young,26/02/2011,Lancing  West Sussex
BV2080563/1,Ahmet,Youssuf,01/02/2007,Hackney  London E9
BV22508281/1,Helen Chin Seen,Yuen,07/08/2011,Ilford  Essex
BV21100719/1,Mohammed,Yunas,22/12/2010,Eye  Suffolk
BV21704026/1,Mohammed,Yusuf,28/02/2012,Thatcham  Berkshire
BV21713497/1,Salihu Ajadi,Yusuff,04/01/2017,Leeds  West Yorkshire
BV21802699/1,Mehmood,Zaidi,09/01/2017,Colindale  London NW9
BV974951/1,Antoni,Zajaczkowski,03/06/1997,
BV2015398/1,Ali,Zaman,13/10/2001,Westminster  London  SW1
BV22400241/1,Roshan,Zaman,24/12/2020,Slough  Berkshire
BV981995/1,Isabella,Zandarska,05/01/1998,Farnborough  Hampshire
BV2094421/1,George,Zasper,21/03/2008,Southwark  London SE1
BV2002446/1,Martha,Zavril,29/03/2000,Harrogate  Yorkshire
BV2074409/1,Eugene,Zawadka,06/03/2007,Lewisham  London SE13
BV22104162/1,Jerzy Jan,Zawadzki,17/10/2020,Bradford  West Yorkshire
BV970993/1,Jonas,Zazirskas,13/01/1997,Ashford  Middlesex
BV2072949/1,Zemund,Zegula,14/06/2004,Ryhill   West Yorkshire
BV21421761/1,Stephanie Emilie,Zelenko,01/11/2011,Hampstead  London NW3
BV9701063/1,Romuldas,Zemaitis,01/11/1996,Lymington  Hampshire
BV2000238/1,Juris,Zeme,17/12/1999,Durham  Co Durham
BV2097193/1,Maureen Philomena,Zetlein,22/05/2009,Milton Keynes  Buckinghamshire
BV983893/1,Josef,Zezlo,24/02/1998,Birmingham  West Midlands
BV22005379/1,Joseph,Zimbach,10/07/1988,Westminster  London NW8
ESTA26#10654/1,Georg Dieter,Zinn,16/01/2026,Littlehampton  West Sussex
BV2063048/1,Edmund,Ziolkowski,27/11/2004,Newton Abbott  Devon
BV21721122/1,Maya,Zlobec,06/08/2016,Southall  Middlesex
BV983461/1,Valentina,Znamensky,08/06/1997,Isleworth  Middlesex
BV2003134/1,Fred Edward,Zollinger,15/01/1997,Chobham  Surrey
BV21512030/1,Ferenc,Zsovak,28/05/2015,Northampton  Northamptonshire
ESTA26#17267/1,Krystyna,Zubicki,13/08/2016,Leicester  Leicestershire
BV2064615/1,Zofia,Zuk,15/09/2002,Newton Abbot  Devon
BV2072417/1,John,Zurowski,21/01/2007,Cheltenham  Gloucestershire
BV22003172/1,Waldemar Michajlo,Zydyczyn,01/02/2011,Islington  London N5
BV21211465/1,Gustaw,Zyllich,28/08/2012,Letchworth Garden City  Hertfordshire
